2025-06-28 04:55:13 - text_comparison.py:57 - ===============cnt=1 || material_id='m_00001a' || rule='基础产品销售信息' || label=None===============
2025-06-28 04:55:13 - text_comparison.py:62 - load data ../data/clean_data_qwen2.5-72b-instruct/materials/m_00001a/INTRODUCE_IMG/基础产品销售信息.txt...
2025-06-28 04:55:13 - text_comparison.py:62 - load data ../data/clean_data_qwen2.5-72b-instruct/materials/m_00001a/HEAD_IMG/基础产品销售信息.txt...
2025-06-28 04:55:13 - text_comparison.py:62 - load data ../data/clean_data_qwen2.5-72b-instruct/materials/m_00001a/CLAUSE/基础产品销售信息.txt...
2025-06-28 04:55:13 - text_comparison.py:62 - load data ../data/clean_data_qwen2.5-72b-instruct/materials/m_00001a/INSURE_NOTICE/基础产品销售信息.txt...
2025-06-28 04:55:13 - text_comparison.py:62 - load data ../data/clean_data_qwen2.5-72b-instruct/materials/m_00001a/LIABILITY_EXCLUSION/基础产品销售信息.txt...
2025-06-28 04:56:07 - text_comparison.py:92 - 0|1 result=有冲突。主险合同和附加险合同的保险期限不同，主险合同的保险期限为保险单载明的起讫时间为准，而附加险合同的保险期间由投保人与保险人协商确定，可以在保险单上载明。此外，对于保险金的申请，主险合同和附加险合同的要求也略有不同，例如主险合同要求提供保险金给付申请书、保险合同凭据、被保险人身份证明等，而附加险合同要求提供保险金给付申请书、保险合同凭据、被保险人的旅行证明、护照、签证、机票或车船票等。
2025-06-28 04:57:44 - text_comparison.py:92 - 0|2 result=【文件1】与【文件2】都有描述到的产品名称、附加条款信息、销售限制。

【文件1】中提到的基础产品销售信息：

- 产品名：众安在线财产保险股份有限公司旅行意外伤害保险
- 附加的条款信息：《众安在线财产保险股份有限公司旅行意外伤害保险条款（互联网）注册号：C00017932312021120404613》，条款内容详见《保险条款》。
- 销售限制：不适用于未成年人（自驾车意外伤害双倍给付部分）

【文件2】中提到的基础产品销售信息：

- 产品名：畅游境内旅行保险
- 附加的条款信息：包含多个条款信息，其中部分条款的注册号与【文件1】中提到的条款一致。
- 销售限制：投保人需满足一定条件，如年满18周岁且对被保险人有可保利益、有完全民事行为能力的自然人、每一被保险人有效保险期间限购一份，多投无效等。

【结果】有冲突。
2025-06-28 04:57:46 - text_comparison.py:106 - ===============cnt=1 || material_id='m_00001a' || rule='基础产品销售信息' || end_result=False===============
2025-06-28 04:57:46 - text_comparison.py:57 - ===============cnt=2 || material_id='m_00002a' || rule='赔付 & 领取规则' || label=None===============
2025-06-28 04:57:46 - text_comparison.py:62 - load data ../data/clean_data_qwen2.5-72b-instruct/materials/m_00002a/INTRODUCE_IMG/赔付 & 领取规则.txt...
2025-06-28 04:57:46 - text_comparison.py:62 - load data ../data/clean_data_qwen2.5-72b-instruct/materials/m_00002a/HEAD_IMG/赔付 & 领取规则.txt...
2025-06-28 04:57:46 - text_comparison.py:62 - load data ../data/clean_data_qwen2.5-72b-instruct/materials/m_00002a/CLAUSE/赔付 & 领取规则.txt...
2025-06-28 04:57:46 - text_comparison.py:62 - load data ../data/clean_data_qwen2.5-72b-instruct/materials/m_00002a/INSURE_NOTICE/赔付 & 领取规则.txt...
2025-06-28 04:57:46 - text_comparison.py:62 - load data ../data/clean_data_qwen2.5-72b-instruct/materials/m_00002a/LIABILITY_EXCLUSION/赔付 & 领取规则.txt...
2025-06-28 04:59:41 - text_comparison.py:92 - 0|1 result=根据提供的文件，以下是对于两份文件的“赔付 & 领取规则”的分析结果：

|  <thing>做出判断的简易理由 </thing> | <result>有冲突\无冲突</result> |
| --- | --- |
| 文件1 中的"意外伤害医疗给付"与文件2中的"意外伤害医疗给付"是否相同？ | 有冲突 |
| 文件1 中的"意外伤残保险金"与文件2中的"意外残疾保险金"是否相同？ | 有冲突 |
| 文件1 中的"意外身故保险金"与文件2中的"意外身故给付"是否相同？ | 有冲突 |
| 文件1 中的"意外伤残保险金"与文件2中的"意外伤残给付"是否相同？ | 有冲突 |
| 文件1 中的"意外伤害住院补贴给付"与文件2中的"意外伤害住院补贴"是否相同？ | 有冲突 |
| 文件1 中的"高风险运动意外伤害给付"与文件2中的"高风险运动意外伤害医疗给付"是否相同？ | 有冲突 |
| 文件1 中的"猝死给付"与文件2中的"意外身故给付"是否相同？ | 有冲突 |
| 文件1 中的"特定意外身故及伤残给付"与文件2中的"特定意外伤害给付"是否相同？ | 有冲突 |
2025-06-28 04:59:41 - text_comparison.py:99 - results: [True]
2025-06-28 04:59:41 - text_comparison.py:106 - ===============cnt=2 || material_id='m_00002a' || rule='赔付 & 领取规则' || end_result=True===============
2025-06-28 04:59:41 - text_comparison.py:57 - ===============cnt=3 || material_id='m_00003a' || rule='责任免除' || label=None===============
2025-06-28 04:59:41 - text_comparison.py:62 - load data ../data/clean_data_qwen2.5-72b-instruct/materials/m_00003a/INTRODUCE_IMG/责任免除.txt...
2025-06-28 04:59:41 - text_comparison.py:62 - load data ../data/clean_data_qwen2.5-72b-instruct/materials/m_00003a/HEAD_IMG/责任免除.txt...
2025-06-28 04:59:41 - text_comparison.py:62 - load data ../data/clean_data_qwen2.5-72b-instruct/materials/m_00003a/CLAUSE/责任免除.txt...
2025-06-28 04:59:41 - text_comparison.py:62 - load data ../data/clean_data_qwen2.5-72b-instruct/materials/m_00003a/INSURE_NOTICE/责任免除.txt...
2025-06-28 04:59:41 - text_comparison.py:62 - load data ../data/clean_data_qwen2.5-72b-instruct/materials/m_00003a/ADDITIONAL_AGREEMENT/责任免除.txt...
2025-06-28 04:59:41 - text_comparison.py:62 - load data ../data/clean_data_qwen2.5-72b-instruct/materials/m_00003a/LIABILITY_EXCLUSION/责任免除.txt...
2025-06-28 04:59:55 - text_comparison.py:92 - 0|1 result=有冲突

对于“被保险人从事职业运动或可获得报酬的运动或竞技，在训练或比赛中受伤”的描述，两份文件中有明显的冲突。
2025-06-28 04:59:55 - text_comparison.py:99 - results: [True]
2025-06-28 04:59:55 - text_comparison.py:106 - ===============cnt=3 || material_id='m_00003a' || rule='责任免除' || end_result=True===============
2025-06-28 04:59:55 - text_comparison.py:57 - ===============cnt=4 || material_id='m_00004a' || rule='投保条款' || label=None===============
2025-06-28 04:59:55 - text_comparison.py:62 - load data ../data/clean_data_qwen2.5-72b-instruct/materials/m_00004a/INTRODUCE_IMG/投保条款.txt...
2025-06-28 04:59:55 - text_comparison.py:62 - load data ../data/clean_data_qwen2.5-72b-instruct/materials/m_00004a/HEAD_IMG/投保条款.txt...
2025-06-28 04:59:55 - text_comparison.py:62 - load data ../data/clean_data_qwen2.5-72b-instruct/materials/m_00004a/CLAUSE/投保条款.txt...
2025-06-28 04:59:55 - text_comparison.py:62 - load data ../data/clean_data_qwen2.5-72b-instruct/materials/m_00004a/INSURE_NOTICE/投保条款.txt...
2025-06-28 04:59:55 - text_comparison.py:62 - load data ../data/clean_data_qwen2.5-72b-instruct/materials/m_00004a/ADDITIONAL_AGREEMENT/投保条款.txt...
2025-06-28 04:59:55 - text_comparison.py:62 - load data ../data/clean_data_qwen2.5-72b-instruct/materials/m_00004a/LIABILITY_EXCLUSION/投保条款.txt...
2025-06-28 05:00:30 - text_comparison.py:92 - 0|1 result=对于文件2中提到的“投保人应当按照本保险合同约定的方式及期限交付保险费”，文件1中没有对应的内容，因此存在明显的冲突。另外，文件2中还提到了“本合同约定一次性交付保费的或对保费交付方式、交付时间没有约定的，投保人应当在保险责任起始日前一次性交付全额保费”，而文件1中并没有类似的规定，因此也存在明显的冲突。因此，综合来看，这两份文件存在冲突。
2025-06-28 05:02:36 - text_comparison.py:92 - 0|2 result=存在冲突的情况：

1. 投保人与主被保险人条件的限制：虽然在两份文件中都有提及，但是在第二份文件中增加了一条“每一投保人在有效保险期间内限购一份，多投无效”的规定，在第一份文件中并没有出现类似的规定，因此存在冲突。
2. 保险期限：在第一份文件中，保险期限为“一年”，而在第二份文件中，保险期限为“本产品保险期限为一年，保单生效时间为投保并成功缴纳保费的第三日零时”。虽然都是保险期限为一年，但是生效时间的规定有所不同，因此存在冲突。
3. 身故保额限制：在第二份文件中，“未满10周岁的连带被保险人身故保额不超20万，未满18周岁的连带被保险人身故保额不超50万”，但是在第一份文件中并没有出现类似的限制，因此存在冲突。
4. 设备保障范围：在第二份文件中，“本保险中投保人申领的ETC设备意外保障是指投保人名下的ETC设备发生意外损坏的情况，经保险公司收到受损设备且核实确认后，可提供支付宝平台上指定的ETC供应商的ETC设备（绑定支付宝代扣）换新一次，受损设备不予退还”，但是在第一份文件中并没有出现类似的规定，因此存在冲突。
5. 人身意外伤害责任家庭共享保额的分配和赔付规则：在第二份文件中，对于共享保险金的分配和赔付规则进行了详细说明，但是在第一份文件中并没有出现类似的规定，因此存在冲突。

简易理由：根据上述比较结果，可以得出结论，两份文件中投保条款确实存在冲突的情况。

结果：有冲突
2025-06-28 05:02:52 - text_comparison.py:92 - 0|3 result=根据题目要求，需要对这两份文件中的内容进行比较。由于文件1中没有明确提到具体的投保条款，因此无法与文件2进行比较。输出为“无冲突”。
2025-06-28 05:03:51 - text_comparison.py:92 - 1|2 result=1. 对于第一份文件而言，“投保人应当按照本保险合同约定的方式及期限交付保险费。”与第二份文件中“本产品为趸交一次性付清”的描述存在矛盾，因为前者规定了投保人需要按时交付保险费，而后者则规定了采用趸交一次性付清的方式。因此，这两份文件存在冲突。
2. 对于第二份文件而言，其中并未明确说明对于“投保人同主被保险人条件”的要求，因此无需进行比较，没有冲突。对于“保险期限”、“缴费方式”和“特别约定”的描述，在两份文件中都是相同的，因此不存在冲突。对于“投保份数”的描述，在第二份文件中有明确说明，而在第一份文件中没有提及，因此存在冲突。
2025-06-28 05:05:12 - text_comparison.py:92 - 1|3 result=根据题目要求，需要对比分析两份文件中关于"投保方式"、"保费缴纳"以及"保险责任"等方面的约定，排除未明确说明或者无需比较的部分。

对于文件1，其中涉及到了投保方式、保费缴纳和保险责任等方面的描述，包括一次性交付保费、分期交付保费、保费缴纳的时间规定、保险责任的生效条件等内容。对于文件2，只有投保人的年龄限制、投保数量限制以及保障范围等方面的规定。因此，可以得出以下判断：

- 对于投保方式，文件1中有规定，而文件2中没有涉及，因此存在明显的差异。
- 对于保费缴纳，两份文件都有相应的规定，但是在保费缴纳的时间、金额等方面存在不同的要求，因此存在一定的冲突。
- 对于保险责任，文件1中有具体的规定，但是文件2中没有详细的说明，因此无法比较。

综合以上分析，可以得出如下结论：

- 文件1和文件2在投保方式和保费缴纳方面存在明显的差异和冲突。
- 文件1和文件2在保险责任方面的描述不够详细，无法进行全面的比较，可能存在一定的潜在冲突。
2025-06-28 05:08:11 - text_comparison.py:92 - 2|3 result=无冲突
保险条款对比结果如下：

|   | 文件1    | 文件2      |
|---|---------|----------|
| 1  | 投保人同主被保险人为18-65周岁的用户，且无特殊要求。 | 投保人同主被保险人为18-65周岁的用户。但对连责保险人的数量做了限制，最多不超过6人。 |
| 2  | 每一投保人在有效保险期间内限购一份，多投无效。 | 每一投保人在有效保险期间内限购一份，多投无效。内容一致。 |
| 3  | 本产品保险期限为一年，保单生效时间为投保并成功缴纳保费的第三日零时。 | 无此描述。 |
| 4  | 本产品为趸交一次性付清。 | 无此描述。 |
| 5  | 投保人同主被保险人为18-65周岁的用户，且无特殊要求。 | 投保人同主被保险人为18-65周岁的用户。但对连责保险人的数量做了限制，最多不超过6人。与文件1冲突。 |
| 6  | 购买本保险后，可以立即申请激活功能。若发生退货退款情况，则视为自动放弃激活该功能的权利。 | 无此描述。 |
| 7  | 若在交强险、商业险有效期内退保，则自交强险、商业险退保完成之时起，本产品的保障责任自动终止。 | 无此描述。 |
| 8  | 无论采用何种支付方式，均视为同意《保险条款》和《投保须知》，且受其约束。 | 无此描述。 |
| 9  | 除另有约定外，本合同的受益人指定/变更/撤销、保险金请求权转让、受益人先于投保人或被保险人死亡的处理方法等均适用《保险法》的相关规定。 | 无此描述。 |
| 10| 本保险的保险费不论在何处交付，均视为在投保人所居住地交付。 | 无此描述。 |
| 11| 保险事故发生后，投保人或被保险人应当:
| | (一)尽力采取必要措施防止损失的扩大； | 无此描述。 |
| | (二)保护现场，允许保险人检验，协助向有关部门
2025-06-28 05:08:11 - text_comparison.py:99 - results: [True, True, True, True, True, True]
2025-06-28 05:08:11 - text_comparison.py:106 - ===============cnt=4 || material_id='m_00004a' || rule='投保条款' || end_result=True===============
2025-06-28 05:08:11 - text_comparison.py:57 - ===============cnt=5 || material_id='m_00005a' || rule='投保条款' || label=None===============
2025-06-28 05:08:11 - text_comparison.py:62 - load data ../data/clean_data_qwen2.5-72b-instruct/materials/m_00005a/HEALTH_INFORM/投保条款.txt...
2025-06-28 05:08:11 - text_comparison.py:62 - load data ../data/clean_data_qwen2.5-72b-instruct/materials/m_00005a/INTRODUCE_IMG/投保条款.txt...
2025-06-28 05:08:11 - text_comparison.py:62 - load data ../data/clean_data_qwen2.5-72b-instruct/materials/m_00005a/PRODUCT_MANUAL/投保条款.txt...
2025-06-28 05:08:11 - text_comparison.py:62 - load data ../data/clean_data_qwen2.5-72b-instruct/materials/m_00005a/HEAD_IMG/投保条款.txt...
2025-06-28 05:08:11 - text_comparison.py:62 - load data ../data/clean_data_qwen2.5-72b-instruct/materials/m_00005a/CLAUSE/投保条款.txt...
2025-06-28 05:08:11 - text_comparison.py:62 - load data ../data/clean_data_qwen2.5-72b-instruct/materials/m_00005a/INSURE_NOTICE/投保条款.txt...
2025-06-28 05:08:11 - text_comparison.py:62 - load data ../data/clean_data_qwen2.5-72b-instruct/materials/m_00005a/ADDITIONAL_AGREEMENT/投保条款.txt...
2025-06-28 05:08:11 - text_comparison.py:62 - load data ../data/clean_data_qwen2.5-72b-instruct/materials/m_00005a/LIABILITY_EXCLUSION/投保条款.txt...
2025-06-28 05:09:21 - text_comparison.py:92 - 0|1 result=【文件1】中没有描述投保条款，因此无法与【文件2】进行比较。

【文件2】中的投保范围和缴费方式描述存在部分冲突情况：
- 投保人年龄限制方面，【文件2】中规定投保人年龄需在18周岁至40周岁之间，而对被保险人的年龄限制则没有明确规定。这与一般保险产品将投保人和被保险人年龄限制合并规定的常见做法不同，可能造成理解上的混淆。
- 缴费方式方面，【文件2】中对于分期缴费的描述较为复杂，包括缴费周期、宽限期以及保险责任等方面的规定。虽然这些规定较为详细，但对于某些投保人来说可能会产生理解和操作上的困难。

综合来看，由于【文件1】缺乏投保条款描述，无法与【文件2】进行直接对比。而【文件2】中的投保范围和缴费方式描述存在一定的冲突情况，建议进行统一和优化。
2025-06-28 05:11:15 - text_comparison.py:92 - 0|2 result=根据题目要求，需要对比分析两份文件中关于投保条款的描述，判断是否存在明显相互冲突的情况。

首先，我们来看第一份文件，该文件没有提供任何关于投保条款的信息。

接下来，我们来看第二份文件。在第二份文件中，我们可以找到三条与投保相关的信息：

- 第二条：规定了可以成为保险合同投保人的条件。
- 第二十条：规定了投保人在申请投保时应该注意的事项以及如何处理错误情况。
- 第二十九条：规定了投保人在保险责任开始前和保险责任开始后解除保险合同的条件以及退款流程。

根据题目要求，我们需要比较相同条件下两份文件的描述是否冲突。由于第一份文件没有提供任何关于投保条款的信息，因此无法与第二份文件进行比较。因此，我们认为这两份文件之间不存在明显相互冲突的情况。

最后，我们将结果按照题目要求的格式输出：

| 作出判断的简易理由 | 无冲突 |
| --- | --- |
| <thing>是否冲突的判断结果</thing> | 有冲突 |
| <result>的判断依据 | 无 |
2025-06-28 05:13:09 - text_comparison.py:92 - 0|3 result=【判断依据】

根据题目要求，需要对比分析两份文件中对于“投保地区”、“被保险人”、“投保人”、“缴费方式”和“保险金受益人”的描述。

【分析结果】

1. 投保地区：两份文件中关于投保地区的描述一致，因此不存在冲突。
2. 被保险人：两份文件中对于被保险人的年龄范围规定不同，存在冲突。应以其中的最低要求为准，即被保险人应在18（含）至45（含）周岁。
3. 投保人：两份文件中对于投保人的规定存在差异，因此存在冲突。应以其中的要求较严格的一方为准，即投保人限不小于18周岁且是被保险人本人或其配偶、父母、子女。
4. 缴费方式：两份文件中关于缴费方式的规定存在差异，因此存在冲突。应以其中的要求较宽松的一方为准，即允许分期缴费且设有宽限期。
5. 保险金受益人：两份文件中关于保险金受益人的规定一致，因此不存在冲突。

【结果总结】

对于投保地区、投保人和保险金受益人，存在冲突；对于被保险人和缴费方式，不存在冲突。建议双方沟通协调达成一致意见，以确保投保过程顺利进行。

【简易理由】

根据题目要求，只需对比分析两份文件中相同的事项即可得出结论。由于存在冲突的事项需符合题目要求中的处理原则，因此只需对存在冲突的事项进行分析即可得出结果。
2025-06-28 05:13:15 - text_comparison.py:92 - 0|4 result=无冲突
2025-06-28 05:14:18 - text_comparison.py:92 - 1|2 result=1. 投保人/被保险人

- 文件1 中投保人/被保险人条件限制: 投保人限投保人本人/投保人配偶/投保人父母/投保人子女，被保险人年龄需在18至40岁之间；
- 文件2 中投保人/被保险人条件限制: 投保人应为具有完全民事行为能力的被保险人本人或对被保险人有保险利益的其他人，被保险人年龄不限。

因此，关于投保人/被保险人，存在明显的冲突。

- 文件1 中规定了按年缴费和分期缴费两种方式，以及各自对应的缴费时间和保险责任；
- 文件2 中提到了投保人需要在购买保险时一次交清全部保险费，以及发生错误后的处理方式。

因此，关于投保过程中的缴费约定，存在一定的冲突。
2025-06-28 05:14:31 - text_comparison.py:92 - 1|3 result=无冲突。
2025-06-28 05:16:30 - text_comparison.py:92 - 1|4 result=【投保范围】

  * 文件1 中指明了投保人及被保险人的年龄范围限制，而文件2 未作此说明，因此关于投保人及被保险人的条件限制存在冲突。
  * 文件1 中指明了投保人及被保险人的婚姻关系要求，而文件2 未作此说明，因此关于投保人及被保险人的婚姻关系条件限制存在冲突。

【缴费方式】

  * 文件1 和文件2 都指明了缴费方式分为按年缴费和分期缴费两种方式。
  * 文件1 中规定了分期缴费的特殊情况，例如：若投保人未按照合同约定的期限支付保险费的，保险合同不生效；而文件2 中也规定了类似的特殊情况，例如：若首次投保本产品时未如实回答健康告知的询问，本保单无效，保险人不承担给付保险金的责任。
  * 文件1 中指明了分期缴费的付款周期为月，总共 12 期；而文件2 中也指明了分期缴费的付款周期为月，但并未说明总共几期，因此关于分期缴费的付款周期数量存在冲突。
  * 文件1 中规定了分期缴费的宽限期为 30 天，若投保人在宽限期内补缴当期保费的，保单持续有效；而文件2 中也规定了类似的特殊情况，例如：自缴费日零时起30 天为宽限
2025-06-28 05:17:07 - text_comparison.py:92 - 2|3 result=第一份文件中有如下内容：

第二十条 中关于投保人申报的被保险人年龄不真实时的处理方式描述与第二十一条 中关于投保人申报的被保险人年龄或者性别不真实时的处理方式描述内容重复，存在明显冲突

第二十九条 中关于保险责任开始前和保险责任开始后的投保人要求解除保险合同的处理方式描述存在明显冲突

因此，该文件存在冲突情况。

第二份文件中不存在明显冲突情况。
2025-06-28 05:18:11 - text_comparison.py:92 - 2|4 result=1. 保险责任开始前，投保人要求解除保险合同的，应当按照保险合同约定向保险人支付不超过5%的手续费，保险人应当退还保险费。如果发生错误，比如第一份文件中没有关于在保险责任开始后投保人要求解除保险合同的相关内容，因此可以认为该事项不存在冲突。2. 保险金额/保险责任等类似事项在两份文件中都有描述，因此需要进行比较。对于保险金额，两份文件都没有作出明确规定，因此可以认为不存在冲突。对于保险责任，两份文件都作出了相关描述，但存在一些细微差别，例如第一份文件规定了在保险责任开始前和保险责任开始后的投保人解除保险合同的不同处理方式，而第二份文件没有对此进行描述。因此，对于保险责任的描述存在轻微冲突。总 结:有冲突。
2025-06-28 05:18:24 - text_comparison.py:92 - 3|4 result=无冲突
2025-06-28 05:18:24 - text_comparison.py:99 - results: [True, True, True, True, True, True, True, True, True, True]
2025-06-28 05:18:24 - text_comparison.py:106 - ===============cnt=5 || material_id='m_00005a' || rule='投保条款' || end_result=True===============
2025-06-28 05:18:24 - text_comparison.py:57 - ===============cnt=6 || material_id='m_00006a' || rule='责任免除' || label=None===============
2025-06-28 05:18:24 - text_comparison.py:62 - load data ../data/clean_data_qwen2.5-72b-instruct/materials/m_00006a/HEAD_IMG/责任免除.txt...
2025-06-28 05:18:24 - text_comparison.py:62 - load data ../data/clean_data_qwen2.5-72b-instruct/materials/m_00006a/CLAUSE/责任免除.txt...
2025-06-28 05:18:24 - text_comparison.py:62 - load data ../data/clean_data_qwen2.5-72b-instruct/materials/m_00006a/INSURE_NOTICE/责任免除.txt...
2025-06-28 05:18:24 - text_comparison.py:62 - load data ../data/clean_data_qwen2.5-72b-instruct/materials/m_00006a/ADDITIONAL_AGREEMENT/责任免除.txt...
2025-06-28 05:18:24 - text_comparison.py:62 - load data ../data/clean_data_qwen2.5-72b-instruct/materials/m_00006a/LIABILITY_EXCLUSION/责任免除.txt...
2025-06-28 05:18:48 - text_comparison.py:92 - 0|1 result=根据题目要求，需要对比分析两份文件中关于“责任免除”的描述，找出其中是否有冲突的地方。由于文件2中没有给出具体的描述内容，因此无法与文件1进行比较，只有在文件2中补充相应的描述内容后才能判断是否存在冲突。因此，对于这个问题的回答是“无冲突”。
2025-06-28 05:20:35 - text_comparison.py:92 - 0|2 result=根据题目要求，需要对比分析两份文件中关于“责任免除”的描述内容是否冲突。由于两份文件都是针对同一主题进行描述，因此可以直接进行比较。在比较时需要注意以下几点：

1. 对于每一条免责条款，都要逐条进行比较，判断是否有明显的不同之处。
2. 如果其中一份文件没有涉及到某个特定的条款，则视为不存在冲突。
3. 只要有一条免责条款存在明显的差异，则整段描述均存在冲突，否则则不存在冲突。

经过对比分析，可以发现两份文件中关于“责任免除”的描述存在如下冲突：

1. 文件1中仅列出了5类免责情形，而文件2中则列出了6类免责情形，第6类情况是：“被保险人在本合同生效前已患有本合同所指的重大疾病”，这一条在文件1中并未出现，因此属于明显冲突。
2. 文件1中对于第(1)项免责条款的规定是“本合同终止，我们向被保险人的继承人（除投保人本人外）退还本合同的现金价值”，而文件2中则是“发生上述第(1)项情形导致被保险人身故的，合同终止，本公司向被保险人的继承人（除投保人本人外）退还合同的现金价值”。虽然两者的表述方式略有不同，但是实际含义一致，因此不属于冲突。

综上所述，这两份文件中关于“责任免除”的描述存在冲突。
2025-06-28 05:21:34 - text_comparison.py:92 - 1|2 result=对于给出的两份文件，我们来逐条比较它们的责任免除条款。

文件1中只有“责任免除（约定该产品不承担保险责任的情形,险人不承担给付保险金的责任）”这一句话，而文件2中有详细的五条责任免除条款。因此，在此情况下，我们可以认为这两份文件之间存在明显的冲突。

具体来说，文件1没有列出任何特定的责任免除情形，而文件2列出了多种责任免除情形。由于这些情形与保险责任有关，因此在比较责任免除条款时应该将这两个文件放在一起进行对比。

根据上面的比较，我们可以得出结论：

- 文件1与文件2在责任免除方面存在冲突。

因此，我们将输出如下：

 thing: 责任免除是否存在冲突?
 result: 有冲突
2025-06-28 05:21:34 - text_comparison.py:99 - results: [True, True, True]
2025-06-28 05:21:34 - text_comparison.py:106 - ===============cnt=6 || material_id='m_00006a' || rule='责任免除' || end_result=True===============
2025-06-28 05:21:34 - text_comparison.py:57 - ===============cnt=7 || material_id='m_00007a' || rule='续保条款' || label=None===============
2025-06-28 05:21:34 - text_comparison.py:62 - load data ../data/clean_data_qwen2.5-72b-instruct/materials/m_00007a/INTRODUCE_IMG/续保条款.txt...
2025-06-28 05:21:34 - text_comparison.py:62 - load data ../data/clean_data_qwen2.5-72b-instruct/materials/m_00007a/PRODUCT_MANUAL/续保条款.txt...
2025-06-28 05:21:34 - text_comparison.py:62 - load data ../data/clean_data_qwen2.5-72b-instruct/materials/m_00007a/HEAD_IMG/续保条款.txt...
2025-06-28 05:21:34 - text_comparison.py:62 - load data ../data/clean_data_qwen2.5-72b-instruct/materials/m_00007a/CLAUSE/续保条款.txt...
2025-06-28 05:21:34 - text_comparison.py:62 - load data ../data/clean_data_qwen2.5-72b-instruct/materials/m_00007a/INSURE_NOTICE/续保条款.txt...
2025-06-28 05:21:34 - text_comparison.py:62 - load data ../data/clean_data_qwen2.5-72b-instruct/materials/m_00007a/ADDITIONAL_AGREEMENT/续保条款.txt...
2025-06-28 05:21:34 - text_comparison.py:62 - load data ../data/clean_data_qwen2.5-72b-instruct/materials/m_00007a/LIABILITY_EXCLUSION/续保条款.txt...
2025-06-28 05:21:57 - text_comparison.py:92 - 0|1 result=【文件1】：无

【文件2】：有

【原因】：
- 文件1中未提及保证续保相关事宜，而文件2中则明确说明了保证续保的相关条件，包括每个保证续保期间、投保人享有的权利等，因此存在明显冲突。
2025-06-28 05:23:00 - text_comparison.py:92 - 0|2 result=【文件1】和【文件2】中都涉及到了“保证续保”的相关描述，但是两份文件对于保证续保的相关内容的具体规定有所不同，因此存在冲突。

具体而言，两个文件中的保证续保条款的主要区别在于：

1. 文件1中没有明确说明保证续保期间的计算方法，而文件2中则明确规定了每次保证续保期间为6年；
2. 文件1中未明确说明投保人是否可以以续保方式投保其他产品，而文件2中则明确规定投保人可以在保证续保期间届满后的60日内以续保方式投保其他产品。

因此，针对保证续保期间和投保其他产品的规定，这两个文件存在明显的冲突。对于其他描述，则不存在冲突。根据上述分析，我们认为这两个文件关于保证续保的描述是存在冲突的。
2025-06-28 05:24:10 - text_comparison.py:92 - 0|3 result=《人保健康悠逸保互联网医疗保险》与另一份文件相比，在续保条款方面存在一些差异和冲突。

【文件1】中未提及保证续保期间的计算方法，而【文件2】中规定了每6年为一个保证续保期间。因此，对于保证续保期间这一事项，存在明显冲突。

【文件1】中未提及自动续保条件，而【文件2】中对此做出了详细的规定。因此，对于自动续保条件这一事项，也存在明显冲突。

【文件1】中未提及保证续保权的丧失情形，而【文件2】中列出了详细的丧失保证续保权的情形。因此，对于保证续保权的丧失情形这一事项，也存在明显冲突。

综上所述，对于保证续保期间、自动续保条件、保证续保权的丧失情形这三个事项，《人保健康悠逸保互联网医疗保险》与另一份文件存在明显冲突。
2025-06-28 05:24:30 - text_comparison.py:92 - 0|4 result=thing: 续保条件
result: 有冲突

thing: 保证续保
result: 有冲突

thing: 保险期间
result: 无冲突

thing: 保证续保期间内，投保人享有的权利
result: 有冲突
2025-06-28 05:25:18 - text_comparison.py:92 - 1|2 result=| thing     | 产出结果|
|----------|----------|
| 续保条件 | 无冲突   |
| 保证续保  | 有冲突   |

详细解释：

- 对于第一部分“续保条件”的描述，两份文件都有明确的叙述，内容一致，因此没有冲突。
- 对于第二部分“保证续保”的描述，虽然两份文件中都有关于保证续保的相关内容，但是在一些细节上存在差异，如保证续保期间的计算方法、投保人失去保证续保权的几种情况等。因此，这两份文件关于“保证续保”的描述是有冲突的。
2025-06-28 05:26:56 - text_comparison.py:92 - 1|3 result=有冲突

对于“保证续保期间”的描述，两个文件存在差异。例如，文件1中指明：“若投保人首次投保本保险，自首次投保本保险的合同生效日起，每6年为一个保证续保期间；若投保人非连续投保本保险，则自非连续投保本保险的合同生效日起，每6年为一个保证续保期间。”而文件2则描述为：“若投保人首次投保本保险，自首次投保本保险的合同生效日起，每6年为一个保证续保期间；若投保人非连续投保本保险，则自非连续投保本保险的合同生效日起，每6年为一个保证续保期间。”虽然两者都是每6年为一个保证续保期间，但是文件1中对于非连续投保的情况进行了特殊说明，而文件2中并未涉及。因此，在这一点上，两个文件存在冲突。

对于“自动续保条件”的描述，两个文件也存在差异。例如，文件2中特别指出了“在保证续保期间内，若投保人未失去保证续保权，且未作出不续保的书面通知，并按照续保时对应的费率交纳保险费后，本合同将自动续保”，而文件1中并没有类似的描述。因此，在这一点上，两个文件存在冲突。
2025-06-28 05:28:12 - text_comparison.py:92 - 1|4 result=对于两份文件的"续保条款"进行了比较：

- 文件1 中规定了每个保证续保期间为6年，而文件2中规定了每个保证续保期间为7年，因此关于保证续保期间的描述存在冲突。
- 文件1 和文件2 均规定了在保证续保期间内，投保人可以享受的保证续保权包括：每个保证续保期间内，投保人按该保证续保期初约定的费率表依被保险人年龄变化交纳相应的保险费，该保险费不因本保险的整体费率调整而改变；每个保证续保期间内，本公司不因被保险人的身体状况或历史理赔情况而拒绝投保人的续保申请；每个保证续保期间内，投保人的保证续保权不因该保险的统一停售而终止。因此关于保证续保权的描述是相同的，不存在冲突。

根据上述分析，两份文件的描述存在冲突的部分为保证续保期间，因此得出以下结论：

- 有冲突
2025-06-28 05:29:03 - text_comparison.py:92 - 2|3 result=1. 《人保健康悠逸保互联网医疗保险》与《中国人民健康保险股份有限公司团体医疗保险条款》中的保证续保部分存在一定的差异。其中，《人保健康悠逸保互联网医疗保险》对于保证续保期间、自动续保条件、保证续保权、失去保证续保权的情形、重新申请投保、保证续保期间届满前的续保等方面的表述更为详细和具体，而对于最高续保年龄的规定则比《中国人民健康保险股份有限公司团体医疗保险条款》更加宽松。
2. 综上所述，这两份文件的保证续保部分存在一定的差异，但在大部分内容上都遵循了保证续保的基本原则。
2025-06-28 05:29:53 - text_comparison.py:92 - 2|4 result=2.2.3 和 3. 的描述存在冲突，因为虽然两者都约定了投保人在达到一定条件时会失去保证续保权，但是前者约定的第5项条件是“若投保人选择月交方式，且在本合同约定的宽限期内，未按投保时被保险人的年龄、首续保以及有无基本医疗保险或公费医疗所对应的保险费率和本合同约定的保险费交纳方式交纳相应的保险费”，而后者约定的则是“投保人失去保证续保权后，本公司有权不再接受续保。重新申请投保本保险时，按首次投保处理”。因此，这两份文件存在冲突。
2025-06-28 05:30:31 - text_comparison.py:92 - 3|4 result=无冲突
保证续保期间、自动续保条件、保证续保权、失去保证续保权的情形、重新申请投保、保证续保期间届满前的续保、最高续保年龄、保证续保期间届满时的续保等方面的条款描述是相同的。不同之处在于文件1中对于保险期间的描述是每6年为一个保证续保期间，而非每7年，但是这不影响两份文件之间的比较。因此，这两份文件之间不存在明显的冲突。
2025-06-28 05:30:31 - text_comparison.py:99 - results: [True, True, True, True, True, True, True, True, True, True]
2025-06-28 05:30:31 - text_comparison.py:106 - ===============cnt=7 || material_id='m_00007a' || rule='续保条款' || end_result=True===============
2025-06-28 05:30:31 - text_comparison.py:57 - ===============cnt=8 || material_id='m_00008a' || rule='责任免除' || label=None===============
2025-06-28 05:30:31 - text_comparison.py:62 - load data ../data/clean_data_qwen2.5-72b-instruct/materials/m_00008a/INTRODUCE_IMG/责任免除.txt...
2025-06-28 05:30:31 - text_comparison.py:62 - load data ../data/clean_data_qwen2.5-72b-instruct/materials/m_00008a/HEAD_IMG/责任免除.txt...
2025-06-28 05:30:31 - text_comparison.py:62 - load data ../data/clean_data_qwen2.5-72b-instruct/materials/m_00008a/CLAUSE/责任免除.txt...
2025-06-28 05:30:31 - text_comparison.py:62 - load data ../data/clean_data_qwen2.5-72b-instruct/materials/m_00008a/INSURE_NOTICE/责任免除.txt...
2025-06-28 05:30:31 - text_comparison.py:62 - load data ../data/clean_data_qwen2.5-72b-instruct/materials/m_00008a/LIABILITY_EXCLUSION/责任免除.txt...
2025-06-28 05:30:58 - text_comparison.py:92 - 0|1 result=根据提供的文件对比，可以发现两份文件中的责任免除部分存在一些重复的内容。但是，在某些情况下，由于不同文件针对不同的保险产品，因此它们可能会有不同的排除事项。因此，需要仔细检查每个文件的条款和条件，以确定它们是否包含相同的事物以及是否可能存在相互冲突的情况。
2025-06-28 05:31:13 - text_comparison.py:92 - 0|2 result=根据上述分析，第一份文件中的冲突描述是：“赔偿金额”的描述，第二份文件没有类似的描述。因此，这两份文件之间不存在明显的冲突。
2025-06-28 05:32:41 - text_comparison.py:92 - 1|2 result=根据给出的两份文件的描述，我们对比了它们的“责任免除”部分的内容。经过对比分析，我们发现这两份文件中的大部分内容都是相同的，但在个别地方存在差异。因此，我们可以得出结论：这两份文件存在一定的冲突。

具体来说，在第一份文件中，“责任免除”部分列举了一些不在保险责任范围内的损失和费用，而在第二份文件中，“责任免除”部分除了包含第一份文件中的内容外，还增加了部分内容。例如，在第一份文件中，“战争、敌对行为、军事行动、武装冲突、恐怖行动、罢工、民众骚乱、暴动”等情况不在保险责任范围内，而在第二份文件中，“战争、敌对行为、军事行动、武装冲突、恐怖行动、罢工、民众骚乱、暴动”等情况也不在保险责任范围内，同时还增加了“行政行为或司法行为”的情况。此外，在第二份文件中，还新增了一项“大气污染、土地污染、水污染及其他各种污染，但因本保险合同责任范围内的事故造成的污染不在此限”的情况，这也是一份文件中独有的内容。
2025-06-28 05:32:41 - text_comparison.py:99 - results: [True, True, True]
2025-06-28 05:32:41 - text_comparison.py:106 - ===============cnt=8 || material_id='m_00008a' || rule='责任免除' || end_result=True===============
2025-06-28 05:32:41 - text_comparison.py:57 - ===============cnt=9 || material_id='m_00009a' || rule='出险条款' || label=None===============
2025-06-28 05:32:41 - text_comparison.py:62 - load data ../data/clean_data_qwen2.5-72b-instruct/materials/m_00009a/INTRODUCE_IMG/出险条款.txt...
2025-06-28 05:32:41 - text_comparison.py:62 - load data ../data/clean_data_qwen2.5-72b-instruct/materials/m_00009a/PRODUCT_MANUAL/出险条款.txt...
2025-06-28 05:32:41 - text_comparison.py:62 - load data ../data/clean_data_qwen2.5-72b-instruct/materials/m_00009a/HEAD_IMG/出险条款.txt...
2025-06-28 05:32:41 - text_comparison.py:62 - load data ../data/clean_data_qwen2.5-72b-instruct/materials/m_00009a/CLAUSE/出险条款.txt...
2025-06-28 05:32:41 - text_comparison.py:62 - load data ../data/clean_data_qwen2.5-72b-instruct/materials/m_00009a/INSURE_NOTICE/出险条款.txt...
2025-06-28 05:32:41 - text_comparison.py:62 - load data ../data/clean_data_qwen2.5-72b-instruct/materials/m_00009a/ADDITIONAL_AGREEMENT/出险条款.txt...
2025-06-28 05:32:41 - text_comparison.py:62 - load data ../data/clean_data_qwen2.5-72b-instruct/materials/m_00009a/LIABILITY_EXCLUSION/出险条款.txt...
2025-06-28 05:32:41 - text_comparison.py:72 - ===============<=1 cnt=9 || material_id='m_00009a' || rule='出险条款' || end_result=True===============
2025-06-28 05:32:41 - text_comparison.py:57 - ===============cnt=10 || material_id='m_00010a' || rule='保障相关时间' || label=None===============
2025-06-28 05:32:41 - text_comparison.py:62 - load data ../data/clean_data_qwen2.5-72b-instruct/materials/m_00010a/INTRODUCE_IMG/保障相关时间.txt...
2025-06-28 05:32:41 - text_comparison.py:62 - load data ../data/clean_data_qwen2.5-72b-instruct/materials/m_00010a/HEAD_IMG/保障相关时间.txt...
2025-06-28 05:32:41 - text_comparison.py:62 - load data ../data/clean_data_qwen2.5-72b-instruct/materials/m_00010a/CLAUSE/保障相关时间.txt...
2025-06-28 05:32:41 - text_comparison.py:62 - load data ../data/clean_data_qwen2.5-72b-instruct/materials/m_00010a/INSURE_NOTICE/保障相关时间.txt...
2025-06-28 05:32:41 - text_comparison.py:62 - load data ../data/clean_data_qwen2.5-72b-instruct/materials/m_00010a/ADDITIONAL_AGREEMENT/保障相关时间.txt...
2025-06-28 05:32:41 - text_comparison.py:62 - load data ../data/clean_data_qwen2.5-72b-instruct/materials/m_00010a/LIABILITY_EXCLUSION/保障相关时间.txt...
2025-06-28 05:34:05 - text_comparison.py:92 - 0|1 result=保险生效时间：存在冲突，因为虽然两份文件都提到了保险生效时间，但是文件2 中明确规定了保险生效时间为“本产品自网上投保申请核保通过后第 7 日零时生效”，而文件1 中对该时间并没有明确说明。因此，这两份文件关于保险生效时间的描述是相互冲突的。

保险期间：无冲突，因为两份文件中都明确了保险期间为1年，且具体时间都是以保单载明时间为准。

等待期：存在冲突，因为虽然两份文件都提到了等待期，但是文件2 中明确规定了本产品无等待期，而文件1 中对该问题并没有明确说明。因此，这两份文件关于等待期的描述是相互冲突的。

犹豫期：存在冲突，因为虽然两份文件都提到了犹豫期，但是文件2 中明确规定了本保险产品不含犹豫期，而文件1 中对该问题并没有明确说明。因此，这两份文件关于犹豫期的描述是相互冲突的。

综上所述，经过对比分析，文件1 和文件2 中关于保障相关时间的描述存在明显的相互冲突情况。
2025-06-28 05:34:37 - text_comparison.py:92 - 0|2 result=保障相关时间存在明显冲突。因为虽然两份文件都提到了犹豫期，但是文件2中明确说明了该保险产品不含犹豫期，与文件1中关于犹豫期的描述矛盾。因此，判断这两份文件存在冲突。

简易理由：文件1描述了犹豫期，但是文件2中对该保险产品不含犹豫期进行了明确说明，导致两者描述存在冲突。
结果：有冲突。
2025-06-28 05:35:40 - text_comparison.py:92 - 1|2 result=对于文件1和文件2中涉及到的时间信息保障内容进行对比分析：

- 保险生效时间：虽然两份文件都没有明确说明，但是从描述来看，“保险生效时间”应该是文件2中“犹豫期及权益”的一部分，因此可以推断出文件2中也存在保险生效时间的规定。
- 保险期间：两份文件都明确说明为1年，不存在冲突。
- 等待期：两份文件都明确说明为无等待期，不存在冲突。
- 犹豫期：虽然文件1中没有明确说明犹豫期，但是一般情况下保险产品都会设置犹豫期，而文件2中则明确说明了“本保险产品不含犹豫期”，因此可以判断这两份文件关于犹豫期的描述存在冲突。

综合上述情况，得出结论：这两份文件在犹豫期方面的描述存在冲突。
2025-06-28 05:35:40 - text_comparison.py:99 - results: [True, True, True]
2025-06-28 05:35:40 - text_comparison.py:106 - ===============cnt=10 || material_id='m_00010a' || rule='保障相关时间' || end_result=True===============
2025-06-28 05:35:40 - text_comparison.py:57 - ===============cnt=11 || material_id='m_00011a' || rule='赔付 & 领取规则' || label=None===============
2025-06-28 05:35:40 - text_comparison.py:62 - load data ../data/clean_data_qwen2.5-72b-instruct/materials/m_00011a/HEALTH_INFORM/赔付 & 领取规则.txt...
2025-06-28 05:35:40 - text_comparison.py:62 - load data ../data/clean_data_qwen2.5-72b-instruct/materials/m_00011a/INTRODUCE_IMG/赔付 & 领取规则.txt...
2025-06-28 05:35:40 - text_comparison.py:62 - load data ../data/clean_data_qwen2.5-72b-instruct/materials/m_00011a/HEAD_IMG/赔付 & 领取规则.txt...
2025-06-28 05:35:40 - text_comparison.py:62 - load data ../data/clean_data_qwen2.5-72b-instruct/materials/m_00011a/CLAUSE/赔付 & 领取规则.txt...
2025-06-28 05:35:40 - text_comparison.py:62 - load data ../data/clean_data_qwen2.5-72b-instruct/materials/m_00011a/INSURE_NOTICE/赔付 & 领取规则.txt...
2025-06-28 05:35:40 - text_comparison.py:62 - load data ../data/clean_data_qwen2.5-72b-instruct/materials/m_00011a/ADDITIONAL_AGREEMENT/赔付 & 领取规则.txt...
2025-06-28 05:35:40 - text_comparison.py:62 - load data ../data/clean_data_qwen2.5-72b-instruct/materials/m_00011a/LIABILITY_EXCLUSION/赔付 & 领取规则.txt...
2025-06-28 05:36:08 - text_comparison.py:92 - 0|1 result=【结果】 有冲突 

仔细阅读两份文件后发现，这两份文件描述了类似的事物——保险责任，但是存在明显的冲突。文件1中没有关于恶性肿瘤医疗保险金的描述，而文件2中则对此进行了详细的描述，包括责任范围、赔付比例、免赔额等方面。因此，这两份文件存在冲突。
2025-06-28 05:37:07 - text_comparison.py:92 - 0|2 result=赔付 & 领取规则对比结果如下：

| <thing>做出判断的简易理由</thing> | <result>有冲突\无冲突</result> |
| --- | --- |
| 等待期的天数约定 | 有冲突 |
| 赔付金额规则 | 无冲突 |
| 投保份数限制 | 有冲突 |
| 退保规则 | 无冲突 |
| 解除保险合同后的保险责任 | 无冲突 |
2025-06-28 05:37:53 - text_comparison.py:92 - 0|3 result=根据给出的两份文件，我们来分析它们的“赔付 & 领取规则”。

对于相同的事项，我们需要比较它们的描述是否一致。在这两份文件中，有一份文件明确说明了“赔付比例”，而另一份文件则没有明确说明。

因此，对于“赔付比例”的描述存在明显的相互冲突，因为它们在不同文件中的规定不同。

其它方面，两份文件没有明显的相互冲突。

结论：对于“赔付比例”的描述存在明显的相互冲突。

简易理由：由于两份文件对于“赔付比例”的描述不同，导致它们之间存在冲突。

结果：有冲突
2025-06-28 05:38:22 - text_comparison.py:92 - 1|2 result=有冲突

对于“恶性肿瘤医疗保险金”的描述，两份文件存在冲突。文件1中规定了四种类型的恶性肿瘤医疗保险金的给付条件，而文件2中只有两种类型，缺少文件1中提及的“恶性肿瘤门诊手术医疗费用”和“恶性肿瘤住院前后门急诊医疗费用”两种情况。因此，这两份文件在该方面的描述存在冲突。
2025-06-28 05:39:03 - text_comparison.py:92 - 1|3 result=恶性肿瘤医疗保险金的赔付比例在该文件中有明确说明，为100%，不存在冲突。

特殊门诊医疗费用的赔付比例在该文件中没有说明，因此无法判断是否冲突。

门诊手术医疗费用的赔付比例在该文件中没有说明，因此无法判断是否冲突。

住院前后门急诊医疗费用的赔付比例在该文件中没有说明，因此无法判断是否冲突。

结论：该文件中只有恶性肿瘤医疗保险金的赔付比例有明确说明，其余三项的赔付比例均没有说明，因此无法判断是否有冲突。
2025-06-28 05:40:08 - text_comparison.py:92 - 2|3 result=根据题目要求，需要比较以下内容：

  * 赔付比例
  * 等待期
  * 社保结算
  * 医院限制

以下是对比结果：

  * 赔付比例：存在冲突，因为虽然两者都涉及到了有社保和无社保的不同赔付比例，但文件1中还规定了在使用社保结算情况下的赔付比例，而文件2中则没有说明。
  * 等待期：不存在冲突，因为两份文件都有关于等待期的描述。
  * 社保结算：存在冲突，因为文件1中规定了三种不同的赔付方式，而文件2中只规定了一种赔付方式。
  * 医院限制：不存在冲突，因为两份文件都没有关于医院限制的描述。

因此，综合来看，这两份文件存在明显的冲突。
2025-06-28 05:40:08 - text_comparison.py:99 - results: [True, True, True, True, True, True]
2025-06-28 05:40:08 - text_comparison.py:106 - ===============cnt=11 || material_id='m_00011a' || rule='赔付 & 领取规则' || end_result=True===============
2025-06-28 05:40:08 - text_comparison.py:57 - ===============cnt=12 || material_id='m_00012a' || rule='责任免除' || label=None===============
2025-06-28 05:40:08 - text_comparison.py:62 - load data ../data/clean_data_qwen2.5-72b-instruct/materials/m_00012a/INTRODUCE_IMG/责任免除.txt...
2025-06-28 05:40:08 - text_comparison.py:62 - load data ../data/clean_data_qwen2.5-72b-instruct/materials/m_00012a/HEAD_IMG/责任免除.txt...
2025-06-28 05:40:08 - text_comparison.py:62 - load data ../data/clean_data_qwen2.5-72b-instruct/materials/m_00012a/CLAUSE/责任免除.txt...
2025-06-28 05:40:08 - text_comparison.py:62 - load data ../data/clean_data_qwen2.5-72b-instruct/materials/m_00012a/INSURE_NOTICE/责任免除.txt...
2025-06-28 05:40:08 - text_comparison.py:62 - load data ../data/clean_data_qwen2.5-72b-instruct/materials/m_00012a/LIABILITY_EXCLUSION/责任免除.txt...
2025-06-28 05:40:54 - text_comparison.py:92 - 0|1 result=根据题目要求，我们只需要比较这两份文件中都提到的同一件事物的描述和表达是否存在明显相互冲突的情况。由于文件较长，我们逐行对比分析如下：

第一份文件第六条与第二份文件第五条都是关于保险责任免除的描述，但是两者对于疾病身故和疾病住院医疗责任的等待期描述不同，第一条中未作规定，第六条中是60天，而第五条则是180天。因此，这两份文件存在明显的相互冲突情况。

综上所述，这两份文件存在冲突，应判定为“有冲突”。
2025-06-28 05:44:21 - text_comparison.py:92 - 0|2 result=以下是针对您提供的两份文件的分析结果：

1. 对比文件一和文件二，“责任免除”部分列出了保险公司在哪些情况下不承担责任。虽然这两份文件的内容基本一致，但在个别条款上有一些细微差别。如在文件一中，“被保险人感染艾滋病病毒或患艾滋病”的表述后面有一段补充说明：“但如果该被保险人曾经接受输血且血液检测呈阴性的，则保险人仍应承担保险责任”，而在文件二中则没有这段补充说明。

2. 文件一中有这样一条表述：“被保险人饮酒后发生的保险事故，保险人不负给付保险金的责任。”而在文件二中，这一条被表述为：“被保险人醉酒后发生的保险事故，保险人不负给付保险金的责任。”

3. 文件一中列出了被保险人故意犯罪或抗拒依法采取的刑事强制措施的情况下，保险公司不承担保险责任。而在文件二中，除了同样的表述之外，还增加了“投保人对被保险人的故意杀害、故意伤害”的情况。

4. 文件一中有这样一条表述：“被保险人未经医师处方而自行使用、涂抹、口服、注射的药品，保险人不负给付保险金的责任。”而在文件二中，这一条被表述为：“被保险人自行使用、涂抹、口服、注射的药品，保险人不负给付保险金的责任。”

5. 文件一中列出了被保险人妊娠、分娩的情况，而在文件二中，这一项被替换为了“女被保险人孕期、分娩、流产、堕胎”。

6. 文件一中列出了被保险人从事潜水、跳伞、攀岩运动、探险活动、武术比赛、摔跤比赛、特技表演、赛马、赛车等高风险运动的情况下，保险公司不承担保险责任。而在文件二中，除了同样的表述之外，还增加了一项：“飞行训练及表演”。

7. 文件一中列出了战争、军事行动、暴乱或者武装叛乱的情况下，保险公司不承担保险责任。而在文件二中，除了同样的表述之外，还增加了一项：“恐怖主义活动”。

8. 文件一中列出了任何生物、原子能或核能装置所造成的爆炸、灼伤、污染或辐射的情况下，保险公司不承担保险责任。而在文件二中，除了同样的表述之外，还增加了一项：“放射性物质泄漏”。

9. 文件一中列出了投保人、被保险人故意
2025-06-28 05:45:37 - text_comparison.py:92 - 1|2 result=根据给出的两份文件，其中有几处描述存在冲突：

1. 文件1 中的第 6 条与文件2中的第(十)项存在冲突，这两条都涉及到投保人或者被保险人故意未履行如实告知义务的情况，但是文件1中的描述是"投保人故意或者因重大过失未履行如实告知义务，保险人对于保险合同解除前发生的保险事故，不承担给付保险金责任，并不退还保险费。",而文件2中的描述是"(十)投保人对被保险人的故意杀害、故意伤害；"
2. 文件1 中的第 8 条与文件2中的第(九)项存在冲突，这两条都涉及到被保险人自杀的情况，但是文件1中的描述是"被保险人自杀时为无民事行为能力人的除外”，而文件2中的描述是 "(九)被保险人故意犯罪或抗拒依法采取的刑事强制措施；"

因此，我们可以得出结论，这两份文件中有明显的冲突。
2025-06-28 05:45:37 - text_comparison.py:99 - results: [True, True, True]
2025-06-28 05:45:37 - text_comparison.py:106 - ===============cnt=12 || material_id='m_00012a' || rule='责任免除' || end_result=True===============
2025-06-28 05:45:37 - text_comparison.py:57 - ===============cnt=13 || material_id='m_00013a' || rule='责任免除' || label=None===============
2025-06-28 05:45:37 - text_comparison.py:62 - load data ../data/clean_data_qwen2.5-72b-instruct/materials/m_00013a/INTRODUCE_IMG/责任免除.txt...
2025-06-28 05:45:37 - text_comparison.py:62 - load data ../data/clean_data_qwen2.5-72b-instruct/materials/m_00013a/HEAD_IMG/责任免除.txt...
2025-06-28 05:45:37 - text_comparison.py:62 - load data ../data/clean_data_qwen2.5-72b-instruct/materials/m_00013a/CLAUSE/责任免除.txt...
2025-06-28 05:45:37 - text_comparison.py:62 - load data ../data/clean_data_qwen2.5-72b-instruct/materials/m_00013a/INSURE_NOTICE/责任免除.txt...
2025-06-28 05:45:37 - text_comparison.py:62 - load data ../data/clean_data_qwen2.5-72b-instruct/materials/m_00013a/ADDITIONAL_AGREEMENT/责任免除.txt...
2025-06-28 05:45:37 - text_comparison.py:62 - load data ../data/clean_data_qwen2.5-72b-instruct/materials/m_00013a/LIABILITY_EXCLUSION/责任免除.txt...
2025-06-28 05:46:12 - text_comparison.py:92 - 0|1 result=有冲突
对比这两份文件，“责任免除”部分都有类似的内容，但是有一些细微差别。例如，文件1中列出了酒后驾车、无有效驾驶证驾驶或驾驶无有效行驶证的机动车期间这一项，而文件2中并没有列出。因此，对于这些细微差别，保险人可能会有不同的解释和处理方式，从而可能导致不同的结果。
2025-06-28 05:46:12 - text_comparison.py:99 - results: [True]
2025-06-28 05:46:12 - text_comparison.py:106 - ===============cnt=13 || material_id='m_00013a' || rule='责任免除' || end_result=True===============
2025-06-28 05:46:12 - text_comparison.py:57 - ===============cnt=14 || material_id='m_00014a' || rule='保障责任' || label=None===============
2025-06-28 05:46:12 - text_comparison.py:62 - load data ../data/clean_data_qwen2.5-72b-instruct/materials/m_00014a/INTRODUCE_IMG/保障责任.txt...
2025-06-28 05:46:12 - text_comparison.py:62 - load data ../data/clean_data_qwen2.5-72b-instruct/materials/m_00014a/HEAD_IMG/保障责任.txt...
2025-06-28 05:46:12 - text_comparison.py:62 - load data ../data/clean_data_qwen2.5-72b-instruct/materials/m_00014a/CLAUSE/保障责任.txt...
2025-06-28 05:46:12 - text_comparison.py:62 - load data ../data/clean_data_qwen2.5-72b-instruct/materials/m_00014a/INSURE_NOTICE/保障责任.txt...
2025-06-28 05:46:12 - text_comparison.py:62 - load data ../data/clean_data_qwen2.5-72b-instruct/materials/m_00014a/ADDITIONAL_AGREEMENT/保障责任.txt...
2025-06-28 05:46:12 - text_comparison.py:62 - load data ../data/clean_data_qwen2.5-72b-instruct/materials/m_00014a/LIABILITY_EXCLUSION/保障责任.txt...
2025-06-28 05:49:54 - text_comparison.py:92 - 0|1 result=保障责任对比结果如下：

互联网医院门急诊医疗费用:
- 有冲突: 文件1 中保险金额为12000元，而文件2中未提及具体数额，仅说明了单次互联网医院门急诊医疗给付限额为600元，保额限制条件是发生赔付的次数，因此无法确定这两份文件中的保险金额是否一致。
- 无冲突: 文件1 和文件2 都提到了7*24小时全科医生在线问诊，不限时长、不限次数，0元年免赔额，报销比例75%等条款，这些内容在两份文件中都有描述，不存在冲突。
- 无冲突: 文件1 和文件2 都提到了每月限2次，等待期0天，保险期间1年，保费138元等条款，这些内容在两份文件中都有描述，不存在冲突。

优服务对比结果如下：

- 有冲突: 文件1 中提到了48种慢病药品8折购；康复追踪服务；健康测评与评估等条款，而文件2中未提及这些服务，因此可以得出结论，这两份文件在优服务的描述上存在冲突。
- 无冲突: 文件1 和文件2 都提到了7*24小时全科医生在线视频问诊；健康管理服务；药品配送服务；健康用药咨询指导；用药提醒；电话医学咨询等条款，这些内容在两份文件中都有描述，不存在冲突。
2025-06-28 05:51:16 - text_comparison.py:92 - 0|2 result=事由一：保障责任描述对比

根据给出的两份文件内容来看，只有第一份文件提到了互联网医院门急诊医疗费用的保险责任，而第二份文件则是在责任免除部分进行了相关描述。因此，对于互联网医院门急诊医疗费用的保障责任，这两份文件之间存在明显冲突。

事由二：责任免除描述对比

比较两份文件的责任免除部分可以发现，虽然二者都列出了若干种情况下保险公司不负责任的情形，但是由于两份文件的保险责任不同，因此对应的免除责任也会有所差异。在对比过程中，需要针对具体的保险责任来确定是否有冲突。例如，如果对比的是互联网医院门急诊医疗费用的保险责任，那么文件2中的第8、9条描述可能就构成了与文件1的冲突，因为这些情况描述了在何处购买药品的情况下保险公司不负责任，而在文件1中并未对此进行明确说明。

结论：对于给出的两份文件而言，在互联网医院门急诊医疗费用这一保险责任方面存在明显冲突，但在其他方面可能存在部分冲突，具体需要逐一对比每项保险责任和责任免除条款。
2025-06-28 05:53:39 - text_comparison.py:92 - 0|3 result=互联网医院门急诊医疗费用：保险金额12000元，医院范围为保险人指定的互联网医院，7*24小时全科医生在线问诊，不限时长、不限次数，0元年免赔额，报销比例75%，单次限额600元，全年限20次，每月限2次，等待期0天，保险期间1年，保费138元。
""

高保障：赔付次数20次/年，单次限额600元，保额12000元；0免赔额；无等待期

优服务：48种慢病药品8折购；7*24小时全科医生在线视频问诊；健康管理服务；药品配送服务；健康用药咨询指导；用药提醒；电话医学咨询；康复追踪服务；健康测评与评估

""

""

""

""


本产品保障范围：（1）在保险期间内被保险人本人在保险人认可的互联网医院进行指定疾病（共150种）在线问诊,全年不限次数；（2）在保险期间内被保险人本人在保险人认可的互联网医院进行在线问诊并最终确诊罹患保险人指定的药品清单对应的疾病清单(150种)中的一种或多种，由该互联网医院医生开具用药处方，第三方管理公司进行药品配送。保险人在扣除本合同约定的单次互联网医院门急诊医疗免赔额0元后，按照75%给付比例，给付互联网医院门急诊医疗保险金。单次互联网医院门急诊医疗保险金以600元为限，每月限两次，一年累计限二十次，年度总保额12000元。当累计给付次数达到互联网医院门急诊医疗给付总次数20次或达到保险金额时，保险人对被保险人的保险责任终止。

有冲突
2025-06-28 05:54:52 - text_comparison.py:92 - 1|2 result=根据题目要求，需要对比分析两份文件中关于“互联网医院门急诊医疗保险金”的描述和表达，找出是否存在明显相互冲突的情况。下面是对于两份文件的分析结果：

1. 文件1和文件2都在描述“互联网医院门急诊医疗保险金”，因此不存在明显的冲突。
2. 文件1中规定了保险责任和责任免除的具体内容，而文件2中只是在描述保险责任，没有责任免除的规定。但是由于文件1中已经详细描述了保险责任的范围和限制，因此与文件2的描述不产生冲突。
3. 文件1中规定了单次互联网医院门急诊医疗免赔额、单次互联网医院门急诊医疗给付限额等具体事项，而在文件2中并没有出现这些具体规定的描述。这并不意味着存在冲突，因为文件2可以理解为是文件1的基础上进行了概括性的描述，而没有对具体情况进行细化。

综上所述，对于两份文件之间的描述和表达，没有发现明显相互冲突的情况。
2025-06-28 05:55:50 - text_comparison.py:92 - 1|3 result=根据题目要求，需要比较这两份文件中对于“互联网医院门急诊医疗保险”的描述和表达是否存在明显相互冲突的情况。经过对比分析，可以得出以下结论：

文件1与文件2均涉及到了“互联网医院门急诊医疗保险”，但是它们的保险责任和给付方式存在一些差异，例如文件1中规定了单次和累积的免赔额、给付比例、给付限额以及最高保额，而文件2中虽然也提到了这些概念，但是具体的数值和限制条件有所不同；此外，文件1中还规定了一些药品购买的要求，而文件2中则没有类似的描述。因此，我们可以认为这两份文件存在一定的冲突，它们在某些方面描述和表达并不完全一致，建议双方协商达成一致意见。
2025-06-28 05:57:04 - text_comparison.py:92 - 2|3 result=对于如下事项，在文件1中没有明确说明或者省略说明，则无需进行比较：
- 对于"保障详情"
- 对于"责任免除"中的第10至13条

对于以下事项，存在明显冲突：
- 对于"保险责任"，两份文件中都涉及到在保险期间内被保险人使用互联网医院门急诊医疗服务的问题，但是文件1中的保险责任仅限于门急诊医疗保险金的支付，而文件2中的保险责任则包括了在线问诊、诊断、开处方药以及药品配送等多个方面，涉及更多的服务内容。
- 对于"责任免除"中的部分条款，两份文件的表述是不同的。例如，文件1中将"擅自更改药品剂量"作为责任免除事项，而文件2中则将"药品处方的开具与中国国家药品监督管理局批准的该药品说明书中所列明的适应症和用法用量不符"作为责任免除事项。

因此，综合以上情况，这两份文件存在明显的冲突。
2025-06-28 05:57:04 - text_comparison.py:99 - results: [True, True, True, True, True, True]
2025-06-28 05:57:04 - text_comparison.py:106 - ===============cnt=14 || material_id='m_00014a' || rule='保障责任' || end_result=True===============
2025-06-28 05:57:04 - text_comparison.py:57 - ===============cnt=15 || material_id='m_00015a' || rule='退保条款' || label=None===============
2025-06-28 05:57:04 - text_comparison.py:62 - load data ../data/clean_data_qwen2.5-72b-instruct/materials/m_00015a/HEALTH_INFORM/退保条款.txt...
2025-06-28 05:57:04 - text_comparison.py:62 - load data ../data/clean_data_qwen2.5-72b-instruct/materials/m_00015a/INTRODUCE_IMG/退保条款.txt...
2025-06-28 05:57:04 - text_comparison.py:62 - load data ../data/clean_data_qwen2.5-72b-instruct/materials/m_00015a/HEAD_IMG/退保条款.txt...
2025-06-28 05:57:04 - text_comparison.py:62 - load data ../data/clean_data_qwen2.5-72b-instruct/materials/m_00015a/CLAUSE/退保条款.txt...
2025-06-28 05:57:04 - text_comparison.py:62 - load data ../data/clean_data_qwen2.5-72b-instruct/materials/m_00015a/INSURE_NOTICE/退保条款.txt...
2025-06-28 05:57:04 - text_comparison.py:62 - load data ../data/clean_data_qwen2.5-72b-instruct/materials/m_00015a/ADDITIONAL_AGREEMENT/退保条款.txt...
2025-06-28 05:57:04 - text_comparison.py:62 - load data ../data/clean_data_qwen2.5-72b-instruct/materials/m_00015a/LIABILITY_EXCLUSION/退保条款.txt...
2025-06-28 05:58:12 - text_comparison.py:92 - 0|1 result=根据题目描述，我们需要比较两份文件中关于退保相关的信息，找出可能存在的冲突。

对于第一份文件，其中没有涉及到退保相关的条款，因此与第二份文件不存在冲突。

对于第二份文件，其中涉及到了退保的相关条款，包括退保手续费用、退保条件等内容。由于该文件已经提供了非常详细的退保条款说明，因此与其他文件相比，可能存在冲突。

根据题目要求，我们只需要比较相同条件下两份文件的描述是否冲突。对比第二份文件和空白文件，我们可以发现存在以下冲突：

- 文件2中规定了退保手续费比例是保险费的3.2%，而空白文件中没有提及任何关于退保手续费的信息，因此存在冲突。

- 文件2中规定了投保人在保险责任开始前解除合同需要支付退保手续费，而在空白文件中没有提及这一点，因此也存在冲突。

综上所述，两份文件存在冲突。
2025-06-28 05:59:17 - text_comparison.py:92 - 0|2 result=根据题目要求，需要对比分析这两份文件中关于“退保条款”的内容。

对比文件1和文件2，发现两者对于“退保手续费比例”的描述是不同的，因此存在冲突。具体来说，文件1中未提及该比例的具体数值，而文件2中则明确给出了该比例数值为3%。因此，对于此部分的描述存在冲突。

对于其他内容，由于题目要求只比较相同条件下两份文件的描述是否冲突，而在本例中不存在其他相同的条件需要比较，因此可以认为在其他方面不存在冲突。

综上所述，对于这个特定的“退保条款”对比任务，文件1和文件2存在冲突的部分为“退保手续费比例”。

简易理由：由于两份文件在“退保手续费比例”方面的描述不同，因此存在冲突；在其他方面不存在需要比较的条件，因此可以认为不存在冲突。

结果：有冲突
2025-06-28 05:59:55 - text_comparison.py:92 - 1|2 result=根据题目要求，需要对比分析两份文件中关于退保相关的信息。

对于第一份文件，其中规定了在保险责任开始前和保险责任开始后的退保情况，并指明了退保手续费的比例为3.2%；对于第二份文件，则规定了退保手续费比例为3%，并且给出了退保手续费的计算公式。因此，我们可以得出结论，这两份文件存在明显的冲突，因为它们规定的退保手续费比例不同。

综上所述，这两份文件存在冲突。
2025-06-28 05:59:55 - text_comparison.py:99 - results: [True, True, True]
2025-06-28 05:59:55 - text_comparison.py:106 - ===============cnt=15 || material_id='m_00015a' || rule='退保条款' || end_result=True===============
2025-06-28 05:59:55 - text_comparison.py:57 - ===============cnt=16 || material_id='m_00016a' || rule='保障责任' || label=None===============
2025-06-28 05:59:55 - text_comparison.py:62 - load data ../data/clean_data_qwen2.5-72b-instruct/materials/m_00016a/INTRODUCE_IMG/保障责任.txt...
2025-06-28 05:59:55 - text_comparison.py:62 - load data ../data/clean_data_qwen2.5-72b-instruct/materials/m_00016a/HEAD_IMG/保障责任.txt...
2025-06-28 05:59:55 - text_comparison.py:62 - load data ../data/clean_data_qwen2.5-72b-instruct/materials/m_00016a/CLAUSE/保障责任.txt...
2025-06-28 05:59:55 - text_comparison.py:62 - load data ../data/clean_data_qwen2.5-72b-instruct/materials/m_00016a/INSURE_NOTICE/保障责任.txt...
2025-06-28 05:59:55 - text_comparison.py:62 - load data ../data/clean_data_qwen2.5-72b-instruct/materials/m_00016a/ADDITIONAL_AGREEMENT/保障责任.txt...
2025-06-28 05:59:55 - text_comparison.py:62 - load data ../data/clean_data_qwen2.5-72b-instruct/materials/m_00016a/LIABILITY_EXCLUSION/保障责任.txt...
2025-06-28 05:59:58 - text_comparison.py:106 - ===============cnt=16 || material_id='m_00016a' || rule='保障责任' || end_result=False===============
2025-06-28 05:59:58 - text_comparison.py:57 - ===============cnt=17 || material_id='m_00017a' || rule='赔付 & 领取规则' || label=None===============
2025-06-28 05:59:58 - text_comparison.py:62 - load data ../data/clean_data_qwen2.5-72b-instruct/materials/m_00017a/CLAUSE/赔付 & 领取规则.txt...
2025-06-28 05:59:58 - text_comparison.py:62 - load data ../data/clean_data_qwen2.5-72b-instruct/materials/m_00017a/INSURE_NOTICE/赔付 & 领取规则.txt...
2025-06-28 05:59:58 - text_comparison.py:62 - load data ../data/clean_data_qwen2.5-72b-instruct/materials/m_00017a/ADDITIONAL_AGREEMENT/赔付 & 领取规则.txt...
2025-06-28 05:59:58 - text_comparison.py:62 - load data ../data/clean_data_qwen2.5-72b-instruct/materials/m_00017a/LIABILITY_EXCLUSION/赔付 & 领取规则.txt...
2025-06-28 06:01:34 - text_comparison.py:92 - 0|1 result=《文件1》中，对于“原位癌保险金”、“恶性肿瘤——轻度”保险金以及“恶性肿瘤——重度”保险金这三项保险责任，在等待期后如果被保险人初次罹患并被保险公司认可的医院的专科医生确诊患有合同约定的疾病，则会分别按照30%、30%、100%的比例进行给付，并且对应的责任终止。而身故保险金则是在被保险人身故时，按照本合同已交付的保险费和现金价值两者中的金额较大者进行给付，同样也只需要给付一次。

《文件2》中，对于“原位癌保险金”、“恶性肿瘤——轻度”保险金以及“恶性肿瘤——重度”保险金这三项保险责任，在等待期后如果被保险人初次罹患并被保险公司认可的医院的专科医生确诊患有合同约定的疾病，则会分别按照30%、30%、100%的比例进行给付，并且对应的责任终止。而身故保险金则是在被保险人身故时，按照本合同已交付的保险费和现金价值两者中的金额较大者进行给付，同样也只需要给付一次。两份文件关于保险责任的描述是基本一致的。
2025-06-28 06:01:34 - text_comparison.py:99 - results: [True]
2025-06-28 06:01:34 - text_comparison.py:106 - ===============cnt=17 || material_id='m_00017a' || rule='赔付 & 领取规则' || end_result=True===============
2025-06-28 06:01:34 - text_comparison.py:57 - ===============cnt=18 || material_id='m_00018a' || rule='退保条款' || label=None===============
2025-06-28 06:01:34 - text_comparison.py:62 - load data ../data/clean_data_qwen2.5-72b-instruct/materials/m_00018a/HEALTH_INFORM/退保条款.txt...
2025-06-28 06:01:34 - text_comparison.py:62 - load data ../data/clean_data_qwen2.5-72b-instruct/materials/m_00018a/CLAUSE/退保条款.txt...
2025-06-28 06:01:34 - text_comparison.py:62 - load data ../data/clean_data_qwen2.5-72b-instruct/materials/m_00018a/INSURE_NOTICE/退保条款.txt...
2025-06-28 06:01:34 - text_comparison.py:62 - load data ../data/clean_data_qwen2.5-72b-instruct/materials/m_00018a/ADDITIONAL_AGREEMENT/退保条款.txt...
2025-06-28 06:01:34 - text_comparison.py:62 - load data ../data/clean_data_qwen2.5-72b-instruct/materials/m_00018a/LIABILITY_EXCLUSION/退保条款.txt...
2025-06-28 06:02:49 - text_comparison.py:92 - 0|1 result=对于第一份文件和第二份文件中的"退保条款"进行了对比分析：

1. 对于"退保条件"的描述，两份文件都是在保险责任开始前或保险责任开始后，投保人要求解除本合同时需要支付一定的退保手续费，并且都要退还剩余部分保险费。

2. 对于"退保手续费"的描述，两份文件的规定不同，第一份文件规定为"应当按保险费的5%向保险人支付退保手续费"，而第二份文件规定为"应当按保险费的 5% 向保险人支付退保手续费"，存在明显差异。

3. 对于未满期保险费的退还方式，在保险责任开始前解除合同的情况下，两份文件的描述一致；但在保险责任开始后解除合同的情况下，第一份文件规定为"退还未满期保险费"，而第二份文件规定为"退还未满期净保费"，存在明显差异。

因此，综合以上情况，这两份文件存在明显冲突。
2025-06-28 06:02:49 - text_comparison.py:99 - results: [True]
2025-06-28 06:02:49 - text_comparison.py:106 - ===============cnt=18 || material_id='m_00018a' || rule='退保条款' || end_result=True===============
2025-06-28 06:02:49 - text_comparison.py:57 - ===============cnt=19 || material_id='m_00019a' || rule='投保条款' || label=None===============
2025-06-28 06:02:49 - text_comparison.py:62 - load data ../data/clean_data_qwen2.5-72b-instruct/materials/m_00019a/INTRODUCE_IMG/投保条款.txt...
2025-06-28 06:02:49 - text_comparison.py:62 - load data ../data/clean_data_qwen2.5-72b-instruct/materials/m_00019a/HEAD_IMG/投保条款.txt...
2025-06-28 06:02:49 - text_comparison.py:62 - load data ../data/clean_data_qwen2.5-72b-instruct/materials/m_00019a/CLAUSE/投保条款.txt...
2025-06-28 06:02:49 - text_comparison.py:62 - load data ../data/clean_data_qwen2.5-72b-instruct/materials/m_00019a/INSURE_NOTICE/投保条款.txt...
2025-06-28 06:02:49 - text_comparison.py:62 - load data ../data/clean_data_qwen2.5-72b-instruct/materials/m_00019a/ADDITIONAL_AGREEMENT/投保条款.txt...
2025-06-28 06:02:49 - text_comparison.py:62 - load data ../data/clean_data_qwen2.5-72b-instruct/materials/m_00019a/LIABILITY_EXCLUSION/投保条款.txt...
2025-06-28 06:04:42 - text_comparison.py:92 - 0|1 result=承保年龄范围：文件1规定了承保年龄为18-65周岁，而文件2则没有明确规定，因此可以认为文件2对该事项没有冲突。
投保人条件限制：文件1规定了投保人应为具有完全民事行为能力的被保险人本人、对被保险人有保险利益的其他人，而文件2也规定了投保人应该为具有完全民事行为能力的被保险人本人、对被保险人有保险利益的其他人，因此这两份文件在该事项上没有冲突。
赔偿金额：两份文件中都没有明确说明关于赔偿金额的条款，因此无需进行比较。
保险病种：由于两份文件在疾病种类上都没有明确说明，因此无需进行比较。
结论：根据上述分析，两份文件存在以下冲突：
1、投保年龄范围：文件1规定了承保年龄为18-65周岁，而文件2则没有明确规定，因此可以认为文件2对该事项没有冲突。
2、投保人条件限制：文件1规定了投保人应为具有完全民事行为能力的被保险人本人、对被保险人有保险利益的其他人，而文件2也规定了投保人应该为具有完全民事行为能力的被保险人本人、对被保险人有保险利益的其他人，因此这两份文件在该事项上没有冲突。
3、赔偿金额：两份文件中都没有明确说明关于赔偿金额的条款，因此无需进行比较。
4、保险病种：由于两份文件在疾病种类上都没有明确说明，因此无需进行比较。
2025-06-28 06:07:12 - text_comparison.py:92 - 0|2 result=1. 对于“投保年龄”的描述，“文件1”中指出投保年龄范围广泛，涵盖18-65周岁的群体；而“文件2”中则指出本保险产品承保年龄范围为17-65周岁，虽然两者的投保年龄范围略有不同，但并未明确说明投保年龄超过65周岁时的具体情况，因此此处不存在明显的相互冲突情况。
2. 文件1中指出了需要特别注意的职业分类表链接，而在文件2中则指明了投保人需要从事1-3类职业，但两者所涉及的职业分类标准并不一致，可能存在一定的冲突。
3. 文件1中提到的“保险病种”只有意外身故或残疾一项，而文件2则在该基础上增加了“共同被保险人意外身故或残疾”的责任，因此存在保险病种的差异。
4. 文件1中指出“职业分类表”可通过链接或者在《投保须知》下拉菜单中获取，但在文件2中并没有提及这一信息，因此可能存在着一定的信息缺失或矛盾。
5. 文件1中对于“赔偿金额”的描述较为简单，没有给出具体的数额，而在文件2中则指明了不同情况的赔偿金额，因此在赔偿金额的描述上存在一定的差异。
2025-06-28 06:10:24 - text_comparison.py:92 - 0|3 result=投保年龄范围广且涵盖多种职业人群: 文件1中承保年龄范围广且涵盖多种职业人群 18-65周岁（含）均可投保, 其中150万计划仅承保18-55周岁(含)人群。 文件2中本保险产品承保年龄：（1）150万计划承保18-55周岁能正常生活或正常工作的自然人；（2）其余计划承保18-65周岁能正常生活或正常工作的自然人。 

没有冲突。

职业分类： 文件1中注：本保险产品各计划分年龄段定价，会因被保险人年龄增长及投保人数而变化，具体保费以每年投保时系统试算为准。1-3类职业人群可投保 教师 学生 公司白领 商务人士。 文件2中本保险仅承保被保险人为从事1-3类职业的人群，职业分类以《中国太平洋财产保险股份有限公司职业分类表（2008版）》为准，若被保险人从事4类及以上和特定职业不在本保险承保范围内。 

有冲突。

投保方式： 文件1中投保年龄：18-45周岁，趸交：34.8/68.3/105.6/181.1，月交：2.90/5.69/8.80/15.09 投保年龄：46-55周岁，趸交：117.8/160.0/200.0/308.9，月交：9.82/13.33/16.67/25.74 投资年龄：56-65周岁，趸交：175.6/262.4/370.0/571.1，月交：14.63/21.87/30.83/47.59 夫妻共同投保： 投保年龄：18-45周岁，趸交：31.3/61.4/95.0/163.0，月交：2.61/5.12/7.92/13.58 投保年龄：46-55周岁，趸
2025-06-28 06:10:42 - text_comparison.py:92 - 1|2 result=无冲突
2025-06-28 06:11:28 - text_comparison.py:92 - 1|3 result=根据题目要求，需要对比分析两份文件中提到的投保条款是否存在明显相互冲突的情况。

对于第一份文件，其中提到了被保险人的条件限制以及投保人的条件限制，但是没有涉及到缴费约定和保险责任方面的内容。而第二份文件则涉及到了投保人的缴费约定、保险责任、职业类别限制等内容，但是对于被保险人的条件限制没有在文件中提及。

因此，根据题目要求，只比较相同条件下两份文件的描述是否冲突，可以得出结论：这两份文件存在明显的差异，没有直接冲突。

综上所述，这两份文件不存在相互冲突的情况。
2025-06-28 06:14:07 - text_comparison.py:92 - 2|3 result=根据题目要求，我们需要对两份文件中的投保条款进行对比，找出是否存在明显相互冲突的情况。由于文件一中涉及到了投保人、被保险人、职业类别、限购份数、交费方式、共同被保险人意外身故或残疾、保险费支付方式、退保、逾期未缴费导致脱保的处理等方面的内容，而文件二中也涉及到了投保人、被保险人、职业类别、限购份数、交费方式、保险费支付方式、退保等方面的内容，因此我们只需对比这些内容即可。

比较结果如下：

1. 投保人方面：两份文件的要求一致，不存在冲突。

2. 被保险人方面：对于150万计划和其余计划的承保年龄，在文件一中规定的是18-55周岁和18-65周岁，而在文件二中规定的是18-55周岁和18-65周岁，两者的要求是相同的，不存在冲突。

3. 职业类别方面：两份文件的要求是一致的，不存在冲突。

4. 限购份数方面：两份文件的要求是一致的，不存在冲突。

5. 交费方式方面：两份文件的要求基本一致，但在文件二中没有提及“保险期限终止后发生的保险事故”的情况，可能存在潜在冲突。

6. 保险费支付方式方面：两份文件的要求是一致的，不存在冲突。

7. 退保方面：两份文件的要求基本一致，但在文件二中没有提及“保险期间天数”的概念，可能存在潜在冲突。

综上所述，我们可以得到以下判断的简易理由：

对于投保人、被保险人、职业类别、限购份数、交费方式、保险费支付方式、退保等方面的内容，两份文件的要求基本一致，不存在明显相互冲突的情况；但对于保险期限终止后发生的保险事故和保险期间天数等方面的概念，两份文件可能存在潜在冲突。

因此，最终的结果为“有冲突”。
2025-06-28 06:14:07 - text_comparison.py:99 - results: [True, True, True, True, True, True]
2025-06-28 06:14:07 - text_comparison.py:106 - ===============cnt=19 || material_id='m_00019a' || rule='投保条款' || end_result=True===============
2025-06-28 06:14:07 - text_comparison.py:57 - ===============cnt=20 || material_id='m_00020a' || rule='续保条款' || label=None===============
2025-06-28 06:14:07 - text_comparison.py:62 - load data ../data/clean_data_qwen2.5-72b-instruct/materials/m_00020a/INTRODUCE_IMG/续保条款.txt...
2025-06-28 06:14:07 - text_comparison.py:62 - load data ../data/clean_data_qwen2.5-72b-instruct/materials/m_00020a/HEAD_IMG/续保条款.txt...
2025-06-28 06:14:07 - text_comparison.py:62 - load data ../data/clean_data_qwen2.5-72b-instruct/materials/m_00020a/CLAUSE/续保条款.txt...
2025-06-28 06:14:07 - text_comparison.py:62 - load data ../data/clean_data_qwen2.5-72b-instruct/materials/m_00020a/INSURE_NOTICE/续保条款.txt...
2025-06-28 06:14:07 - text_comparison.py:62 - load data ../data/clean_data_qwen2.5-72b-instruct/materials/m_00020a/ADDITIONAL_AGREEMENT/续保条款.txt...
2025-06-28 06:14:07 - text_comparison.py:62 - load data ../data/clean_data_qwen2.5-72b-instruct/materials/m_00020a/LIABILITY_EXCLUSION/续保条款.txt...
2025-06-28 06:14:07 - text_comparison.py:72 - ===============<=1 cnt=20 || material_id='m_00020a' || rule='续保条款' || end_result=True===============
2025-06-28 06:14:07 - text_comparison.py:57 - ===============cnt=21 || material_id='m_00021a' || rule='出险条款' || label=None===============
2025-06-28 06:14:07 - text_comparison.py:62 - load data ../data/clean_data_qwen2.5-72b-instruct/materials/m_00021a/HEALTH_INFORM/出险条款.txt...
2025-06-28 06:14:07 - text_comparison.py:62 - load data ../data/clean_data_qwen2.5-72b-instruct/materials/m_00021a/INTRODUCE_IMG/出险条款.txt...
2025-06-28 06:14:07 - text_comparison.py:62 - load data ../data/clean_data_qwen2.5-72b-instruct/materials/m_00021a/HEAD_IMG/出险条款.txt...
2025-06-28 06:14:07 - text_comparison.py:62 - load data ../data/clean_data_qwen2.5-72b-instruct/materials/m_00021a/CLAUSE/出险条款.txt...
2025-06-28 06:14:07 - text_comparison.py:62 - load data ../data/clean_data_qwen2.5-72b-instruct/materials/m_00021a/INSURE_NOTICE/出险条款.txt...
2025-06-28 06:14:07 - text_comparison.py:62 - load data ../data/clean_data_qwen2.5-72b-instruct/materials/m_00021a/ADDITIONAL_AGREEMENT/出险条款.txt...
2025-06-28 06:14:08 - text_comparison.py:62 - load data ../data/clean_data_qwen2.5-72b-instruct/materials/m_00021a/LIABILITY_EXCLUSION/出险条款.txt...
2025-06-28 06:14:08 - text_comparison.py:72 - ===============<=1 cnt=21 || material_id='m_00021a' || rule='出险条款' || end_result=True===============
2025-06-28 06:14:08 - text_comparison.py:57 - ===============cnt=22 || material_id='m_00022a' || rule='投保条款' || label=None===============
2025-06-28 06:14:08 - text_comparison.py:62 - load data ../data/clean_data_qwen2.5-72b-instruct/materials/m_00022a/INTRODUCE_IMG/投保条款.txt...
2025-06-28 06:14:08 - text_comparison.py:62 - load data ../data/clean_data_qwen2.5-72b-instruct/materials/m_00022a/HEAD_IMG/投保条款.txt...
2025-06-28 06:14:08 - text_comparison.py:62 - load data ../data/clean_data_qwen2.5-72b-instruct/materials/m_00022a/CLAUSE/投保条款.txt...
2025-06-28 06:14:08 - text_comparison.py:62 - load data ../data/clean_data_qwen2.5-72b-instruct/materials/m_00022a/INSURE_NOTICE/投保条款.txt...
2025-06-28 06:14:08 - text_comparison.py:62 - load data ../data/clean_data_qwen2.5-72b-instruct/materials/m_00022a/ADDITIONAL_AGREEMENT/投保条款.txt...
2025-06-28 06:14:08 - text_comparison.py:62 - load data ../data/clean_data_qwen2.5-72b-instruct/materials/m_00022a/LIABILITY_EXCLUSION/投保条款.txt...
2025-06-28 06:14:17 - text_comparison.py:92 - 0|1 result=无冲突
2025-06-28 06:14:47 - text_comparison.py:92 - 0|2 result=<thing>做出判断的简易理由</thing><result>有冲突\无冲突</result>
根据题目要求，只需要比较两份文件中相同条件的描述和表达是否存在明显相互冲突的情况。对比文件1和文件2，“投保年龄”的描述一致，因此没有冲突。对于其他事项，文件2中有详细描述，而文件1中没有相关说明，因此不存在冲突。
2025-06-28 06:15:58 - text_comparison.py:92 - 0|3 result=根据题目要求，我们只需要比较文件1和文件2中相同的事项。从文件1中我们找不到关于投保期限、被保险人年龄范围以及同一保险期间内被保险人限购份数的信息。因此，我们可以得出结论：

投保年龄：无冲突
投保期限：文件1中没有该描述，无法比较
被保险人年龄范围：文件1中没有该描述，无法比较
同一保险期间内被保险人限购份数：文件1中没有该描述，无法比较

综合以上情况，我们可以得到如下结果：

投保年龄：无冲突
投保期限：无冲突
被保险人年龄范围：无冲突
同一保险期间内被保险人限购份数：无冲突

因此，这两份文件在这些方面上没有冲突。

注：尽管文件2中关于被保险人的年龄范围描述比文件1更广泛，但这并不构成冲突，因为文件1中并没有规定具体的年龄范围，所以此处无需比较。
2025-06-28 06:17:13 - text_comparison.py:92 - 1|2 result=以下是针对您提供的两份文件的冲突分析：
【文件1】中描述了投保过程中的缴费约定、投被保人条件限制等内容，包括投保人缴费方式、投保人未按时交纳保费的后果、投保人应当如实告知的信息、保险事故的通知要求、理赔指导等。
【文件2】中主要描述了投保须知、产品说明、投保声明等内容。其中投保须知部分包括投保地区的限定、保单形式、如实告知的要求、信息变更、投诉服务及理赔渠道等方面；产品说明部分包括保险责任、保险期间、被保险人范围、赔偿比例、指定医疗网络、除外责任等方面的约定；投保声明部分涉及投保人对投保单所填内容的真实性和准确性、对被保险人的告知义务、保险责任的承担等方面。
经过对比分析，这两份文件之间不存在明显的冲突。虽然它们分别涉及不同的主题，但是这些主题都是投保过程中需要涉及的方面。因此，我们可以得出结论：这两份文件之间没有冲突。
2025-06-28 06:18:00 - text_comparison.py:92 - 1|3 result=无冲突

文件1中涉及投保流程的约定，包括保费缴纳、如实告知、合同解除、地址变更等方面的事项。文件2中则是关于投保人的条件限制，包括年龄范围和限购份数等方面的约定。虽然两份文件都涉及到投保方面的内容，但是它们描述的是不同的方面，因此不存在明显的相互冲突的情况。

根据题目要求，只有在两份文件中都提到的同一件事物的描述和表达存在明显矛盾的情况下才需要进行冲突分析。而在上述给出的两份文件中，并没有找到这样的描述和表达，因此可以得出结论：这两份文件之间不存在冲突。
2025-06-28 06:20:24 - text_comparison.py:92 - 2|3 result=无冲突
2025-06-28 06:20:24 - text_comparison.py:99 - results: [True, True, True, True, True, True]
2025-06-28 06:20:24 - text_comparison.py:106 - ===============cnt=22 || material_id='m_00022a' || rule='投保条款' || end_result=True===============
2025-06-28 06:20:24 - text_comparison.py:57 - ===============cnt=23 || material_id='m_00023a' || rule='续保条款' || label=None===============
2025-06-28 06:20:24 - text_comparison.py:62 - load data ../data/clean_data_qwen2.5-72b-instruct/materials/m_00023a/HEAD_IMG/续保条款.txt...
2025-06-28 06:20:24 - text_comparison.py:62 - load data ../data/clean_data_qwen2.5-72b-instruct/materials/m_00023a/CLAUSE/续保条款.txt...
2025-06-28 06:20:24 - text_comparison.py:62 - load data ../data/clean_data_qwen2.5-72b-instruct/materials/m_00023a/INSURE_NOTICE/续保条款.txt...
2025-06-28 06:20:24 - text_comparison.py:62 - load data ../data/clean_data_qwen2.5-72b-instruct/materials/m_00023a/LIABILITY_EXCLUSION/续保条款.txt...
2025-06-28 06:20:24 - text_comparison.py:72 - ===============<=1 cnt=23 || material_id='m_00023a' || rule='续保条款' || end_result=True===============
2025-06-28 06:20:24 - text_comparison.py:57 - ===============cnt=24 || material_id='m_00024a' || rule='责任免除' || label=None===============
2025-06-28 06:20:24 - text_comparison.py:62 - load data ../data/clean_data_qwen2.5-72b-instruct/materials/m_00024a/HEALTH_INFORM/责任免除.txt...
2025-06-28 06:20:24 - text_comparison.py:62 - load data ../data/clean_data_qwen2.5-72b-instruct/materials/m_00024a/INTRODUCE_IMG/责任免除.txt...
2025-06-28 06:20:24 - text_comparison.py:62 - load data ../data/clean_data_qwen2.5-72b-instruct/materials/m_00024a/HEAD_IMG/责任免除.txt...
2025-06-28 06:20:24 - text_comparison.py:62 - load data ../data/clean_data_qwen2.5-72b-instruct/materials/m_00024a/CLAUSE/责任免除.txt...
2025-06-28 06:20:24 - text_comparison.py:62 - load data ../data/clean_data_qwen2.5-72b-instruct/materials/m_00024a/INSURE_NOTICE/责任免除.txt...
2025-06-28 06:20:24 - text_comparison.py:62 - load data ../data/clean_data_qwen2.5-72b-instruct/materials/m_00024a/ADDITIONAL_AGREEMENT/责任免除.txt...
2025-06-28 06:20:24 - text_comparison.py:62 - load data ../data/clean_data_qwen2.5-72b-instruct/materials/m_00024a/LIABILITY_EXCLUSION/责任免除.txt...
2025-06-28 06:20:33 - text_comparison.py:92 - 0|1 result=有冲突
2025-06-28 06:21:17 - text_comparison.py:92 - 0|2 result=有冲突
对于第(9)条责任免除，两个文件都有相关描述，但是描述的内容不完全相同。文件1中列出的除外责任包括"首次投保前所患既往症或重新投保的生效日前或等待期内所患或出现的疾病(或其并发症)",而文件2中列出了更为具体的责任免除，将第(9)项列为"被保险人在首次投保前所患既往症或重新投保的生效日前或等待期内所患或出现的疾病(或其并发症)、生理缺陷、残疾"。因此，这两个项目的描述存在冲突。
2025-06-28 06:21:53 - text_comparison.py:92 - 0|3 result=被保险人在首次投保前所患既往症或重新投保的生效日前或等待期内所患或出现的疾病(或其并发症)、生理缺陷、残疾与文件2中"本产品仅承保职业类别为1-4类的人员，职业类别请参照《中国太平洋财产保险股份有限公司职业分类表（2008版）》"存在冲突。因为这两份文件描述了不同的内容，没有直接相关性，因此不存在冲突。
2025-06-28 06:23:12 - text_comparison.py:92 - 0|4 result=对于第一份文件中的"责任免除"描述，其涉及的内容包括故意犯罪、抗拒依法采取的刑事强制措施、自杀、酒驾、吸毒、高风险活动、战争、核爆炸等原因导致的医疗费用，以及首次投保前的既往症或重新投保生效日前或等待期内所患或出现的疾病。对于第二份文件中的"责任免除"描述，其内容与第一份文件基本一致，只是增加了一些更加具体的医疗费用排除情况，例如某些特定疾病的治疗费用、整容手术费用、医疗鉴定费用等。因此，在这两份文件中，关于责任免除的描述存在一定的重复和重叠，但在具体排除的医疗费用方面略有不同。

对于医疗费用的描述，这两份文件均列出了若干种医疗费用排除情况，但可能存在一些无法完全覆盖的情况。在实际应用中，建议对医疗费用的定义和解释作出更细致和明确的描述，以避免纠纷和误解。同时，建议在保险条款中增加相关示例，以便客户更好地理解保险责任和责任免除的具体内容。
2025-06-28 06:23:20 - text_comparison.py:92 - 1|2 result=对于文件1中责任免除的内容，文件2中有对应的描述，因此存在冲突。
2025-06-28 06:23:27 - text_comparison.py:92 - 1|3 result=以下是根据您提供的描述进行的冲突分析结果：
无冲突
2025-06-28 06:24:37 - text_comparison.py:92 - 1|4 result=根据您提供的信息，我们对比了两个文件中的责任免除条款。经过仔细分析，我们发现这两个文件中有22条类似的免责条款。由于这些条款都是针对某些特定情况下的医疗费用不予理赔，因此它们可能会产生冲突。在这种情况下，如果被保险人同时持有一份文件中的保险单，则可能无法获得补偿。

对于您提供的责任免除条款，我们将它们按照文件1和文件2进行了排序。我们还发现了几个在两个文件中都列出的免责事项，例如被保险人醉酒、斗殴、服用毒品等。此外，两个文件都列出了与核爆炸、核污染相关的免责事项，这表明在此类事件中，保险公司不会承担赔偿责任。

综上所述，对于您提供的22个责任免除条款，我们已经将它们按照文件1和文件2进行了排列和比较，并指出了其中存在的冲突。如果您需要更多的详细信息或帮助，请随时告诉我们。
2025-06-28 06:25:45 - text_comparison.py:92 - 2|3 result=责任免除方面存在明显冲突的地方包括：
(1) 文件1中第(2)条与文件2中第5条关于"被保险人故意犯罪或抗拒依法采取的刑事强制措施"的描述冲突；
(2) 文件1中第(3)条与文件2中第5条关于"被保险人自杀"的描述冲突；
(3) 文件1中第(10)条与文件2中第5条关于"怀孕、流产、堕胎、分娩"的描述冲突；
(4) 文件1中第(11)条与文件2中第5条关于"性病"的描述冲突；
(5) 文件1中第(13)条与文件2中第5条关于"各种整容及生理缺陷的手术和检查治疗项目"的描述冲突。 故，这两份文件存在冲突。
2025-06-28 06:28:49 - text_comparison.py:92 - 2|4 result=根据提供的文本，关于“责任免除（约定该产品不承担保险责任的情形,险人不承担给付保险金的责任）”的信息如下：
【文件1】

```
18、责任免除：详见《中国太平洋财产保险股份有限公司个人医疗保险 B 款(2022 版互联网)条款》（注册号：C00001432512022102708621），条款内责任免除事项保险公司不负责赔偿。对下列费用或因下列情形之一导致被保险人接受治疗的，我们不承担保险责任：（1）投保人对被保险人的故意杀害、故意伤害；（2）被保险人故意犯罪或抗拒依法采取的刑事强制措施；（3）被保险人自杀，但被保险人自杀时为无民事行为能力人的除外；（4）被保险人醉酒，斗殴，主动吸食或注射毒品；（5）被保险人酒后驾驶，无合法有效驾驶证驾驶，或驾驶无有效行驶证的机动车；（6）被保险人参加潜水、跳伞、攀岩、驾驶滑翔机或滑翔伞、探险、摔跤、武术比赛、特技表演、赛马、赛车等高风险活动；（7）战争、军事冲突、暴乱或武装叛乱、恐怖主义；（8）核爆炸、核辐射或核污染；（9）被保险人在首次投保前所患既往症或重新投保的生效日前或等待期内所患或出现的疾病(或其并发症)、生理缺陷、残疾；（10）被保险人怀孕、流产、堕胎、分娩(含剖宫产)、避孕、节育绝育手术、治疗不孕不育症、产前产后检查，或由前述情形导致的并发症，但宫外孕、意外伤害所致的流产或分娩除外；（11）性病、精神疾患、遗传性疾病和先天性畸形、变形或染色体异常；（12）一般健康检查、疗养、视力矫正手术、特别护理、康复性治疗（出院后特别关怀保险金中的康复治疗除外）、心理治疗或以捐献身体器官为目的的医疗行为；（13）非意外事故所致整容手术、各种美容整形项目（重建手术费除外），包括但不限于皮肤色素沉着、痤疮治疗、红斑痤疮治疗；良性皮肤损害（雀斑、老年斑、痣、疣等）的
2025-06-28 06:29:31 - text_comparison.py:92 - 3|4 result=[责任免除]中的描述与[文件1]中的描述存在明显的冲突，因为两者列出了不同的责任免除事项。例如，[文件1]中规定了未缴纳首期保费和在付款宽限期内未补缴保费的情况下保险人不承担责任，而[责任免除]中并未提及这些情况。另外，[责任免除]中列出了许多具体的疾病、手术和治疗方式，而在[文件1]中并没有这些详细的描述。因此，我们可以得出结论，这两份文件中的责任免除描述存在冲突。
2025-06-28 06:29:31 - text_comparison.py:99 - results: [True, True, True, True, True, True, True, True, True, True]
2025-06-28 06:29:31 - text_comparison.py:106 - ===============cnt=24 || material_id='m_00024a' || rule='责任免除' || end_result=True===============
2025-06-28 06:29:31 - text_comparison.py:57 - ===============cnt=25 || material_id='m_00025a' || rule='保障相关时间' || label=None===============
2025-06-28 06:29:31 - text_comparison.py:62 - load data ../data/clean_data_qwen2.5-72b-instruct/materials/m_00025a/HEALTH_INFORM/保障相关时间.txt...
2025-06-28 06:29:31 - text_comparison.py:62 - load data ../data/clean_data_qwen2.5-72b-instruct/materials/m_00025a/PRODUCT_MANUAL/保障相关时间.txt...
2025-06-28 06:29:31 - text_comparison.py:62 - load data ../data/clean_data_qwen2.5-72b-instruct/materials/m_00025a/CLAUSE/保障相关时间.txt...
2025-06-28 06:29:31 - text_comparison.py:62 - load data ../data/clean_data_qwen2.5-72b-instruct/materials/m_00025a/INSURE_NOTICE/保障相关时间.txt...
2025-06-28 06:29:31 - text_comparison.py:62 - load data ../data/clean_data_qwen2.5-72b-instruct/materials/m_00025a/ADDITIONAL_AGREEMENT/保障相关时间.txt...
2025-06-28 06:29:31 - text_comparison.py:62 - load data ../data/clean_data_qwen2.5-72b-instruct/materials/m_00025a/LIABILITY_EXCLUSION/保障相关时间.txt...
2025-06-28 06:29:34 - text_comparison.py:92 - 0|1 result=无冲突。
2025-06-28 06:30:22 - text_comparison.py:92 - 0|2 result=存在冲突

- 文件1 中提到犹豫期的时限是"自投保人签收合同之日起，有 15 日的犹豫期"，而文件2 中则没有明确说明犹豫期的时限。
- 文件1 中提到等待期的时限是在"合同生效或最后一次复效（以较迟者为准）之日起 180日内",而文件2 中则将等待期的时限改为"合同生效或最后一次复效（以较迟者为准）之日起  180 日  内"，且用不同字体加粗进行了强调。因此，这两份文件关于等待期的描述是互相矛盾的。
2025-06-28 06:31:09 - text_comparison.py:92 - 0|3 result=经过对比分析，《文件1》和《文件2》在"犹豫期"方面的描述存在冲突。虽然两份文件都规定了犹豫期为15天，但是《文件2》中还特别说明了解除合同时需要扣除工本费，而《文件1》中则没有这样的描述。因此，对于犹豫期的处理，存在明显的冲突。

| thing | 作出判断的简易理由 |
|-------|----------------------|
| 犹豫期 | 存在冲突 |
| 宽限期 | 无冲突 |
| 赔偿金额 | 无冲突 |
| 保险病种 | 无冲突 |
2025-06-28 06:34:03 - text_comparison.py:92 - 1|2 result=【 thing 1: 保障相关时间】
【 result 1: 有冲突】
原因：文件1 和 文件2 中关于犹豫期的描述不同。文件1 中规定了犹豫期为"自您签收本合同之日起，有 15 日的犹豫期。"，而文件2 中则没有明确说明犹豫期的天数。此外，文件2 中还存在一个与文件1 相同的"宽限期"条款，但其表述有所不同。
【 thing 2: 保险责任】
【 result 2: 无冲突】
原因：文件1 和 文件2 中关于保险责任的描述都是在合同生效或最后一次复效（以较迟者为准）之日起 180日内因意外伤害以外的原因导致身故或全残时，保险公司按客户已支付的保险费总额给付身故保险金或全残保险金，并且都在发生保险事故时扣减客户欠交的保险费。因此，对于该事项，两份文件不存在明显相互冲突的情况。
【 thing 3: 宽限期】
【 result 3: 有冲突】
原因：文件1 和 文件2 中关于宽限期限的规定不同。文件1 中规定为"您支付首期保险费后，除本合同另有约定外，如果您到期未支付保险费，自保险费约定支付日的次日零时起 60 日为宽限期。"，而文件2 中则规定为"分期支付保险费的，您支付首期保险费后，除合同另有约定外，如果您到期未支付保险费，自保险费约定支付日的次日零时起  60 日  为宽限期。"。可见，两份文件对于宽限期的起始时间点的规定不同，因此存在冲突。
【 thing 4: 犹豫期撤保】
【 result 4: 无冲突】
原因：文件1 和 文件2 中关于犹豫期撤保的描述都是可以在犹豫期内通过指定渠道进行操作，并将退保金退还至投保人支付账户。对于该事项，两份文件不存在明显相互冲突的情况。
2025-06-28 06:34:26 - text_comparison.py:92 - 1|3 result=1.4 的描述与 [文件2] 中的描述不冲突；
2.3 的描述与 [文件2] 中的描述不冲突；
4.2 的描述与 [文件2] 中的描述不冲突。

因此，这两份文件不存在明显相互冲突的情况。

结果：无冲突
2025-06-28 06:34:37 - text_comparison.py:92 - 2|3 result=无冲突
2025-06-28 06:34:37 - text_comparison.py:99 - results: [True, True, True, True, True, True]
2025-06-28 06:34:37 - text_comparison.py:106 - ===============cnt=25 || material_id='m_00025a' || rule='保障相关时间' || end_result=True===============
2025-06-28 06:34:37 - text_comparison.py:57 - ===============cnt=26 || material_id='m_00011a' || rule='保障责任' || label=None===============
2025-06-28 06:34:37 - text_comparison.py:62 - load data ../data/clean_data_qwen2.5-72b-instruct/materials/m_00011a/HEALTH_INFORM/保障责任.txt...
2025-06-28 06:34:37 - text_comparison.py:62 - load data ../data/clean_data_qwen2.5-72b-instruct/materials/m_00011a/INTRODUCE_IMG/保障责任.txt...
2025-06-28 06:34:37 - text_comparison.py:62 - load data ../data/clean_data_qwen2.5-72b-instruct/materials/m_00011a/HEAD_IMG/保障责任.txt...
2025-06-28 06:34:37 - text_comparison.py:62 - load data ../data/clean_data_qwen2.5-72b-instruct/materials/m_00011a/CLAUSE/保障责任.txt...
2025-06-28 06:34:37 - text_comparison.py:62 - load data ../data/clean_data_qwen2.5-72b-instruct/materials/m_00011a/INSURE_NOTICE/保障责任.txt...
2025-06-28 06:34:37 - text_comparison.py:62 - load data ../data/clean_data_qwen2.5-72b-instruct/materials/m_00011a/ADDITIONAL_AGREEMENT/保障责任.txt...
2025-06-28 06:34:37 - text_comparison.py:62 - load data ../data/clean_data_qwen2.5-72b-instruct/materials/m_00011a/LIABILITY_EXCLUSION/保障责任.txt...
2025-06-28 06:35:11 - text_comparison.py:92 - 0|1 result=有冲突

文件1 中规定了恶性肿瘤医疗保险金的保险责任，但是没有明确说明是何种情况下进行赔偿以及累计赔偿金额是否有限制。然而，文件2 中对此进行了详细说明，规定了恶性肿瘤住院医疗费用、恶性肿瘤特殊门诊医疗费用、恶性肿瘤门诊手术医疗费用和恶性肿瘤住院前后门急诊医疗费用的赔偿范围和限制条件。因此，这两份文件存在明显的冲突。
2025-06-28 06:35:39 - text_comparison.py:92 - 0|2 result=恶性肿瘤保障责任有冲突。

原因：虽然两份文件都提到了恶性肿瘤的保障责任，但是文件2中指出了哪些疾病不属于恶性肿瘤的保障范围内，其中包括一些肿瘤形态学编码属于1、2范畴的疾病，而文件1中并未对此作出说明。因此，对于这些疾病是否属于恶性肿瘤的保障范围内存在冲突。
2025-06-28 06:37:31 - text_comparison.py:92 - 1|2 result=【文件1】中关于“恶性肿瘤医疗保险金”的描述存在冲突。在描述“恶性肿瘤住院医疗费用”时，第2.5.1.1至2.5.1.4条分别列举了四种类型的费用，但在2.5.1.4条末尾又加上了一句“但不包括本合同第2.5.1.2和2.5.1.3项约定的恶性肿瘤特殊门诊医疗费用和恶性肿瘤门诊手术医疗费用”，这使得第2.5.1.4条所列的“恶性肿瘤门急诊医疗费用”是否包含恶性肿瘤特殊门诊医疗费用和恶性肿瘤门诊手术医疗费用变得模糊不清，存在冲突。

【文件2】的保障责任描述中，“恶性肿瘤定义”一项与【文件1】中对该疾病的描述存在冲突。虽然两个文件对恶性肿瘤的定义都做了较为详细的解释，但是两个文件在某些疾病的具体描述上有所不同，例如“任何职业病、先天性畸形、先天性恶性肿瘤（BRCA1/BRCA2基因突变家族性乳腺癌，遗传性非息肉病性结直肠癌，肾母细胞瘤即Wilms瘤，李-佛美尼综合症即Li-Fraumeni综合症）、遗传性疾病或染色体异常（依照世界卫生组织《疾病和有关健康问题的国际统计分类》（ICD-10）确定）引起的医疗费用”这一描述，在【文件1】中并没有出现，因此需要根据实际情况进行判断。
2025-06-28 06:37:31 - text_comparison.py:99 - results: [True, True, True]
2025-06-28 06:37:31 - text_comparison.py:106 - ===============cnt=26 || material_id='m_00011a' || rule='保障责任' || end_result=True===============
2025-06-28 06:37:31 - text_comparison.py:57 - ===============cnt=27 || material_id='m_00014a' || rule='责任免除' || label=None===============
2025-06-28 06:37:31 - text_comparison.py:62 - load data ../data/clean_data_qwen2.5-72b-instruct/materials/m_00014a/INTRODUCE_IMG/责任免除.txt...
2025-06-28 06:37:31 - text_comparison.py:62 - load data ../data/clean_data_qwen2.5-72b-instruct/materials/m_00014a/HEAD_IMG/责任免除.txt...
2025-06-28 06:37:31 - text_comparison.py:62 - load data ../data/clean_data_qwen2.5-72b-instruct/materials/m_00014a/CLAUSE/责任免除.txt...
2025-06-28 06:37:31 - text_comparison.py:62 - load data ../data/clean_data_qwen2.5-72b-instruct/materials/m_00014a/INSURE_NOTICE/责任免除.txt...
2025-06-28 06:37:31 - text_comparison.py:62 - load data ../data/clean_data_qwen2.5-72b-instruct/materials/m_00014a/ADDITIONAL_AGREEMENT/责任免除.txt...
2025-06-28 06:37:31 - text_comparison.py:62 - load data ../data/clean_data_qwen2.5-72b-instruct/materials/m_00014a/LIABILITY_EXCLUSION/责任免除.txt...
2025-06-28 06:37:34 - text_comparison.py:92 - 0|1 result=无冲突。
2025-06-28 06:37:43 - text_comparison.py:92 - 0|2 result=【文件1】中没有关于责任免除的内容，因此与【文件2】不存在冲突。
2025-06-28 06:38:13 - text_comparison.py:92 - 0|3 result=【分析结果】

有冲突

【原因】
虽然两份文件中对于保险责任免除的事项都有各自的描述，但是对比可以发现，文件2中列举的第(一)条至第(七)条与文件1中已有描述的内容重合，而文件2中的第(八)条至第(十三)条内容是新增加的排除责任事项，因此存在冲突。
2025-06-28 06:38:46 - text_comparison.py:92 - 1|2 result=存在冲突。 文件1中有 (七)、(八)、(九)、(十)、(十一)、(十二)、(十三)这7项责任免除条款，而文件2中有(七)、(八)、(九)、(十)、(十一)、(十二)、(十三)以及新增的(十四)这8项责任免除条款，因此这两份文件存在冲突。
2025-06-28 06:38:58 - text_comparison.py:92 - 1|3 result=对比文件1和文件2的内容，可以发现这两份文件的描述内容完全一致，因此答案为“无冲突”。
2025-06-28 06:39:19 - text_comparison.py:92 - 2|3 result=无冲突
2025-06-28 06:39:19 - text_comparison.py:99 - results: [True, True, True, True, True, True]
2025-06-28 06:39:19 - text_comparison.py:106 - ===============cnt=27 || material_id='m_00014a' || rule='责任免除' || end_result=True===============
2025-06-28 06:39:19 - text_comparison.py:57 - ===============cnt=28 || material_id='m_00026a' || rule='保障责任' || label=None===============
2025-06-28 06:39:19 - text_comparison.py:62 - load data ../data/clean_data_qwen2.5-72b-instruct/materials/m_00026a/INTRODUCE_IMG/保障责任.txt...
2025-06-28 06:39:19 - text_comparison.py:62 - load data ../data/clean_data_qwen2.5-72b-instruct/materials/m_00026a/HEAD_IMG/保障责任.txt...
2025-06-28 06:39:19 - text_comparison.py:62 - load data ../data/clean_data_qwen2.5-72b-instruct/materials/m_00026a/CLAUSE/保障责任.txt...
2025-06-28 06:39:19 - text_comparison.py:62 - load data ../data/clean_data_qwen2.5-72b-instruct/materials/m_00026a/INSURE_NOTICE/保障责任.txt...
2025-06-28 06:39:19 - text_comparison.py:62 - load data ../data/clean_data_qwen2.5-72b-instruct/materials/m_00026a/ADDITIONAL_AGREEMENT/保障责任.txt...
2025-06-28 06:39:19 - text_comparison.py:62 - load data ../data/clean_data_qwen2.5-72b-instruct/materials/m_00026a/LIABILITY_EXCLUSION/保障责任.txt...
2025-06-28 06:41:10 - text_comparison.py:92 - 0|1 result=保障责任对比结果如下：

| <thing>作出判断的简易理由</thing> | <result>有冲突\无冲突</result> |
| --- | --- |
| 文件1和文件2都提到了意外伤害的住院医疗和门急诊医疗责任，因此存在保障责任上的部分重叠。 | 有冲突 |
| 文件1中规定了等待期为7天，而文件2中则没有明确说明。 | 无冲突 |
| 文件1中规定了意外伤害的住院医疗和门急诊医疗都属于保险责任，而在文件2中只有意外伤害的门急诊医疗属于保险责任，没有提及住院医疗。 | 有冲突 |
| 文件1中规定了意外伤害住院医疗的免赔额为0元，而文件2中规定了意外伤害门急诊医疗的免赔额为100元。 | 有冲突 |
| 文件1中规定了意外伤害住院医疗的给付比例为100%，而文件2中规定了已获得基本医疗保险或公费医疗补偿的情况下赔付比例为60%，未获得补偿的情况下赔付比例为30%。 | 有冲突 |
| 文件1中规定了意外伤害住院医疗和门急诊医疗共享保险金额，而文件2中只规定了意外伤害门急诊医疗共享保险金额。 | 有冲突 |
| 文件1和文件2都提到了基本医疗保险和当地基本医疗保险主管部门的规定，因此在这一点上不存在冲突。 | 无冲突 |
综上所述，这两份文件存在一定的保障责任冲突。
2025-06-28 06:41:36 - text_comparison.py:92 - 0|2 result=有冲突

对比这两份文件可以发现，虽然它们都在讨论“意外伤害住院医疗保险金”和“意外伤害门急诊医疗保险金”，但是在文件1中将这两种保险责任进行了细分，而文件2则将两者合并在一起，并且对于不同情况的医疗费用的赔付比例也存在差异，因此这两份文件存在明显的冲突。
2025-06-28 06:42:18 - text_comparison.py:92 - 1|2 result=有冲突

1. 文件1 和文件2 中都有意外伤害住院医疗责任，但是关于赔偿金额和保险金额的描述不同。
  2. 文件1 中没有明确说明意外伤害门急诊医疗责任的免赔额，而文件2 中有明确说明。
  3. 文件1 中的意外住院医疗责任和意外门急诊医疗责任的保险金额是分开计算并分别设置了不同的赔付比例，而文件2 中将这两者的保险金额进行了合并，并且设置了一个统一的赔付比例。

因此，这两份文件存在冲突。
2025-06-28 06:42:18 - text_comparison.py:99 - results: [True, True, True]
2025-06-28 06:42:18 - text_comparison.py:106 - ===============cnt=28 || material_id='m_00026a' || rule='保障责任' || end_result=True===============
2025-06-28 06:42:18 - text_comparison.py:57 - ===============cnt=29 || material_id='m_00027a' || rule='责任免除' || label=None===============
2025-06-28 06:42:18 - text_comparison.py:62 - load data ../data/clean_data_qwen2.5-72b-instruct/materials/m_00027a/HEALTH_INFORM/责任免除.txt...
2025-06-28 06:42:18 - text_comparison.py:62 - load data ../data/clean_data_qwen2.5-72b-instruct/materials/m_00027a/CLAUSE/责任免除.txt...
2025-06-28 06:42:18 - text_comparison.py:62 - load data ../data/clean_data_qwen2.5-72b-instruct/materials/m_00027a/INSURE_NOTICE/责任免除.txt...
2025-06-28 06:42:18 - text_comparison.py:62 - load data ../data/clean_data_qwen2.5-72b-instruct/materials/m_00027a/ADDITIONAL_AGREEMENT/责任免除.txt...
2025-06-28 06:42:18 - text_comparison.py:62 - load data ../data/clean_data_qwen2.5-72b-instruct/materials/m_00027a/LIABILITY_EXCLUSION/责任免除.txt...
2025-06-28 06:43:24 - text_comparison.py:92 - 0|1 result=根据题目要求，需要对比分析两份文件中关于责任免除的描述，找出是否存在明显相互冲突的情况。

对比文件1和文件2，可以发现以下内容存在冲突：
- 文件2中缺少了文件1中提到的"被保险人抗拒依法采取的刑事强制措施"这一项责任免除条款。
- 文件2中将"战争、军事冲突、暴乱或武装叛乱"这一项表述放在了与文件1不同的位置，并且在后面加上了"或"字，而文件1中则没有这个字。

因此，对于以上冲突内容，可以得出结论：有冲突。

完整格式输出如下：
<thing>做出判断的简易理由</thing><result>有冲突</result>
2025-06-28 06:43:24 - text_comparison.py:99 - results: [True]
2025-06-28 06:43:24 - text_comparison.py:106 - ===============cnt=29 || material_id='m_00027a' || rule='责任免除' || end_result=True===============
2025-06-28 06:43:24 - text_comparison.py:57 - ===============cnt=30 || material_id='m_00020a' || rule='保障责任' || label=None===============
2025-06-28 06:43:24 - text_comparison.py:62 - load data ../data/clean_data_qwen2.5-72b-instruct/materials/m_00020a/INTRODUCE_IMG/保障责任.txt...
2025-06-28 06:43:24 - text_comparison.py:62 - load data ../data/clean_data_qwen2.5-72b-instruct/materials/m_00020a/HEAD_IMG/保障责任.txt...
2025-06-28 06:43:24 - text_comparison.py:62 - load data ../data/clean_data_qwen2.5-72b-instruct/materials/m_00020a/CLAUSE/保障责任.txt...
2025-06-28 06:43:24 - text_comparison.py:62 - load data ../data/clean_data_qwen2.5-72b-instruct/materials/m_00020a/INSURE_NOTICE/保障责任.txt...
2025-06-28 06:43:24 - text_comparison.py:62 - load data ../data/clean_data_qwen2.5-72b-instruct/materials/m_00020a/ADDITIONAL_AGREEMENT/保障责任.txt...
2025-06-28 06:43:24 - text_comparison.py:62 - load data ../data/clean_data_qwen2.5-72b-instruct/materials/m_00020a/LIABILITY_EXCLUSION/保障责任.txt...
2025-06-28 06:44:11 - text_comparison.py:92 - 0|1 result=年金、满期保险金、身故保险金存在冲突

根据文件1描述，年金、满期保险金、身故保险金都是按合同约定进行支付，且没有明确指出是哪个合同；而根据文件2描述，只有在该公司的本合同保险期间内，才会承担年金、满期保险金、身故保险金的保险责任，并且对于身故保险金的给付方式与文件1不同。

因此，虽然两份文件都提到了年金、满期保险金、身故保险金，但是由于它们的保障责任并不一致，因此可以判断这两份文件存在冲突。
2025-06-28 06:46:19 - text_comparison.py:92 - 0|2 result=根据题目要求，我们需要对这两份文件中涉及到相同的事项进行比较，找出是否存在冲突。

对于【文件1】和【文件2】，它们在描述保险责任方面存在一定的差异。我们可以逐条比较：

- 对于“年金、满期保险金、身故保险金”的描述，在两份文件中均有涉及。由于这些保险责任的描述在两份文件中都是明确的，因此不存在冲突。
- 对于“给付时间”的描述，在两份文件中也有明确的规定。【文件1】规定：“给付时间为保单年生效对应日”，而【文件2】则规定：“本合同保险期间届满的年生效对应日”。虽然这两个描述略有不同，但由于它们针对的是同一个时间点，即保险期间的最后一天，因此可以认为它们不存在冲突。
- 对于“投保人对被保险人的故意杀害、故意伤害”的描述，在【文件2】中有明确的排除责任条款。而在【文件1】中，则没有类似的描述。因此，我们可以说，对于这一事项，【文件1】与【文件2】存在冲突。
- 对于其他一些事项，例如“无民事行为能力人自杀”、“服用、吸食或注射毒品”、“酒后驾驶”等，在【文件2】中都有明确的排除责任条款。而在【文件1】中则没有类似的内容。因此，对于这些事项，我们也可以说，【文件1】与【文件2】存在冲突。

综上所述，我们可以得出结论，【文件1】和【文件2】在某些方面的描述存在冲突。具体来说，【文件1】缺少了部分责任免除条款，而【文件2】则包含了这些条款。因此，对于这两个文件的保障责任描述，我们认为是有冲突的。
2025-06-28 06:47:42 - text_comparison.py:92 - 1|2 result=根据题目要求，需要对比分析这两份文件中关于“保障责任”的描述是否冲突。这里我们逐一对比每一条责任描述：

对于年金的描述，在第一份文件中有明确说明，而在第二份文件中只是用编号代替了文字描述，但是实质内容与第一份文件相同，因此年金部分没有冲突。

对于满期保险金的描述，在第一份文件中有明确说明，而在第二份文件中也有相应的描述并且使用了更加详细的编号来区分不同的情况，因此满期保险金部分也没有冲突。

对于身故保险金的描述，在第一份文件中有明确说明，而在第二份文件中同样存在类似的描述，并且针对某些特定情况下进行了额外的说明，因此身故保险金部分也没有冲突。

但是需要注意的是，第二份文件中还增加了一条责任描述：“因下列任何情形之一导致被保险人身故，本公司不承担给付身故保险金的责任”，这是第一份文件中没有的内容，因此这部分是存在冲突的。

综上所述，这两份文件的保障责任描述之间存在一些冲突，主要集中在第二份文件中新增加的免责条款部分。
2025-06-28 06:47:42 - text_comparison.py:99 - results: [True, True, True]
2025-06-28 06:47:42 - text_comparison.py:106 - ===============cnt=30 || material_id='m_00020a' || rule='保障责任' || end_result=True===============
2025-06-28 06:47:42 - text_comparison.py:57 - ===============cnt=31 || material_id='m_00010a' || rule='责任免除' || label=None===============
2025-06-28 06:47:42 - text_comparison.py:62 - load data ../data/clean_data_qwen2.5-72b-instruct/materials/m_00010a/INTRODUCE_IMG/责任免除.txt...
2025-06-28 06:47:42 - text_comparison.py:62 - load data ../data/clean_data_qwen2.5-72b-instruct/materials/m_00010a/HEAD_IMG/责任免除.txt...
2025-06-28 06:47:42 - text_comparison.py:62 - load data ../data/clean_data_qwen2.5-72b-instruct/materials/m_00010a/CLAUSE/责任免除.txt...
2025-06-28 06:47:42 - text_comparison.py:62 - load data ../data/clean_data_qwen2.5-72b-instruct/materials/m_00010a/INSURE_NOTICE/责任免除.txt...
2025-06-28 06:47:42 - text_comparison.py:62 - load data ../data/clean_data_qwen2.5-72b-instruct/materials/m_00010a/ADDITIONAL_AGREEMENT/责任免除.txt...
2025-06-28 06:47:42 - text_comparison.py:62 - load data ../data/clean_data_qwen2.5-72b-instruct/materials/m_00010a/LIABILITY_EXCLUSION/责任免除.txt...
2025-06-28 06:48:10 - text_comparison.py:92 - 0|1 result=insured event \- 不符合
benefit payable \- 无责任
reason for refusal \- 同一件事情在两份文件中都有描述
2025-06-28 06:49:09 - text_comparison.py:92 - 0|2 result=根据提供的文件，我们可以看到这两份文件都是关于意外伤害保险的保险条款，其中都列出了相应的责任免除条款。但是，在一些具体的情况下，两份文件的描述是不同的。

例如，在第一份文件中，责任免除包括了投保人对被保险人的故意杀害或伤害、被保险人自杀、因被保险人挑衅或故意行为而导致的打斗、被袭击或被谋杀等情况；而在第二份文件中则不包括这些情况。同时，第一份文件中列明了一些特定情况下保险公司不负责任的事项，而第二份文件则列明了一些特定情况下保险公司不负责任的医疗费用。

因此，我们可以得出结论，对于某些特定的情况，这两份文件的描述是不同的，可能存在冲突。
2025-06-28 06:49:30 - text_comparison.py:92 - 1|2 result=有冲突。
第一份文件中列出了12项责任免除事项，第二份文件列出了14项责任免除事项。其中有9项是相同的，但是也有3项不同。因此，这两份文件是有冲突的。
2025-06-28 06:49:30 - text_comparison.py:99 - results: [True, True, True]
2025-06-28 06:49:30 - text_comparison.py:106 - ===============cnt=31 || material_id='m_00010a' || rule='责任免除' || end_result=True===============
2025-06-28 06:49:30 - text_comparison.py:57 - ===============cnt=32 || material_id='m_00028a' || rule='术语解释' || label=None===============
2025-06-28 06:49:30 - text_comparison.py:62 - load data ../data/clean_data_qwen2.5-72b-instruct/materials/m_00028a/INTRODUCE_IMG/术语解释.txt...
2025-06-28 06:49:30 - text_comparison.py:62 - load data ../data/clean_data_qwen2.5-72b-instruct/materials/m_00028a/HEAD_IMG/术语解释.txt...
2025-06-28 06:49:30 - text_comparison.py:62 - load data ../data/clean_data_qwen2.5-72b-instruct/materials/m_00028a/CLAUSE/术语解释.txt...
2025-06-28 06:49:30 - text_comparison.py:62 - load data ../data/clean_data_qwen2.5-72b-instruct/materials/m_00028a/INSURE_NOTICE/术语解释.txt...
2025-06-28 06:49:30 - text_comparison.py:62 - load data ../data/clean_data_qwen2.5-72b-instruct/materials/m_00028a/ADDITIONAL_AGREEMENT/术语解释.txt...
2025-06-28 06:49:30 - text_comparison.py:62 - load data ../data/clean_data_qwen2.5-72b-instruct/materials/m_00028a/LIABILITY_EXCLUSION/术语解释.txt...
2025-06-28 06:49:30 - text_comparison.py:72 - ===============<=1 cnt=32 || material_id='m_00028a' || rule='术语解释' || end_result=True===============
2025-06-28 06:49:30 - text_comparison.py:57 - ===============cnt=33 || material_id='m_00029a' || rule='保障相关时间' || label=None===============
2025-06-28 06:49:30 - text_comparison.py:62 - load data ../data/clean_data_qwen2.5-72b-instruct/materials/m_00029a/HEALTH_INFORM/保障相关时间.txt...
2025-06-28 06:49:30 - text_comparison.py:62 - load data ../data/clean_data_qwen2.5-72b-instruct/materials/m_00029a/INTRODUCE_IMG/保障相关时间.txt...
2025-06-28 06:49:30 - text_comparison.py:62 - load data ../data/clean_data_qwen2.5-72b-instruct/materials/m_00029a/CLAUSE/保障相关时间.txt...
2025-06-28 06:49:30 - text_comparison.py:62 - load data ../data/clean_data_qwen2.5-72b-instruct/materials/m_00029a/INSURE_NOTICE/保障相关时间.txt...
2025-06-28 06:49:30 - text_comparison.py:62 - load data ../data/clean_data_qwen2.5-72b-instruct/materials/m_00029a/ADDITIONAL_AGREEMENT/保障相关时间.txt...
2025-06-28 06:49:30 - text_comparison.py:62 - load data ../data/clean_data_qwen2.5-72b-instruct/materials/m_00029a/LIABILITY_EXCLUSION/保障相关时间.txt...
2025-06-28 06:49:47 - text_comparison.py:92 - 0|1 result=根据您提供的信息，我无法判断这两份文件是否存在冲突。因为您并没有提供足够的信息来让我进行对比和分析。请提供详细的产品信息以及它们之间的关系，以便我能更好地回答您的问题。
2025-06-28 06:50:18 - text_comparison.py:92 - 0|2 result=根据题目要求，我们来分析这两份文件：

第一份文件没有涉及到任何关于“保障相关时间”的内容，因此与第二份文件没有任何冲突。

第二份文件涉及到了多个“保障相关时间”，包括犹豫期、等待期和宽限期等。对于这些时间，第二份文件做出了明确的描述，不存在与其它文件的冲突。

综上所述，这两份文件之间没有明显的相互冲突的情况。
2025-06-28 06:50:37 - text_comparison.py:92 - 1|2 result=根据给出的两份文件，无法确定是否具有冲突。因为文件1中没有提供关于犹豫期、等待期和宽限期的信息，而文件2提供了这些信息。所以，这两份文件之间没有直接的冲突。
2025-06-28 06:50:37 - text_comparison.py:99 - results: [True, True, True]
2025-06-28 06:50:37 - text_comparison.py:106 - ===============cnt=33 || material_id='m_00029a' || rule='保障相关时间' || end_result=True===============
2025-06-28 06:50:37 - text_comparison.py:57 - ===============cnt=34 || material_id='m_00030a' || rule='基础产品销售信息' || label=None===============
2025-06-28 06:50:37 - text_comparison.py:62 - load data ../data/clean_data_qwen2.5-72b-instruct/materials/m_00030a/INTRODUCE_IMG/基础产品销售信息.txt...
2025-06-28 06:50:37 - text_comparison.py:62 - load data ../data/clean_data_qwen2.5-72b-instruct/materials/m_00030a/HEAD_IMG/基础产品销售信息.txt...
2025-06-28 06:50:37 - text_comparison.py:62 - load data ../data/clean_data_qwen2.5-72b-instruct/materials/m_00030a/CLAUSE/基础产品销售信息.txt...
2025-06-28 06:50:37 - text_comparison.py:62 - load data ../data/clean_data_qwen2.5-72b-instruct/materials/m_00030a/INSURE_NOTICE/基础产品销售信息.txt...
2025-06-28 06:50:37 - text_comparison.py:62 - load data ../data/clean_data_qwen2.5-72b-instruct/materials/m_00030a/ADDITIONAL_AGREEMENT/基础产品销售信息.txt...
2025-06-28 06:50:37 - text_comparison.py:62 - load data ../data/clean_data_qwen2.5-72b-instruct/materials/m_00030a/LIABILITY_EXCLUSION/基础产品销售信息.txt...
2025-06-28 06:50:50 - text_comparison.py:92 - 0|1 result=无冲突
2025-06-28 06:53:51 - text_comparison.py:92 - 0|2 result=以下是根据提供的信息对两份文件进行比较后的结果：

| 事项 | 文件1描述 | 文件2描述 | 判断 |
| --- | --- | --- | --- |
| 保险合同构成 | 本保险合同由保险条款、投保单、保险单、保险凭证以及批单等组成。凡涉及本保险合同的约定，均应采用书面形式。 |  | 无冲突 |
| 保险金额和保险费 | 一、本保险合同保险金额由投保人与保险人在投保时约定。二、投保人应该按照合同约定向保险人交纳保险费。本保险合同约定一次性交付保险费或对保险费交付方式、交付时间没有约定的，投保人应在保险责任起始日前一次性交付保险费；约定以分期付款方式交付保险费的，投保人应按期交付第一期保险费。投保人未按本款约定交付保险费的，本保险合同不生效，保险人不承担保险责任。如果发生投保人未按期足额交付保险费或不按约定日期交付第二期或以后任何一期保险费的情形, 从违约之日起，保险人有权解除本保险合同并追收已经承担保险责任期间的保险费和利息，本保险合同自解除通知送达投保人时解除；被保险人在合同解除前发生保险事故的，保险人应当按照合同约定承担保险金赔付责任，但需扣减欠交的保险费。 |  | 无冲突 |
| 承担意外伤害 | 本产品承担被保险人在保险期限内驾驶两轮电动自行车时遭受意外伤害；所承保车辆需要满足国标要求且需要依法经公安机关交通管理部门登记。不承担被保险人从事外卖、快递配送过程中发生的意外事故。 | 本产品意外伤害医疗保障仅承担公立二级及以上医院发生的符合社保目录范围内的必需且合理的医疗费用，每次扣除100元免赔额后按照90%赔付。尊享卡和豪华款：本产品意外伤害住院津贴每次免赔3天，单次最多给付15天，累计最多给付270天。 | 有冲突 |
| 承保年龄范围 | | 被保险人年龄需在16-65周岁之间。 | 有冲突 |
| 意外伤害医疗保障 | | 本产品意外伤害医疗保障仅承担公立二级及以上医院发生的符合社保目录范围内的必需且合理的医疗费用，每次扣除100元免赔额后按照90%赔付。尊
2025-06-28 06:54:53 - text_comparison.py:92 - 0|3 result=在上述文件中，存在以下冲突：

1. 文件1中规定了保险合同的基本构成，而文件2中没有明确说明。
2. 文件1中规定了保险金额的约定和支付方式，而文件2中没有明确说明。
3. 文件2中列出了三个附加条款（附加意外伤害医疗保险、附加意外伤害住院津贴保险、附加意外伤害救护车费用保险），但文件1中没有列出这些附加条款。
4. 文件2中规定了保险责任的范围（仅承担符合社保目录范围内的必需且合理的医疗费用），而文件1中没有明确说明。

因此，对于文件2中的附加条款、保险责任范围和支付方式，与文件1存在冲突。同时，对于文件1中没有明确说明的内容，文件2做了补充说明，不存在冲突。综上所述，这两份文件存在冲突。
2025-06-28 06:54:56 - text_comparison.py:92 - 1|2 result=无冲突
2025-06-28 06:56:10 - text_comparison.py:92 - 1|3 result=存在明显冲突的事项如下：

- 文件1 中第3条提及了销售区域为中国境内的部分省市，而文件2 中并未明确是否有限制销售区域。
- 文件1 中第5条提到了电子保单的有效性，而文件2 中没有对此进行任何说明。
- 文件1 中第7条提及了意外伤害医疗保障的免赔额及赔付比例，而文件2 中则重新列出了不同的免赔额及赔付比例。
- 文件1 中第8条列出了各种保险责任的免赔额及赔付比例，而文件2 中只列出了意外伤害医疗保障的免赔额及赔付比例，并且针对不同方案有不同的规定。
- 文件1 中第8条列出了多项责任免除事项，而文件2 中则直接将这些责任免除事项合并列为一条。
- 文件1 中第9条列出了具体的合同条款和责任免除事项，而文件2 中没有列出具体的责任免除事项，只是提到了一些销售的限制条件。
2025-06-28 06:58:09 - text_comparison.py:92 - 2|3 result=无冲突。

详细解释：

- 对于产品名，虽然两个文件描述不同，但都能得出这是针对驾驶两轮电动自行车的意外伤害保险，因此不存在冲突。
- 文件1中有五条附加的条款信息，而文件2中有三条附加的条款信息，分别是意外伤害医疗保险、意外伤害住院津贴保险和意外伤害救护车费用保险。这些条款信息存在一定的重叠，但是由于覆盖的具体内容不同，因此不视为冲突。
- 文件1的销售限制中有一条是“同一被保险人只可购买一份”，而在文件2的销售限制中也出现了同样的表述，因此这里存在冲突。
- 文件1的销售限制中还规定了被保险人的年龄范围（16-65周岁）和排除的职业类别（外卖、快递配送），而文件2的销售限制中也出现了类似的表述，因此这些地方也存在冲突。
- 文件2的销售限制中增加了一条关于等待期的表述：“本保险产品无等待期。”，这与文件1的销售限制中没有明确说明的情况不同，因此不视为冲突。
- 文件2的销售限制中对于意外伤害医疗保障的描述和文件1中的完全一致，因此不存在冲突。
- 文件2的销售限制中对于意外伤害住院津贴保险的描述和文件1中的也完全一致，因此不存在冲突。
- 文件2的销售限制中对于附加意外伤害救护车费用保险的描述和文件1中的完全一致，因此不存在冲突。

根据上述分析，可以得出结论：该保险产品的基础产品销售信息中存在冲突的地方主要包括“同一被保险人只可购买一份”的规定以及被保险人年龄范围和职业类别的限制。
2025-06-28 06:58:09 - text_comparison.py:99 - results: [True, True, True, True, True, True]
2025-06-28 06:58:09 - text_comparison.py:106 - ===============cnt=34 || material_id='m_00030a' || rule='基础产品销售信息' || end_result=True===============
2025-06-28 06:58:09 - text_comparison.py:57 - ===============cnt=35 || material_id='m_00031a' || rule='责任免除' || label=None===============
2025-06-28 06:58:09 - text_comparison.py:62 - load data ../data/clean_data_qwen2.5-72b-instruct/materials/m_00031a/INTRODUCE_IMG/责任免除.txt...
2025-06-28 06:58:09 - text_comparison.py:62 - load data ../data/clean_data_qwen2.5-72b-instruct/materials/m_00031a/HEAD_IMG/责任免除.txt...
2025-06-28 06:58:09 - text_comparison.py:62 - load data ../data/clean_data_qwen2.5-72b-instruct/materials/m_00031a/CLAUSE/责任免除.txt...
2025-06-28 06:58:09 - text_comparison.py:62 - load data ../data/clean_data_qwen2.5-72b-instruct/materials/m_00031a/INSURE_NOTICE/责任免除.txt...
2025-06-28 06:58:09 - text_comparison.py:62 - load data ../data/clean_data_qwen2.5-72b-instruct/materials/m_00031a/LIABILITY_EXCLUSION/责任免除.txt...
2025-06-28 06:59:28 - text_comparison.py:92 - 0|1 result=根据题目要求，需要对比分析两份文件中的“责任免除”部分，找出其中可能存在的冲突。首先，需要忽略掉两份文件中未明确说明或者没有涉及的内容。然后，对于每一条“责任免除”的描述，需要分别对比两份文件中有无类似的描述，如果有相似的描述，则需要进一步对比其条件和范围是否一致。

经过对比分析，可以发现这两份文件中的“责任免除”描述存在一定的冲突。具体来说，文件1中明确规定了由于投保人、被保险人及其家庭成员、服务人员、寄居人员、室内其他人员的故意行为而导致的损失、费用和责任不在保险范围内，而文件2中则没有明确这一点。另外，文件2中还规定了由于战争、敌对行为、军事行为、武装冲突、罢工、骚乱、暴动、恐怖活动导致的损失、费用和责任不在保险范围内，而文件1中则没有明确这一点。因此，可以说这两份文件在“责任免除”方面存在一定程度的冲突。
2025-06-28 06:59:28 - text_comparison.py:99 - results: [True]
2025-06-28 06:59:28 - text_comparison.py:106 - ===============cnt=35 || material_id='m_00031a' || rule='责任免除' || end_result=True===============
2025-06-28 06:59:28 - text_comparison.py:57 - ===============cnt=36 || material_id='m_00032a' || rule='责任免除' || label=None===============
2025-06-28 06:59:28 - text_comparison.py:62 - load data ../data/clean_data_qwen2.5-72b-instruct/materials/m_00032a/INTRODUCE_IMG/责任免除.txt...
2025-06-28 06:59:28 - text_comparison.py:62 - load data ../data/clean_data_qwen2.5-72b-instruct/materials/m_00032a/HEAD_IMG/责任免除.txt...
2025-06-28 06:59:28 - text_comparison.py:62 - load data ../data/clean_data_qwen2.5-72b-instruct/materials/m_00032a/CLAUSE/责任免除.txt...
2025-06-28 06:59:28 - text_comparison.py:62 - load data ../data/clean_data_qwen2.5-72b-instruct/materials/m_00032a/INSURE_NOTICE/责任免除.txt...
2025-06-28 06:59:28 - text_comparison.py:62 - load data ../data/clean_data_qwen2.5-72b-instruct/materials/m_00032a/ADDITIONAL_AGREEMENT/责任免除.txt...
2025-06-28 06:59:28 - text_comparison.py:62 - load data ../data/clean_data_qwen2.5-72b-instruct/materials/m_00032a/LIABILITY_EXCLUSION/责任免除.txt...
2025-06-28 07:00:23 - text_comparison.py:92 - 0|1 result=【文件1】第十二条列出了保险人不承担给付保险金责任的各种情况，其中包括了“在等待期内发生保险事故”的情况。

【文件2】则只有一句话，即“在等待期内发生保险事故，保险人不承担给付保险金的责任。”

因此，根据题目要求只比较相同条件下两份文件的描述，可以得出结论：

这两份文件存在冲突。因为虽然两个文件都约定了在等待期内发生保险事故，保险人不承担给付保险金的责任，但是在【文件1】中还列出了其他多种情况下保险人也不承担给付保险金责任，而【文件2】中并未列出这些情况，因此可以认为这两份文件存在冲突。
2025-06-28 07:00:57 - text_comparison.py:92 - 0|2 result=无冲突。两份文件列出了类似的不承担责任的条款，但在某些方面略有不同，例如，第一份文件中将一些特定疾病的治疗排除在外（如遗传性疾病和艾滋病），而在第二份文件中则没有列出这些疾病。此外，第一份文件中还包括了用于矫形、器官移植或修复等方面的医疗费用，而第二份文件中没有列出这些内容。因此，这两份文件存在一定的冲突差异。
2025-06-28 07:02:13 - text_comparison.py:92 - 1|2 result=根据上述信息，我们可以得到如下判断：

| 事项 | 判断 |
|------|------|
| 是否存在明显相互冲突的情况 | 有冲突 |
| 同一件事物的描述和表达 | 第一份文件中只有在等待期内发生保险事故，保险人不承担给付保险金的责任；第二份文件中有针对不同情况列举了保险人不承担给付保险金责任的条款，其中包括了等待期内发生的保险事故。因此，这两份文件描述了不同的情况，存在冲突。 |
| 相似条件下的描述是否冲突 | 第一份文件中没有关于类似战争、核爆炸等情况的描述；第二份文件中有针对这些情况的描述，并且排除了保险责任。因此，在类似情况下，这两份文件的描述是冲突的。 |
| 需要注意的事项 | 在比较两份文件时，应注意比较它们在相似条件下的描述是否冲突。对于一些特殊的情况，如果一份文件中没有明确说明，则不需要进行比较。 |
| 判断结果 | 有冲突 |
2025-06-28 07:02:13 - text_comparison.py:99 - results: [True, True, True]
2025-06-28 07:02:13 - text_comparison.py:106 - ===============cnt=36 || material_id='m_00032a' || rule='责任免除' || end_result=True===============
2025-06-28 07:02:13 - text_comparison.py:57 - ===============cnt=37 || material_id='m_00033a' || rule='赔付 & 领取规则' || label=None===============
2025-06-28 07:02:13 - text_comparison.py:62 - load data ../data/clean_data_qwen2.5-72b-instruct/materials/m_00033a/HEAD_IMG/赔付 & 领取规则.txt...
2025-06-28 07:02:13 - text_comparison.py:62 - load data ../data/clean_data_qwen2.5-72b-instruct/materials/m_00033a/CLAUSE/赔付 & 领取规则.txt...
2025-06-28 07:02:13 - text_comparison.py:62 - load data ../data/clean_data_qwen2.5-72b-instruct/materials/m_00033a/INSURE_NOTICE/赔付 & 领取规则.txt...
2025-06-28 07:02:13 - text_comparison.py:62 - load data ../data/clean_data_qwen2.5-72b-instruct/materials/m_00033a/ADDITIONAL_AGREEMENT/赔付 & 领取规则.txt...
2025-06-28 07:02:13 - text_comparison.py:62 - load data ../data/clean_data_qwen2.5-72b-instruct/materials/m_00033a/LIABILITY_EXCLUSION/赔付 & 领取规则.txt...
2025-06-28 07:02:46 - text_comparison.py:92 - 0|1 result=1. 没有冲突
2. 有冲突
  * 文件1的描述中没有提到“累计赔偿限额”的概念，而文件2中有提到“累计赔偿限额50000元”，因此存在差异。
  * 文件1的描述中没有提到“任何间接损失和费用，均不在本保单负责赔偿范围内”的条款，而文件2中有提到该条款，因此存在差异。
2025-06-28 07:02:46 - text_comparison.py:99 - results: [True]
2025-06-28 07:02:46 - text_comparison.py:106 - ===============cnt=37 || material_id='m_00033a' || rule='赔付 & 领取规则' || end_result=True===============
2025-06-28 07:02:46 - text_comparison.py:57 - ===============cnt=38 || material_id='m_00034a' || rule='基础产品销售信息' || label=None===============
2025-06-28 07:02:46 - text_comparison.py:62 - load data ../data/clean_data_qwen2.5-72b-instruct/materials/m_00034a/INTRODUCE_IMG/基础产品销售信息.txt...
2025-06-28 07:02:46 - text_comparison.py:62 - load data ../data/clean_data_qwen2.5-72b-instruct/materials/m_00034a/HEAD_IMG/基础产品销售信息.txt...
2025-06-28 07:02:46 - text_comparison.py:62 - load data ../data/clean_data_qwen2.5-72b-instruct/materials/m_00034a/CLAUSE/基础产品销售信息.txt...
2025-06-28 07:02:46 - text_comparison.py:62 - load data ../data/clean_data_qwen2.5-72b-instruct/materials/m_00034a/INSURE_NOTICE/基础产品销售信息.txt...
2025-06-28 07:02:46 - text_comparison.py:62 - load data ../data/clean_data_qwen2.5-72b-instruct/materials/m_00034a/LIABILITY_EXCLUSION/基础产品销售信息.txt...
2025-06-28 07:04:44 - text_comparison.py:92 - 0|1 result=1. 保险责任范围内的事故后是否需要及时通知煤气/天然气公司或公安、消防部门，进行必要的措施来防止或减少损失: 文件1中没有该描述，因此存在冲突。

2. 投保人应当缴清保险费的时间： 文件1中没有明确说明，而文件2中规定投保人应当在保险合同成立时缴清保险费，投保人未按约定缴付保险费的，保险人可在约定期限后的三十天内解除本保险合同。因此存在冲突。

3. 被保险人发现燃气管道或燃气设备出现损坏、漏气、堵塞等问题时的应对措施： 文件1中没有该描述，而文件2中规定被保险人在燃气使用过程中应当遵守公安、消防部门及煤气/天然气公司的有关规定，维护保险标的的安全。一旦发现燃气管道或燃气设备出现损坏、漏气、堵塞等问题，应及时向煤气/天然气公司报修。因此存在冲突。

4. 对于保险期间的重要事项变更，是否需要通知保险人： 文件1中没有明确说明，而文件2中有相应的规定，因此存在冲突。

5. 保险事故发生后是否需要及时通知煤气/天然气公司或公安、消防部门： 文件1中没有该描述，而文件2中有相应的规定，因此存在冲突。

6. 对因此扩大的损失部分，保险人是否承担责任： 文件1中没有该描述，而文件2中有相应的规定，因此存在冲突。

7. 解除保险合同的条件： 文件1中没有明确说明，而文件2中有相应的规定，因此存在冲突。

综上所述，两份文件之间存在明显的冲突。
2025-06-28 07:05:07 - text_comparison.py:92 - 0|2 result=【结果】
无冲突

【简易理由】
两份文件都描述了“家用燃气综合保险”的相关事宜，对于该产品的基本属性和保障范围进行了较为详细的说明，但对于某些事项在文件中并未明确说明或作出特殊规定，因此不存在明显冲突的情况。
2025-06-28 07:08:07 - text_comparison.py:92 - 1|2 result=经过对比分析，可以得出以下结论：

| 事项描述 | 文件1描述 | 文件2描述 | 判断依据 |
| --- | --- | --- | --- |
| 产品名 | 家庭财产损失保险、居家责任保险、家用燃气用户意外伤害保险 | 家用燃气综合保险 | 不冲突 |
| 附加的条款信息 | 保险合同由保险条款、投保单、保险单、保险凭证以及批单组成；本保险条款由总则、家庭财产损失保险、居家责任保险、家用燃气用户意外伤害保险和通用条款五部分组成；中华人民共和国境内的各类机关、企事业单位、个体经济组织以及其他组织或自然人，可作为本保险合同的投保人。经煤气/天然气公司验收同意使用燃气设备、燃气器具的居民家庭成员可作为本保险合同的被保险人。家用燃气为各地政府统一提供的各类成分的市政燃气，包括但不限于管道煤气、管道天然气、罐装液化石油气、灌装液化甲醇等。 | 保险责任包括燃气设施、设备因自然灾害、意外事故或施救导致的直接损失；家庭财产及家庭成员的人身伤害；燃气泄漏检测服务。适用于除港澳台地区的全国市场。适用对象：具有完全民事行为能力、对保险标的房产具有保险利益的、经煤气/天然气公司验收同意使用燃气设备、燃气器具的居民家庭成员；在保险合同载明地址内的与被保险人长期共同居住的家庭成员（包括但不仅限于被保险人的配偶、父母、子女、其他亲属以及被保险人的家庭雇佣人员等被保险人对其有保险利益的家庭成员）；"家用燃气综合保险"仅承保建筑结构为钢筋混凝土结构或砖混结构的房屋；本产品不承保用于生产经营的财产。 | 对比可知，虽然两份文件所列保险责任不同，但是由于文件1并未明确排除投保人身份、燃气种类等方面的限制，因此判断两份文件不存在明显的相互冲突。 |
| 销售限制 | 投保人应当在保险合同成立时缴清保险费，投保人未按约定缴付保险费的，保险人可在约定期限后的三十天内解除本保险合同。保险费缴清前，保险合同不生效。保险合同生效前发生保险事故的，保险人不承担保险责任。被保险人在燃气使用过程中应当遵守公安、消防部门及煤气/天然气公司的有关规定，维护保险标的的安全。一旦
2025-06-28 07:08:07 - text_comparison.py:99 - results: [True, True, True]
2025-06-28 07:08:07 - text_comparison.py:106 - ===============cnt=38 || material_id='m_00034a' || rule='基础产品销售信息' || end_result=True===============
2025-06-28 07:08:07 - text_comparison.py:57 - ===============cnt=39 || material_id='m_00035a' || rule='赔付 & 领取规则' || label=None===============
2025-06-28 07:08:07 - text_comparison.py:62 - load data ../data/clean_data_qwen2.5-72b-instruct/materials/m_00035a/HEALTH_INFORM/赔付 & 领取规则.txt...
2025-06-28 07:08:07 - text_comparison.py:62 - load data ../data/clean_data_qwen2.5-72b-instruct/materials/m_00035a/INTRODUCE_IMG/赔付 & 领取规则.txt...
2025-06-28 07:08:07 - text_comparison.py:62 - load data ../data/clean_data_qwen2.5-72b-instruct/materials/m_00035a/CLAUSE/赔付 & 领取规则.txt...
2025-06-28 07:08:07 - text_comparison.py:62 - load data ../data/clean_data_qwen2.5-72b-instruct/materials/m_00035a/INSURE_NOTICE/赔付 & 领取规则.txt...
2025-06-28 07:08:07 - text_comparison.py:62 - load data ../data/clean_data_qwen2.5-72b-instruct/materials/m_00035a/ADDITIONAL_AGREEMENT/赔付 & 领取规则.txt...
2025-06-28 07:08:07 - text_comparison.py:62 - load data ../data/clean_data_qwen2.5-72b-instruct/materials/m_00035a/LIABILITY_EXCLUSION/赔付 & 领取规则.txt...
2025-06-28 07:10:59 - text_comparison.py:92 - 0|1 result=1. 有冲突

对比两份文件关于身故保险金或全残保险金的描述，可以发现存在冲突的部分：

(1) 对于被保险人未满18周岁的，第一份文件规定按以下两项中金额较大者给付身故保险金或全残保险金：①被保险人身故或确定全残时您根据本合同约定已支付的保险费；②被保险人身故或确定全残时本合同的现金价值。而第二份文件则规定为：身故保险金或全残保险金为已交保险费和被保险人身故或确定全残时合同的现金价值较大者。

(2) 对于被保险人年满18周岁且处于交费期间届满后的首个合同生效日对应日（不含）之前，第一份文件规定按以下两项中金额较大者给付身故保险金或全残保险金：①被保险人身故或确定全残时您根据本合同约定已支付的保险费总额乘以被保险人身故或确定全残时的到达年龄所对应的比例；②被保险人身故或确定全残时的到达年龄 对应比例。而第二份文件则规定为：处于交费期间届满后的首个合同生效日对应日（不含）之前，身故保险金或全残保险金为已交保险费的一定比例和现金价值的较大者。

(3) 对于被保险人年满18周岁且处于交费期间届满后的首个合同生效日对应日（含）之后，第一份文件规定按以下三项中金额较大者给付身故保险金或全残保险金：①被保险人身故或确定全残时您根据本合同约定已支付的保险费总额乘以被保险人身故或确定全残时的到达年龄所对应的比例；②被保险人身故或确定全残时的到达年龄 对应比例；③被保险人身故或确定全残时本合同的现金价值。而第二份文件则规定为：处于交费期间届满后的首个合同生效日对应日（含）之后，身故保险金或全残保险金为已交保险费的一定比例、现金价值和有效保险金额的较大者。

2. 无冲突

对于其他部分的描述，两份文件均未明确说明或者省略说明，因此无需进行比较。
2025-06-28 07:10:59 - text_comparison.py:99 - results: [True]
2025-06-28 07:10:59 - text_comparison.py:106 - ===============cnt=39 || material_id='m_00035a' || rule='赔付 & 领取规则' || end_result=True===============
2025-06-28 07:10:59 - text_comparison.py:57 - ===============cnt=40 || material_id='m_00036a' || rule='附加条款' || label=None===============
2025-06-28 07:10:59 - text_comparison.py:62 - load data ../data/clean_data_qwen2.5-72b-instruct/materials/m_00036a/HEALTH_INFORM/附加条款.txt...
2025-06-28 07:10:59 - text_comparison.py:62 - load data ../data/clean_data_qwen2.5-72b-instruct/materials/m_00036a/INTRODUCE_IMG/附加条款.txt...
2025-06-28 07:10:59 - text_comparison.py:62 - load data ../data/clean_data_qwen2.5-72b-instruct/materials/m_00036a/HEAD_IMG/附加条款.txt...
2025-06-28 07:10:59 - text_comparison.py:62 - load data ../data/clean_data_qwen2.5-72b-instruct/materials/m_00036a/CLAUSE/附加条款.txt...
2025-06-28 07:10:59 - text_comparison.py:62 - load data ../data/clean_data_qwen2.5-72b-instruct/materials/m_00036a/INSURE_NOTICE/附加条款.txt...
2025-06-28 07:10:59 - text_comparison.py:62 - load data ../data/clean_data_qwen2.5-72b-instruct/materials/m_00036a/ADDITIONAL_AGREEMENT/附加条款.txt...
2025-06-28 07:10:59 - text_comparison.py:62 - load data ../data/clean_data_qwen2.5-72b-instruct/materials/m_00036a/LIABILITY_EXCLUSION/附加条款.txt...
2025-06-28 07:11:22 - text_comparison.py:92 - 0|1 result=根据提供的文档内容，关于“附加条款（约定该产品的附加条款，如特别约定等）”的信息如下：
华泰财险附加猝死保险（A款）条款
判断结果: 无冲突
根据给出的附加条款内容，没有发现明显的相互冲突的情况。
2025-06-28 07:12:59 - text_comparison.py:92 - 0|2 result=根据题目要求，需要对比分析两份文件中关于附加条款的描述，对于每一件事物，只比较在相同条件下的描述是否冲突。由于文件1中没有提供任何附加条款的描述，因此无法与文件2进行比较。对于文件2中的附加条款描述，则存在以下冲突情况：

- 附加意外伤害医疗费用的免赔额规定，在使用医保卡就医结算的情况下，文件2中的规定是100%赔付，而在未使用医保卡就医结算的情况下，赔付比例为70%。这与一般情况下保险产品的设计思路相违背，容易引发纠纷。
- 文件2中规定了附加意外伤害住院津贴的免赔天数为3天，但并未规定同一事故最长可获赔的天数。而事实上，根据题目要求，同一事故最长可获赔的天数为90天。因此，这里的描述存在矛盾。

综合以上情况，得出结论如下：

- 对于附加条款的描述，存在冲突的情况。
- 无冲突的判断依据：未涉及比较的内容不作比较；涉及比较的内容以文件2为准。
- 有冲突的判断依据：附加意外伤害医疗费用的赔付比例在不同情况下规定不同；附加意外伤害住院津贴的免赔天数与同一事故最长可获赔天数之间存在矛盾。

根据以上分析，可以输出以下结果：

- 有冲突
2025-06-28 07:13:28 - text_comparison.py:92 - 0|3 result=有冲突

【文件1】没有关于保险责任、责任免除、保险期间等方面的描述，只有部分保险条款的列举，因此与【文件2】存在明显冲突。

【文件2】列出了具体的保险责任、责任免除、投保对象、就诊医院限制、意外伤残的赔偿标准等方面的内容，因此与【文件1】存在明显冲突。
2025-06-28 07:14:34 - text_comparison.py:92 - 1|2 result=《附加条款》中有冲突的内容主要包括：

1. 第三条责任免除：（二）被保险人抗拒依法采取的刑事强制措施、自致伤害或自杀，但被保险人自杀时为无民事行为能力人的除外；（十一）被保险人从事跳伞、滑翔、探险活动、武术比赛、摔跤比赛、特技表演、赛马、马术表演、赛车、拳击等高风险运动或活动。上述两项在华泰财险附加猝死保险(A款)条款中并没有涵盖。

2. 第四条责任免除：（四）被保险人患艾滋病（AIDS）或感染艾滋病病毒（HIV呈阳性）；（七）被保险人在投保前已知或已经明确诊疗的疾病，在保险期间因此疾病身故的。上述两项在华泰财险附加猝死保险(A款)条款中也没有涵盖。
2025-06-28 07:15:09 - text_comparison.py:92 - 1|3 result=文件1和文件2的"附加条款"描述存在冲突。 文件1中列出了几类免责情况，而文件2中并未列出。例如，文件1中列出了由于精神和行为障碍导致的被保险人猝死为免责情况，但文件2中未提及此点。另外，文件1中列出了多项关于保险金给付限制的情况，而文件2中未列出这些限制条件。
2025-06-28 07:15:18 - text_comparison.py:92 - 2|3 result=【文件1】中的附加条款与【文件2】中的附加条款不存在明显冲突。
2025-06-28 07:15:18 - text_comparison.py:99 - results: [True, True, True, True, True, True]
2025-06-28 07:15:18 - text_comparison.py:106 - ===============cnt=40 || material_id='m_00036a' || rule='附加条款' || end_result=True===============
2025-06-28 07:15:18 - text_comparison.py:57 - ===============cnt=41 || material_id='m_00037a' || rule='退保条款' || label=None===============
2025-06-28 07:15:18 - text_comparison.py:62 - load data ../data/clean_data_qwen2.5-72b-instruct/materials/m_00037a/CLAUSE/退保条款.txt...
2025-06-28 07:15:18 - text_comparison.py:62 - load data ../data/clean_data_qwen2.5-72b-instruct/materials/m_00037a/INSURE_NOTICE/退保条款.txt...
2025-06-28 07:15:18 - text_comparison.py:62 - load data ../data/clean_data_qwen2.5-72b-instruct/materials/m_00037a/ADDITIONAL_AGREEMENT/退保条款.txt...
2025-06-28 07:15:18 - text_comparison.py:62 - load data ../data/clean_data_qwen2.5-72b-instruct/materials/m_00037a/LIABILITY_EXCLUSION/退保条款.txt...
2025-06-28 07:16:07 - text_comparison.py:92 - 0|1 result=比较这两份文件，我们可以看到它们都在描述犹豫期和退保的相关内容。但是，在文件1中，只有关于犹豫期的描述中提到了需要收取10元的工本费，而文件2则没有提到这一点。因此，对于退保手续费是否需要支付，这两份文件存在明显的冲突。对于其他方面的描述，则不存在冲突。

| thing        | 做出判断的简易理由                       | result   |
|-------------|----------------------------------------| 有冲突    |
| 退保手续费  | 文件1中有，文件2中没有                    | 明显冲突 |
| 其他描述    | 不存在冲突                             | 无冲突  |
2025-06-28 07:16:07 - text_comparison.py:99 - results: [True]
2025-06-28 07:16:07 - text_comparison.py:106 - ===============cnt=41 || material_id='m_00037a' || rule='退保条款' || end_result=True===============
2025-06-28 07:16:07 - text_comparison.py:57 - ===============cnt=42 || material_id='m_00038a' || rule='保障相关时间' || label=None===============
2025-06-28 07:16:07 - text_comparison.py:62 - load data ../data/clean_data_qwen2.5-72b-instruct/materials/m_00038a/HEALTH_INFORM/保障相关时间.txt...
2025-06-28 07:16:07 - text_comparison.py:62 - load data ../data/clean_data_qwen2.5-72b-instruct/materials/m_00038a/INTRODUCE_IMG/保障相关时间.txt...
2025-06-28 07:16:07 - text_comparison.py:62 - load data ../data/clean_data_qwen2.5-72b-instruct/materials/m_00038a/HEAD_IMG/保障相关时间.txt...
2025-06-28 07:16:07 - text_comparison.py:62 - load data ../data/clean_data_qwen2.5-72b-instruct/materials/m_00038a/CLAUSE/保障相关时间.txt...
2025-06-28 07:16:07 - text_comparison.py:62 - load data ../data/clean_data_qwen2.5-72b-instruct/materials/m_00038a/INSURE_NOTICE/保障相关时间.txt...
2025-06-28 07:16:07 - text_comparison.py:62 - load data ../data/clean_data_qwen2.5-72b-instruct/materials/m_00038a/LIABILITY_EXCLUSION/保障相关时间.txt...
2025-06-28 07:16:23 - text_comparison.py:92 - 0|1 result=对于第一份文件（保障相关时间），我没有看到第二份文件（可能的时间表），因此我无法进行比较。请提供第二份文件，以便我可以为您提供更准确的判断。
2025-06-28 07:16:45 - text_comparison.py:92 - 0|2 result=无冲突。
2025-06-28 07:18:57 - text_comparison.py:92 - 0|3 result=一、保障相关时间对比

|部分| 文件1| 文件2|
|---|---|---|
|犹豫期| 省略说明，无需比较| 自投保人签收保险单之日起有15天的犹豫期。|

根据上述表格，两份文件对于犹豫期的描述存在冲突，因此判断该部分有冲突。

二、其他事项对比

|部分| 文件1| 文件2|
|---|---|---|
|等待期| 自合同生效之日起（合同复效的则自最后一次复效之日起），本公司将对一段时间内发生的保险事故不承担给付保险金的责任，这段时间称为等待期。除另有约定外，自本合同生效之日起（合同复效的则自最后一次复效之日起）90天为等待期。因意外伤害引起的保险事故，保险责任无等待期。| 自本合同成立，本公司收取保险费并签发保险单的次日零时起本合同生效，本公司自载明于保险单上的生效日开始承担本合同约定的保险责任。除另有约定外，自本合同成立，本公司收取保险费并签发保险单的次日零时起本合同生效，本公司自载明于保险单上的生效日开始承担本合同约定的保险责任。|

根据上述表格，两份文件对于等待期和生效日的描述存在冲突，因此判断该部分有冲突。

综上所述，经过对两份文件的保障相关时间和其它事项的对比，我们发现其中有以下冲突：

- 犹豫期：文件1中未提及犹豫期，文件2中有15天的犹豫期要求。
- 等待期/生效日：两份文件关于等待期和生效日的描述不一致。

因此，我们可以得出结论：这两份文件存在冲突。
2025-06-28 07:19:08 - text_comparison.py:92 - 1|2 result=无冲突。
2025-06-28 07:20:46 - text_comparison.py:92 - 1|3 result=根据您提供的信息，我们分析了文件1和文件2中的"保障相关时间"。由于这两份文件都是关于保险产品的时间规定，因此我们将它们进行了合并。

经过对比分析，我们可以看到以下情况：

  * 文件1和文件2 中都没有明确提及“等待期”，因此我们不能确定是否有关于等待期的描述。
  * 文件1 和文件2 中都提到了“犹豫期”，但这两份文件中的犹豫期规定是相同的，即“自投保人签收保险单之日起有15天的犹豫期。”
  * 文件1 和文件2 中都提到了“宽限期”，但这两份文件中的宽限期规定是不同的。在文件1 中，“投保人选择分期支付保险费的，若投保人到期未支付保险费，自保险费约定交纳日的次日零时起60日为宽限期。”而在文件2 中，“除另有约定外，自本合同成立，本公司收取保险费并签发保险单的次日零时起本合同生效，本公司自载明于保险单上的生效日开始承担本合同约定的保险责任。”

综上所述，对于文件1 和文件2 中的“保障相关时间”进行了比较，只有犹豫期和宽限期有所不同。因此，我们可以得出结论：“有冲突”。
2025-06-28 07:20:57 - text_comparison.py:92 - 2|3 result=无冲突。
2025-06-28 07:20:57 - text_comparison.py:99 - results: [True, True, True, True, True, True]
2025-06-28 07:20:57 - text_comparison.py:106 - ===============cnt=42 || material_id='m_00038a' || rule='保障相关时间' || end_result=True===============
2025-06-28 07:20:57 - text_comparison.py:57 - ===============cnt=43 || material_id='m_00032a' || rule='续保条款' || label=None===============
2025-06-28 07:20:57 - text_comparison.py:62 - load data ../data/clean_data_qwen2.5-72b-instruct/materials/m_00032a/INTRODUCE_IMG/续保条款.txt...
2025-06-28 07:20:57 - text_comparison.py:62 - load data ../data/clean_data_qwen2.5-72b-instruct/materials/m_00032a/HEAD_IMG/续保条款.txt...
2025-06-28 07:20:57 - text_comparison.py:62 - load data ../data/clean_data_qwen2.5-72b-instruct/materials/m_00032a/CLAUSE/续保条款.txt...
2025-06-28 07:20:57 - text_comparison.py:62 - load data ../data/clean_data_qwen2.5-72b-instruct/materials/m_00032a/INSURE_NOTICE/续保条款.txt...
2025-06-28 07:20:57 - text_comparison.py:62 - load data ../data/clean_data_qwen2.5-72b-instruct/materials/m_00032a/ADDITIONAL_AGREEMENT/续保条款.txt...
2025-06-28 07:20:57 - text_comparison.py:62 - load data ../data/clean_data_qwen2.5-72b-instruct/materials/m_00032a/LIABILITY_EXCLUSION/续保条款.txt...
2025-06-28 07:20:57 - text_comparison.py:72 - ===============<=1 cnt=43 || material_id='m_00032a' || rule='续保条款' || end_result=True===============
2025-06-28 07:20:57 - text_comparison.py:57 - ===============cnt=44 || material_id='m_00039a' || rule='保障相关时间' || label=None===============
2025-06-28 07:20:57 - text_comparison.py:62 - load data ../data/clean_data_qwen2.5-72b-instruct/materials/m_00039a/HEALTH_INFORM/保障相关时间.txt...
2025-06-28 07:20:57 - text_comparison.py:62 - load data ../data/clean_data_qwen2.5-72b-instruct/materials/m_00039a/INTRODUCE_IMG/保障相关时间.txt...
2025-06-28 07:20:57 - text_comparison.py:62 - load data ../data/clean_data_qwen2.5-72b-instruct/materials/m_00039a/PRODUCT_MANUAL/保障相关时间.txt...
2025-06-28 07:20:57 - text_comparison.py:62 - load data ../data/clean_data_qwen2.5-72b-instruct/materials/m_00039a/HEAD_IMG/保障相关时间.txt...
2025-06-28 07:20:57 - text_comparison.py:62 - load data ../data/clean_data_qwen2.5-72b-instruct/materials/m_00039a/CLAUSE/保障相关时间.txt...
2025-06-28 07:20:57 - text_comparison.py:62 - load data ../data/clean_data_qwen2.5-72b-instruct/materials/m_00039a/ADDITIONAL_AGREEMENT/保障相关时间.txt...
2025-06-28 07:20:57 - text_comparison.py:62 - load data ../data/clean_data_qwen2.5-72b-instruct/materials/m_00039a/LIABILITY_EXCLUSION/保障相关时间.txt...
2025-06-28 07:21:13 - text_comparison.py:92 - 0|1 result=无冲突。
2025-06-28 07:21:50 - text_comparison.py:92 - 0|2 result=【文件1】中说明了等待期为90天，但并未对犹豫期作出说明；而【文件2】则说明了等待期为90天，同时明确了犹豫期为15天。因此，

此题答案为：“无冲突”
2025-06-28 07:22:28 - text_comparison.py:92 - 1|2 result=根据题目要求，需要对两份文件中涉及到的“保障相关时间”的内容进行比较。对比两份文件可以发现，只有等待期和宽限期涉及到了保障时间的相关内容。

对于等待期，两份文件的描述完全一致，因此没有冲突。

对于宽限期，虽然两份文件都提到了宽限期的概念，但是并未对宽限期的具体时间长度进行描述，因此可以判定为无冲突。

综上所述，两份文件中关于保障时间的内容没有冲突。
2025-06-28 07:22:28 - text_comparison.py:99 - results: [True, True, True]
2025-06-28 07:22:28 - text_comparison.py:106 - ===============cnt=44 || material_id='m_00039a' || rule='保障相关时间' || end_result=True===============
2025-06-28 07:22:28 - text_comparison.py:57 - ===============cnt=45 || material_id='m_00040a' || rule='保障责任' || label=None===============
2025-06-28 07:22:28 - text_comparison.py:62 - load data ../data/clean_data_qwen2.5-72b-instruct/materials/m_00040a/INTRODUCE_IMG/保障责任.txt...
2025-06-28 07:22:28 - text_comparison.py:62 - load data ../data/clean_data_qwen2.5-72b-instruct/materials/m_00040a/PRODUCT_MANUAL/保障责任.txt...
2025-06-28 07:22:28 - text_comparison.py:62 - load data ../data/clean_data_qwen2.5-72b-instruct/materials/m_00040a/HEAD_IMG/保障责任.txt...
2025-06-28 07:22:28 - text_comparison.py:62 - load data ../data/clean_data_qwen2.5-72b-instruct/materials/m_00040a/CLAUSE/保障责任.txt...
2025-06-28 07:22:28 - text_comparison.py:62 - load data ../data/clean_data_qwen2.5-72b-instruct/materials/m_00040a/INSURE_NOTICE/保障责任.txt...
2025-06-28 07:22:28 - text_comparison.py:62 - load data ../data/clean_data_qwen2.5-72b-instruct/materials/m_00040a/ADDITIONAL_AGREEMENT/保障责任.txt...
2025-06-28 07:22:28 - text_comparison.py:62 - load data ../data/clean_data_qwen2.5-72b-instruct/materials/m_00040a/LIABILITY_EXCLUSION/保障责任.txt...
2025-06-28 07:23:01 - text_comparison.py:92 - 0|1 result=对于第一份文件，在此未提供需要比较的内容；对于第二份文件，其中有涉及到 "保险责任" 的描述，但是第一份文件中并没有对此作出说明，因此无法进行比较。对于文件2中关于 "满期保险金" 和 "身故保险金" 的描述与保险责任是相关的，这两份文件存在一定的冲突。

因此，对于这个特定的情景，这两份文件是有冲突的。
2025-06-28 07:24:04 - text_comparison.py:92 - 0|2 result=根据题目要求，我们需要对比分析这两份文件中的“保障责任”，找出相同条件下可能存在的冲突点。对于未明确说明或省略说明的事项，我们不做比较。

在这两份文件中，“保障责任”的描述是不同的。文件1中没有具体描述保障责任的内容，而文件2则描述了满期保险金和身故保险金的给付条件。因此，我们可以得出结论：这两份文件存在冲突。

冲突原因在于，文件1中没有对保险责任进行具体描述，而文件2中已经描述了保险责任的相关内容，因此可以认为文件1与文件2之间存在描述不一致的问题。

综上所述，这两份文件存在冲突。

简易理由：文件1没有对保险责任进行具体描述，文件2描述了保险责任的相关内容，但两者描述不一致。

结果：有冲突。
2025-06-28 07:24:54 - text_comparison.py:92 - 1|2 result=对于两份文件的保障责任描述，存在明显冲突的情况为：

- 文件1中约定的身故保险金给付方式是已交保险费与现金价值的较大值，而文件2中约定的身故保险金给付方式则是给付系数乘以已交保险费与现金价值的最大值。因此，这两份文件关于身故保险金的描述是相互冲突的。

其他部分描述没有冲突。

简易理由：对于文件1和文件2中相同的事项，如果描述不一致，则认为存在冲突。在这份任务中，只有身故保险金的描述存在冲突，因此只需要对该部分进行比较即可。

结论：存在冲突。
2025-06-28 07:24:54 - text_comparison.py:99 - results: [True, True, True]
2025-06-28 07:24:54 - text_comparison.py:106 - ===============cnt=45 || material_id='m_00040a' || rule='保障责任' || end_result=True===============
2025-06-28 07:24:54 - text_comparison.py:57 - ===============cnt=46 || material_id='m_00041a' || rule='投保条款' || label=None===============
2025-06-28 07:24:54 - text_comparison.py:62 - load data ../data/clean_data_qwen2.5-72b-instruct/materials/m_00041a/CLAUSE/投保条款.txt...
2025-06-28 07:24:54 - text_comparison.py:62 - load data ../data/clean_data_qwen2.5-72b-instruct/materials/m_00041a/INSURE_NOTICE/投保条款.txt...
2025-06-28 07:24:54 - text_comparison.py:62 - load data ../data/clean_data_qwen2.5-72b-instruct/materials/m_00041a/ADDITIONAL_AGREEMENT/投保条款.txt...
2025-06-28 07:24:54 - text_comparison.py:62 - load data ../data/clean_data_qwen2.5-72b-instruct/materials/m_00041a/LIABILITY_EXCLUSION/投保条款.txt...
2025-06-28 07:25:41 - text_comparison.py:92 - 0|1 result=经过对比分析，可以得出以下结论：

- 对于“保险费交纳”的描述，两份文件存在明显冲突。虽然都是分期交纳保险费，但是在文件2中多了年交和月交的选项，且对于月交的首次交纳保费数量进行了规定。
- 对于“宽限期”的描述，两份文件不存在冲突。
- 综上所述，两份文件存在冲突。

简易理由：文件1和文件2都在描述保险费的交纳方式和宽限期的规定，但是文件2多了一个交费方式选项，并对月交的首次交纳保费数量进行了规定，因此存在冲突。
2025-06-28 07:26:06 - text_comparison.py:92 - 0|2 result=第九条关于保险费交纳部分，两份文件描述一致，因此没有冲突。
第十条关于宽限期部分，两份文件描述一致，因此没有冲突。
对于投保人条件限制，文件1中没有明确说明，而文件2中有明确说明，因此存在冲突。
综上所述，这两份文件存在冲突。
2025-06-28 07:26:37 - text_comparison.py:92 - 0|3 result=经过对比分析，发现这两份文件中的内容存在一定的差异，其中第9条和第5条关于保险费交纳的描述是相同的，但是第10条和第6条关于宽限期的描述存在差异，因此可以得出结论：

对于“保险费交纳”的描述，两份文件没有冲突。
对于“宽限期”的描述，存在冲突。

所以，这两份文件存在冲突。
2025-06-28 07:27:48 - text_comparison.py:92 - 1|2 result=1. 有冲突。两份文件都提到了交费方式、交费期间、保险费约定交纳日、宽限期及效力中止等内容，但是在部分描述上存在差异，例如文件1中提到“在宽限期内发生保险事故的，本公司仍承担保险责任，但给付保险金时本公司将扣除应交而未交的保险费”，而文件2中并没有提及这一点。
2. 无冲突。两份文件都提到了投保人的身份要求，但是文件2中对于交费方式和交费期间的描述更为详细，而文件1中则没有涉及。

| thing    | 作出判断的简易理由                 | result     |
|---------|---------------------------------|----------|
| 交费方式和交费期间描述           | 文件1中较为简单，文件2中更加详细 | 有冲突   |
| 投保人身份要求                | 同样描述，无需比较               | 无冲突   |
2025-06-28 07:28:16 - text_comparison.py:92 - 1|3 result=对于第一份文件中关于保险费的描述，文件2中没有给出相应的规定，因此可以认为存在明显冲突；对于宽限期限的描述，两份文件都是在分期交纳保险费的情况下，且都给出了60天的宽限期，因此不存在冲突。根据以上分析，得出如下结果：

保险费: 有冲突
宽限期: 无冲突
2025-06-28 07:29:30 - text_comparison.py:92 - 2|3 result=有冲突

根据上述文件对比，“投保人”条件限制、“交费方式和交费期间”的约定以及“宽限期”的约定均有冲突。

对于“投保人”条件限制，《文件1》规定投保人必须是中国税收居民，而《文件2》则没有此限制；

对于“交费方式和交费期间”的约定，《文件1》中约定分期交纳保险费的投保人在交纳首期保险费后，应按照保险费约定交纳日交纳其余各期的保险费，直至保险单上载明的交费期间届满为止，而《文件2》中则直接将交费方式和交费期间写在了保险单上；

对于“宽限期”的约定，《文件1》中规定超过宽限期仍未交纳保险费的，则本合同自宽限期届满日的24时效力中止，而《文件2》中则将此约定延长至60日。

综上所述，以上三处约定均存在明显冲突。
2025-06-28 07:29:30 - text_comparison.py:99 - results: [True, True, True, True, True, True]
2025-06-28 07:29:30 - text_comparison.py:106 - ===============cnt=46 || material_id='m_00041a' || rule='投保条款' || end_result=True===============
2025-06-28 07:29:30 - text_comparison.py:57 - ===============cnt=47 || material_id='m_00016a' || rule='附加条款' || label=None===============
2025-06-28 07:29:30 - text_comparison.py:62 - load data ../data/clean_data_qwen2.5-72b-instruct/materials/m_00016a/INTRODUCE_IMG/附加条款.txt...
2025-06-28 07:29:30 - text_comparison.py:62 - load data ../data/clean_data_qwen2.5-72b-instruct/materials/m_00016a/HEAD_IMG/附加条款.txt...
2025-06-28 07:29:30 - text_comparison.py:62 - load data ../data/clean_data_qwen2.5-72b-instruct/materials/m_00016a/CLAUSE/附加条款.txt...
2025-06-28 07:29:30 - text_comparison.py:62 - load data ../data/clean_data_qwen2.5-72b-instruct/materials/m_00016a/INSURE_NOTICE/附加条款.txt...
2025-06-28 07:29:30 - text_comparison.py:62 - load data ../data/clean_data_qwen2.5-72b-instruct/materials/m_00016a/ADDITIONAL_AGREEMENT/附加条款.txt...
2025-06-28 07:29:30 - text_comparison.py:62 - load data ../data/clean_data_qwen2.5-72b-instruct/materials/m_00016a/LIABILITY_EXCLUSION/附加条款.txt...
2025-06-28 07:30:09 - text_comparison.py:92 - 0|1 result=由于题目中并没有提供需要比较的文件，因此无法给出具体的判断结果。但是，根据题目中的规则，“只比较相同条件下两份文件的描述是否冲突，如果对某件事物，其中一份文件未明确说明、或者省略说明时不必进行比较，即表示没有冲突！”，因此只需要比较两份文件中相同的事项即可。如果有相同的事项但在两份文件中的描述不一致，则存在冲突；如果没有相同的事项，则不存在冲突。
2025-06-28 07:30:18 - text_comparison.py:92 - 0|2 result=无冲突。
2025-06-28 07:30:44 - text_comparison.py:92 - 0|3 result=根据您提供的信息，我无法访问或读取任何外部文件内容，因此无法对您提供的两份文件进行冲突分析。 请提供文件内容并按照指定格式重新提交您的请求。
2025-06-28 07:31:20 - text_comparison.py:92 - 1|2 result=存在冲突的情况：

  * 文件2中限制了“意外身故、伤残”类的保险金额，而对“附加猝死保险”和“医疗费用”类的保险金额有不同的限制。
  * 文件2中列出了若干种户外运动，但在保险责任范围内只列出了一部分，未包含全部列出的户外运动。

简易理由：根据提供的文本内容，对于某些保险责任，两份文件做出了不同的约定，因此存在冲突。
2025-06-28 07:31:39 - text_comparison.py:92 - 1|3 result=根据提供的文本内容，没有明确提到“附加条款（约定该产品的附加条款，如特别约定等）”的具体信息，因此输出为空字符串。

```
```

""

""

""

```
```

""

""

```
```
2025-06-28 07:32:37 - text_comparison.py:92 - 2|3 result=无冲突
2025-06-28 07:32:37 - text_comparison.py:99 - results: [True, True, True, True, True, True]
2025-06-28 07:32:37 - text_comparison.py:106 - ===============cnt=47 || material_id='m_00016a' || rule='附加条款' || end_result=True===============
2025-06-28 07:32:37 - text_comparison.py:57 - ===============cnt=48 || material_id='m_00024a' || rule='保障责任' || label=None===============
2025-06-28 07:32:37 - text_comparison.py:62 - load data ../data/clean_data_qwen2.5-72b-instruct/materials/m_00024a/HEALTH_INFORM/保障责任.txt...
2025-06-28 07:32:37 - text_comparison.py:62 - load data ../data/clean_data_qwen2.5-72b-instruct/materials/m_00024a/INTRODUCE_IMG/保障责任.txt...
2025-06-28 07:32:37 - text_comparison.py:62 - load data ../data/clean_data_qwen2.5-72b-instruct/materials/m_00024a/HEAD_IMG/保障责任.txt...
2025-06-28 07:32:37 - text_comparison.py:62 - load data ../data/clean_data_qwen2.5-72b-instruct/materials/m_00024a/CLAUSE/保障责任.txt...
2025-06-28 07:32:37 - text_comparison.py:62 - load data ../data/clean_data_qwen2.5-72b-instruct/materials/m_00024a/INSURE_NOTICE/保障责任.txt...
2025-06-28 07:32:37 - text_comparison.py:62 - load data ../data/clean_data_qwen2.5-72b-instruct/materials/m_00024a/ADDITIONAL_AGREEMENT/保障责任.txt...
2025-06-28 07:32:37 - text_comparison.py:62 - load data ../data/clean_data_qwen2.5-72b-instruct/materials/m_00024a/LIABILITY_EXCLUSION/保障责任.txt...
2025-06-28 07:32:39 - text_comparison.py:106 - ===============cnt=48 || material_id='m_00024a' || rule='保障责任' || end_result=False===============
2025-06-28 07:32:39 - text_comparison.py:57 - ===============cnt=49 || material_id='m_00042a' || rule='出险条款' || label=None===============
2025-06-28 07:32:39 - text_comparison.py:62 - load data ../data/clean_data_qwen2.5-72b-instruct/materials/m_00042a/HEALTH_INFORM/出险条款.txt...
2025-06-28 07:32:39 - text_comparison.py:62 - load data ../data/clean_data_qwen2.5-72b-instruct/materials/m_00042a/INTRODUCE_IMG/出险条款.txt...
2025-06-28 07:32:39 - text_comparison.py:62 - load data ../data/clean_data_qwen2.5-72b-instruct/materials/m_00042a/PRODUCT_MANUAL/出险条款.txt...
2025-06-28 07:32:39 - text_comparison.py:62 - load data ../data/clean_data_qwen2.5-72b-instruct/materials/m_00042a/CLAUSE/出险条款.txt...
2025-06-28 07:32:39 - text_comparison.py:62 - load data ../data/clean_data_qwen2.5-72b-instruct/materials/m_00042a/INSURE_NOTICE/出险条款.txt...
2025-06-28 07:32:39 - text_comparison.py:62 - load data ../data/clean_data_qwen2.5-72b-instruct/materials/m_00042a/LIABILITY_EXCLUSION/出险条款.txt...
2025-06-28 07:33:29 - text_comparison.py:92 - 0|1 result=根据题目要求，需要对比分析两份文件中的"出险条款"，包括出险地点、出险方式等信息。在第一份文件中，约定了保险事故通知的相关事项，其中规定了在发生保险事故后应当及时通知保险公司，并且对于未及时通知导致保险事故性质、原因等难以确定的情况下，保险公司将不承担相关责任。而在第二份文件中，则是关于出险报案的条款，要求在发生保险事故后通过拨打客服电话进行报案，并需要准备好相关的理赔材料。因此，这两份文件描述的是不同的内容，不存在明显的冲突情况。
简易理由：两份文件描述的内容不同。
结果：无冲突。
2025-06-28 07:33:29 - text_comparison.py:99 - results: [True]
2025-06-28 07:33:29 - text_comparison.py:106 - ===============cnt=49 || material_id='m_00042a' || rule='出险条款' || end_result=True===============
2025-06-28 07:33:29 - text_comparison.py:57 - ===============cnt=50 || material_id='m_00043a' || rule='投保条款' || label=None===============
2025-06-28 07:33:29 - text_comparison.py:62 - load data ../data/clean_data_qwen2.5-72b-instruct/materials/m_00043a/HEALTH_INFORM/投保条款.txt...
2025-06-28 07:33:29 - text_comparison.py:62 - load data ../data/clean_data_qwen2.5-72b-instruct/materials/m_00043a/INTRODUCE_IMG/投保条款.txt...
2025-06-28 07:33:29 - text_comparison.py:62 - load data ../data/clean_data_qwen2.5-72b-instruct/materials/m_00043a/HEAD_IMG/投保条款.txt...
2025-06-28 07:33:29 - text_comparison.py:62 - load data ../data/clean_data_qwen2.5-72b-instruct/materials/m_00043a/CLAUSE/投保条款.txt...
2025-06-28 07:33:29 - text_comparison.py:62 - load data ../data/clean_data_qwen2.5-72b-instruct/materials/m_00043a/INSURE_NOTICE/投保条款.txt...
2025-06-28 07:33:29 - text_comparison.py:62 - load data ../data/clean_data_qwen2.5-72b-instruct/materials/m_00043a/ADDITIONAL_AGREEMENT/投保条款.txt...
2025-06-28 07:33:29 - text_comparison.py:62 - load data ../data/clean_data_qwen2.5-72b-instruct/materials/m_00043a/LIABILITY_EXCLUSION/投保条款.txt...
2025-06-28 07:35:02 - text_comparison.py:92 - 0|1 result=1.3 投保年龄：对于两份文件中关于投保年龄的规定，它们之间存在明显的冲突。虽然两个文件都允许投保人选择投保年龄范围，但是文件1的投保年龄范围是出生满30天至65周岁（不含），而文件2的投保年龄范围是出生满30天至70周岁（含70周岁）。因此，这两份文件的投保年龄规定不一致。
2.4.1 保险费分期缴付：对于两份文件中关于保险费分期缴付的部分，它们之间也存在明显的差异。虽然两个文件都允许投保人选择分期缴纳保险费，但是文件1中规定了投保人未交付首期保险费的情况下，保险合同不会生效；而在文件2中并没有这样的规定。此外，文件1还规定了缴费宽限期的设置，但在文件2中并没有提及。因此，这两份文件的保险费分期缴付规定也不一致。
3. 无明显冲突部分：对于两份文件中没有明确说明或者不需要进行比较的部分，它们之间不存在冲突。
4. 有冲突部分：对于两份文件中有明显差异的部分，它们之间存在冲突。例如，投保年龄和保险费分期缴付等方面。
2025-06-28 07:36:48 - text_comparison.py:92 - 0|2 result=根据文件1和文件2对比，存在以下明显冲突：
1. 文件1和文件2都在投保过程中规定了缴费方式，但是缴费方式的具体描述存在差异。例如，文件1中提到可以通过趸交和月交两种方式支付保险费，而文件2中只提到可以选择趸交方式（一次性全额付款）和月交方式（分12期付款）支付保险费。
2. 文件1和文件2都在投保过程中规定了职业类别限制，但是职业分类的标准不同。例如，文件1中提到职业类别以《中国太平洋财产保险股份有限公司职业分类表（2008版）》为准，而文件2中提到职业分类以《中国太平洋财产保险股份有限公司职业分类表（2008 版）》为准，若被保险人从事 6 类及以上和特定职业不在本保险承保范围内。
3. 文件1和文件2都在投保过程中规定了保险期间和续保事宜，但是在保险期间和续保方面的具体描述存在差异。例如，文件1中提到保险期间届满，需重新向保险公司申请投保本产品，并经保险公司同意，交纳保险费，获得新的保险合同。而在文件2中提到保险期间届满，需要重新向保险公司申请投保本产品，并经保险公司同意，交纳保险费，获得新的保险合同。
2025-06-28 07:38:41 - text_comparison.py:92 - 0|3 result=根据上述两个文件的描述，“投保过程中的缴费约定、投被保人条件限制等”，我们对其中可能存在的冲突进行了如下分析：
【文件1】中涉及的保障年龄、职业类别和保费等方面的描述与【文件2】中一致，因此不存在冲突。
但是，在【文件1】中描述了保险期间届满后的续保问题：“本合同为不保证续保合同。保险期间届满，您需要重新向我们申请投保本产品，并经我们同意，交纳保险费，获得新的保险合同。”而【文件2】中则没有类似的描述，而是规定了月缴单保费分12期缴付，并且没有提及保险期间届满后的续保问题。因此，这里存在一定的冲突。
此外，在【文件2】中还有一条特别需要注意的描述：“本产品每人限购1份。若被保险人在同一保险期间内购买多份，则只按照一份进行赔付。”这与【文件1】中关于保险金分配的规定可能会产生冲突，因为如果被保险人在同一保险期间内购买多份，【文件1】中的描述是按比例分配保险金，而【文件2】中的描述则是只赔付一份。因此，针对这一情况也存在一定的冲突。
综上所述，对于【文件1】和【文件2】中的投保条款，存在一定的冲突，主要涉及到续保问题和保险金分配规则。建议投保人在选择保险产品时，仔细阅读保险条款，了解清楚相关约定和限制，以免产生不必要的纠纷。
2025-06-28 07:39:44 - text_comparison.py:92 - 0|4 result=以下是针对这两份文件的投保条款对比结果：

【文件1】与【文件2】之间的差异主要在于以下几点：
1. 文件2 中缺少了保障年龄和职业类别的描述；
2. 文件2 中关于特药版的保费计算方式略有不同；
3. 文件2 中对于等待期的描述更为详细，并且指明了续保情况；
4. 文件2 中指明了本合同为不保证续保合同，并且在保险期间届满后30日内未支付续保保费的情况下，以后需按重新投保处理，等待期重新计算。此外，文件2还指出若公司停止该保险产品的销售，则不再接受续保申请。

因此，根据上述对比结果，“作出判断的简易理由”部分无需填写，“有冲突\无冲突”的结果应填为“无冲突”。
2025-06-28 07:40:50 - text_comparison.py:92 - 1|2 result=有冲突

在文件1的"投保人资格"中，规定了投保人必须是"具有完全民事行为能力的被保险人本人、对被保险人有保险利益的其他自然人"，但在文件2中却变成了"年满18周岁有完全民事行为能力，且对被保险人具有可保利益的自然人"，这是两份文件中的描述存在矛盾。

此外，文件1中对"被保险人年龄"的描述是"本合同接受的新保年龄范围为出生满30天至70周岁的被保险人"，而文件2中则变成了"被保险人仅为出生满30天至65周岁的健康人群"，这也属于描述矛盾，可能会影响到对被保险人的筛选和保险责任的承担。

最后，文件2中关于"职业类别限制"的描述也与文件1不同。
2025-06-28 07:43:48 - text_comparison.py:92 - 1|3 result=以下是针对您提供的两份文件的投保条款对比结果：

| 事项 | 文件1描述 | 文件2描述 | 判断结果 |
| --- | --- | --- | --- |
| 投保年龄 | 定义：指投保时被保险人的年龄。 |  | 有冲突 |
| 范围：本合同接受的新保年龄范围为出生满30天至70周岁（含70周岁）。被保险人在年满100周岁前（含100周岁），当保险期间届满且产品在办理续保的情况下，可以重新向我们申请投保本产品。 | 定义：被保险人投保时的年龄。 | 无冲突 |
| 被保险人 | 条件：身体健康、能正常生活或正常工作的自然人，可作为本合同的被保险人。 |  | 有冲突 |
| 投保人 | 条件：具有完全民事行为能力的被保险人本人、对被保险人有保险利益的其他自然人，可作为本合同的投保人。 | 仅有投保人的定义，未提及对被保险人有保险利益的其他自然人的条件。 | 有冲突 |
| 保险费的支付 | 支付方式：本合同保险费根据约定的投保年龄等情况确定。您应于投保时一次性支付全部保险费。 | 保费分12期缴付，保费分期缴付的缴费周期为每月。 | 有冲突 |
| 续保：续保时，我们按照续保保险费费率标准收取续保保险费；如您不接受，可不申请续保本合同。 | 仅适用于月交保单。 | 无冲突 |
| 分期支付：分期交付各期保险费之和等于本保险合同应交付保险费。保险合同责任终止或解除生效时，保险人按日比例计算投保人实际应交保险费。投保人实交保险费多于应交保险费的，保险人将多收的保险费退还给投保人，退还时扣除的手续费用比例同主险（除另有约定外）；投保人实交保险费少于应交保险费的，保险人有权要求投保人补交保险费。保险合同责任终止或解除前发生保险事故的，保险人不退还保险费且有权从给付的赔偿金中扣除所有剩余未交的保险费。 | 保险人按照续保保险费费率标准收取续保保险费，投保人不接受则不需申请续保本合同。 |
2025-06-28 07:44:13 - text_comparison.py:92 - 1|4 result=【文件1】中的投保年龄、被保险人条件限制、保险费的支付方式、宽限期、保险费分期缴付、年龄错误处理方式与【文件2】中的等待期、不保证续保、保险期间、续保保费、保险费计算等方面存在差异，因此可以得出结论，这两份文件存在冲突。
2025-06-28 07:45:05 - text_comparison.py:92 - 2|3 result=**结论：两份文件存在部分冲突内容。**

仔细对比两份文件，可以发现以下内容存在冲突：
- 文件1规定了被保险人只能是出生满30天到65周岁的身体健康能正常生活或正常工作的自然人（限1-4类职业），但是文件2没有提及这一点，因此无法确定文件2是否允许其他职业类别的人投保；
- 文件1规定了月缴单保费分12期缴付，但是文件2并未明确付款方式是月交还是趸交，因此无法确定文件2是否支持月交方式。

综上所述，由于这两份文件存在部分冲突内容，因此建议双方进行沟通并达成一致意见。
2025-06-28 07:47:28 - text_comparison.py:92 - 2|4 result=以下是对于给出的两份文件的投保条款冲突情况的分析结果：

1. 投保人资格：
   - 文件1 中要求投保人具有完全民事行为能力，且对被保险人具有可保利益的自然人；而文件2 中并未明确说明。
   - 有冲突

2. 被保险人资格：
   - 文件1 中规定被保险人需在30天至65岁之间，身体健康且能够正常生活或工作；而文件2 中则将该范围限定为30天至60岁，存在冲突。
   - 有冲突

3. 限购份数：
   - 文件1 和文件2 中均规定同一被保险人只能购买一份保险，不存在冲突。

4. 交费方式：
   - 文件1 中指出投保人可以选择趸交方式或月交方式支付保险费，而文件2 中未提及支付方式的选项，故此处存在冲突。
   - 有冲突

5. 职业类别限制：
   - 文件1 中指出该保险产品仅承保职业类别为1-4类的人员，而在文件2 中同样也有关于职业类别限制的描述，此处不存在冲突。

6. 等待期：
   - 文件1 中说明因意外伤害原因导致的保险事故无等待期，而非意外伤害原因导致的疾病等待期为15天。而在文件2 中，等待期为30天，存在差异。
   - 有冲突

7. 不保证续保：
   - 文件1 中说明保险期间届满后需要重新投保，续保时需要经过保险公司同意并支付保险费。而文件2 中也提到了续保问题，但未明确续保所需的流程和条件，存在冲突。
   - 有冲突

综上所述，两份文件的投保条款存在投保人资格、被保险人资格、交费方式和等待期的描述差异以及不保证续保方面的冲突。
2025-06-28 07:47:41 - text_comparison.py:92 - 3|4 result=无冲突。
2025-06-28 07:47:41 - text_comparison.py:99 - results: [True, True, True, True, True, True, True, True, True, True]
2025-06-28 07:47:41 - text_comparison.py:106 - ===============cnt=50 || material_id='m_00043a' || rule='投保条款' || end_result=True===============
2025-06-28 07:47:41 - text_comparison.py:57 - ===============cnt=51 || material_id='m_00017a' || rule='术语解释' || label=None===============
2025-06-28 07:47:41 - text_comparison.py:62 - load data ../data/clean_data_qwen2.5-72b-instruct/materials/m_00017a/CLAUSE/术语解释.txt...
2025-06-28 07:47:41 - text_comparison.py:62 - load data ../data/clean_data_qwen2.5-72b-instruct/materials/m_00017a/INSURE_NOTICE/术语解释.txt...
2025-06-28 07:47:41 - text_comparison.py:62 - load data ../data/clean_data_qwen2.5-72b-instruct/materials/m_00017a/ADDITIONAL_AGREEMENT/术语解释.txt...
2025-06-28 07:47:41 - text_comparison.py:62 - load data ../data/clean_data_qwen2.5-72b-instruct/materials/m_00017a/LIABILITY_EXCLUSION/术语解释.txt...
2025-06-28 07:47:43 - text_comparison.py:106 - ===============cnt=51 || material_id='m_00017a' || rule='术语解释' || end_result=False===============
2025-06-28 07:47:43 - text_comparison.py:57 - ===============cnt=52 || material_id='m_00044a' || rule='赔付 & 领取规则' || label=None===============
2025-06-28 07:47:43 - text_comparison.py:62 - load data ../data/clean_data_qwen2.5-72b-instruct/materials/m_00044a/HEALTH_INFORM/赔付 & 领取规则.txt...
2025-06-28 07:47:43 - text_comparison.py:62 - load data ../data/clean_data_qwen2.5-72b-instruct/materials/m_00044a/CLAUSE/赔付 & 领取规则.txt...
2025-06-28 07:47:43 - text_comparison.py:62 - load data ../data/clean_data_qwen2.5-72b-instruct/materials/m_00044a/INSURE_NOTICE/赔付 & 领取规则.txt...
2025-06-28 07:47:43 - text_comparison.py:62 - load data ../data/clean_data_qwen2.5-72b-instruct/materials/m_00044a/ADDITIONAL_AGREEMENT/赔付 & 领取规则.txt...
2025-06-28 07:47:43 - text_comparison.py:62 - load data ../data/clean_data_qwen2.5-72b-instruct/materials/m_00044a/LIABILITY_EXCLUSION/赔付 & 领取规则.txt...
2025-06-28 07:48:31 - text_comparison.py:92 - 0|1 result=在第一份文件中，关于“赔付年龄”、“比例”和“次数”的描述都没有出现在第二份文件中，因此这两份文件不存在明显相互冲突的情况。对于“门急诊医疗保险责任”、“疾病门急诊医疗保险责任”、“意外门急诊医疗费用”和“疾病门急诊医疗费用”等方面的描述是相同的，但是在“免赔额”、“给付比例”和“保险金额”等方面存在差异。因此，需要对比这两份文件中关于“免赔额”、“给付比例”和“保险金额”的描述是否一致。
2025-06-28 07:49:31 - text_comparison.py:92 - 0|2 result=文件1和文件2存在明显的冲突，主要表现在以下几点：

(1) 文件1中有两种保险责任：意外门急诊医疗保险责任和疾病门急诊医疗保险责任，而文件2中只有门诊险基础版和升级版两种选择，没有列出这两种保险责任。

(2) 文件1中明确规定了意外门急诊医疗费用的计算方式以及意外免赔额的设定，但在文件2中并未说明。

(3) 文件1中对疾病门急诊医疗保险责任的描述较为详细，包括疾病门急诊医疗费用的计算方式以及疾病免赔额的设定，但文件2中没有类似的描述。

(4) 文件2中对保单的生效时间、免赔额、赔付比例以及等待期的设定都有明确的规定，但文件1中没有这些内容。
2025-06-28 07:50:38 - text_comparison.py:92 - 0|3 result=《产品说明书》对比《保险条款》，“赔付 & 领取规则”的内容均存在，但两者在部分内容描述上存在差异，例如：

  * 文件1对“意外门急诊医疗保险责任”和“疾病门急诊医疗保险责任”分别进行了说明，《产品说明书》则将两项责任合并在一起；
  * 文件1中提到了“意外免赔额”、“疾病免赔额”，而《产品说明书》并未明确说明；
  * 文件1中提到了“意外门急诊医疗给付比例”、“疾病门急诊医疗给付比例”，而《产品说明书》将该比例修改为“医疗费用补偿比例”。

因此，在某些方面，《产品说明书》与《保险条款》可能存在一些不一致的地方，建议客户仔细阅读产品说明书并咨询保险公司，以了解具体的保障责任和理赔流程。
2025-06-28 07:51:49 - text_comparison.py:92 - 1|2 result=对于第一份文件（以下简称“文件1”）：

1. 文件1中有明确说明，没有冲突。
2. 文件1中有明确说明，没有冲突。
3. 文件1中有明确说明，没有冲突。
4. 有冲突。虽然两份文件都在某些情况下对医疗费用的给付限额和比例进行了规定，但是由于文件1中针对疾病和意外分别设定了不同的每日限额和赔付比例，而文件2中并未区分疾病和意外，因此两者在该方面的描述存在冲突。

对于第二份文件（以下简称“文件2”）：

1. 文件2中有明确说明，没有冲突。
2. 文件2中有明确说明，没有冲突。
3. 文件2中有明确说明，没有冲突。
4. 无冲突。因为两份文件在关于赔付 & 领取规则方面的描述都是相同的，没有出现明显的相互冲突的情况。
2025-06-28 07:52:01 - text_comparison.py:92 - 1|3 result=无冲突
2025-06-28 07:52:04 - text_comparison.py:92 - 2|3 result=无冲突
2025-06-28 07:52:04 - text_comparison.py:99 - results: [True, True, True, True, True, True]
2025-06-28 07:52:04 - text_comparison.py:106 - ===============cnt=52 || material_id='m_00044a' || rule='赔付 & 领取规则' || end_result=True===============
2025-06-28 07:52:04 - text_comparison.py:57 - ===============cnt=53 || material_id='m_00045a' || rule='投保条款' || label=None===============
2025-06-28 07:52:04 - text_comparison.py:62 - load data ../data/clean_data_qwen2.5-72b-instruct/materials/m_00045a/HEALTH_INFORM/投保条款.txt...
2025-06-28 07:52:04 - text_comparison.py:62 - load data ../data/clean_data_qwen2.5-72b-instruct/materials/m_00045a/INTRODUCE_IMG/投保条款.txt...
2025-06-28 07:52:04 - text_comparison.py:62 - load data ../data/clean_data_qwen2.5-72b-instruct/materials/m_00045a/HEAD_IMG/投保条款.txt...
2025-06-28 07:52:04 - text_comparison.py:62 - load data ../data/clean_data_qwen2.5-72b-instruct/materials/m_00045a/CLAUSE/投保条款.txt...
2025-06-28 07:52:04 - text_comparison.py:62 - load data ../data/clean_data_qwen2.5-72b-instruct/materials/m_00045a/INSURE_NOTICE/投保条款.txt...
2025-06-28 07:52:04 - text_comparison.py:62 - load data ../data/clean_data_qwen2.5-72b-instruct/materials/m_00045a/ADDITIONAL_AGREEMENT/投保条款.txt...
2025-06-28 07:52:04 - text_comparison.py:62 - load data ../data/clean_data_qwen2.5-72b-instruct/materials/m_00045a/LIABILITY_EXCLUSION/投保条款.txt...
2025-06-28 07:53:22 - text_comparison.py:92 - 0|1 result=存在明显相互冲突的情况：

- 文件2中关于"投保年龄"的描述，与文件1中对投保年龄的规定矛盾。 文件2中要求被保险人的投保年龄必须符合保险人当时的投保规定，而文件1中则规定投保年龄为出生满28天（不含）至65周岁（含）。
- 文件2中关于"保险期间与不保证续保"的描述，与文件1中关于保险期间的规定矛盾。 文件2中规定保险期间为一年（或不超过一年），若保险期间届满时，本合同对应保险产品统一停售，保险人将不再接受投保申请。而文件1中并未提及保险期间限制及不保证续保的内容。

根据上述信息，可以得出如下判断：
投保年龄: 有冲突。 文件2中对投保年龄的要求与文件1中的规定不一致。
保险期间与不保证续保: 有冲突。 文件2中对保险期间和不保证续保的规定与文件1中未提及的内容不一致。
2025-06-28 07:53:41 - text_comparison.py:92 - 0|2 result=有冲突

在文件2中，关于重新投保的部分描述了被保险人确诊重度疾病后，保险人不接受重新投保；而在文件1中则没有明确说明此事项。因此，这两份文件存在冲突。
2025-06-28 07:56:46 - text_comparison.py:92 - 0|3 result=对于第一份文件：

- 投保年龄：出生满28天(不含)至65周岁(含)、若未发生重疾理赔，可重新投保至100周岁(含)
- 文件中没有关于缴费安排和被保险人条件限制的描述

对于第二份文件：

- 投保过程中的缴费约定：若投保时选择保险费按月分期付款（总共12期），每月的缴费日期与保险生效日的日期相同。自缴费日零时起30天为宽限期，投保人在宽限期内补缴当期保费的，本保险合同持续有效，且针对宽限期内发生的保险事故，保险人仍承担保险责任。如投保人未足额缴付当期保费，且自缴费日零时起30天宽限期内仍未足额补缴当期保费的，则本合同的保险期间于当期缴费日零时起终止，保险期间终止后发生保险事故的，保险人不承担给付保险金的责任。
- 被保险人条件限制：从事以下职业或工种的被保险人不可参保：矿工、采石工、采砂工、爆破工、高压电工程设施人员、海洋船员、潜水员、火药炸药制造及处理人、特技演员、兽师、防暴警察、特种兵、战地记者、高空作业人员、脚手架上工作人员、室外安装维修人员、桥梁隧道施工人员、空中杂技人员。被保险人变更其职业或工种时，若新从事的职业或工种属于上述不可参保范围内的，投保人或被保险人应自变更之日起10日内以书面形式通知保险人；保险人在接到通知后有权解除本合同，并按照接到通知之日退还未满期净保险费。自被保险人从事不可参保范围内的职业或工种起发生的保险事故，保险人不承担给付保险金责任。

比较以上两份文件，可以发现存在冲突的情况如下：

- 缴费安排：第一份文件中没有关于缴费安排的描述，而第二份文件描述了投保时选择保险费按月分期付款的方式以及相应的宽限期和保险期间终止规定。因此，这两份文件在缴费安排方面存在冲突。
- 被保险人条件限制：第一份文件中没有关于被保险人条件限制的描述，而第二份文件列出了几种不可参保的职业或工
2025-06-28 07:59:09 - text_comparison.py:92 - 1|2 result=根据题目要求，我们需要对比分析两份文件中关于“投保条款”的内容，找出是否存在明显相互冲突的情况。对比分析结果如下：

第一，“第十四条 交费义务”部分，两份文件中的描述是基本一致的，不存在冲突。

第二，“第二十一条 年龄的确定及错误的处理”部分，两份文件中的描述也是基本一致的，不存在冲突。

第三，“第四条 被保险人”部分，两份文件中的描述存在差异。差异点在于：“文件2”中说明了除了“投保人本人、配偶、子女或父母之外的人群不能成为被保险人”，并且被保险人职业范围也有限制。而在“文件1”中并没有这样的描述，可能存在潜在的冲突。

第四，“第九条 保险期间与不保证续保”部分，两份文件中的描述存在差异。差异点在于：“文件2”中说明了保险期间为一年，并且在保险期间届满后，投保人需要重新向保险公司申请投保本产品，并经保险人同意，交纳保险费，获得新的保险合同。而在“文件1”中只是说明了保险期间为一年，并没有提及需要重新投保的事情，可能存在潜在的冲突。

第五，“第十七条 诉讼时效期间”部分，两份文件中的描述是基本一致的，不存在冲突。

第六，“第二十四条 合同的解除”部分，两份文件中的描述是基本一致的，不存在冲突。

第七，“第二十二条 保险费自动垫交”部分，两份文件中的描述是基本一致的，不存在冲突。

第八，“第二十条 减额交清”部分，两份文件中的描述是基本一致的，不存在冲突。

因此，综合以上分析，我们得出结论：在这份“投保条款”中，存在一处可能存在的冲突点，即“文件2”中对于被保险人和职业范围的描述，与“文件1”中有所不同。
2025-06-28 08:01:43 - text_comparison.py:92 - 1|3 result=由于两份文件的描述内容不完全一致，因此无法直接进行比较。对于给出的判断标准，我会根据现有信息尽力作出判断。

第一行事件：（投保过程中的缴费约定、投被保人条件限制等）
- 文件1中有详细的缴费约定和投被保人条件限制描述，而文件2中只有简短的几句话，没有详细描述。因此，在这个方面，存在明显冲突。
第二行事件：（从事以下职业或工种的被保险人不可参保）
- 文件1中列出了几种不可参保的职业或工种，而文件2中也有类似的规定，但在文件2中还特别指出：“被保险人变更其职业或工种时，若新从事的职业或工种属于上述不可参保范围内的，投保人或被保险人应自变更之日起10日内以书面形式通知保险人；保险人在接到通知后有权解除本合同，并按照接到通知之日退还未满期净保险费。自被保险人从事不可参保范围内的职业或工种起发生的保险事故，保险人不承担给付保险金责任。”
- 在这一点上，两份文件存在差异，因为文件1中没有提及被保险人变更职业或工种时的特殊情况。
第三行事件：（若投保人在保险单生效日起的十五天后解除本保险合同，保险人将退还未满期净保险费）
- 文件1和文件2中都有类似的描述，即投保人在保险单生效日起的一定时间内解除保险合同时，保险人将退还未满期净保险费。
综上所述，这两份文件之间存在冲突的地方主要集中在投被保人条件限制和退保事项上。文件1中对这些方面的描述较为详尽，而文件2中只是简单概括，缺乏一些具体的操作细节。对于文件2中的某些特定情况，例如被保险人变更职业或工种时的处理方式，也与文件1有所不同。因此，建议对这些方面进行核实和修改，以确保投保人和被保险人的权益得到充分保障。
2025-06-28 08:03:38 - text_comparison.py:92 - 2|3 result=1. 对于"投保人的缴费方式"，两份文件均有相关描述，但具体细节有所不同，因此存在冲突。 文件1中描述了保险费按月分期付款的方式，并设定了12期的期限，而文件2则没有提及具体的缴费方式，也没有设定分期付款的期限，因此可以认为这是两份文件的潜在冲突点之一。

2. 对于"被保险人的职业限制"，两份文件均有相关描述，且限制条件基本一致，不存在冲突。但是，值得注意的是，在文件2中，被保险人变更职业后，如果新从事的职业属于禁止投保的职业范围内，要求投保人或被保险人必须在10日内通知保险人。而文件1中并没有对被保险人变更职业后的通知期限作出规定，因此这可能成为两份文件的另一个潜在冲突点。

3. 对于"保险期间及解除保险合同"的描述，两份文件也存在一些差异。文件1中规定保险期间为一年，保险期间届满后需要重新投保并经过保险人的审核和同意。而文件2中同样规定了保险期间为一年，但在保险单生效15日后可以解除保险合同，并且退还未满期净保险费。对于解除保险合同的期限和退款方式，两份文件的规定不同，可能存在冲突。

综合来看，两份文件中关于投保人的缴费方式和保险期间及解除保险合同的描述存在一定的冲突，需要投保人或保险人事先了解清楚并作出相应的安排。对于被保险人的职业限制，两份文件不存在明显冲突。
2025-06-28 08:03:38 - text_comparison.py:99 - results: [True, True, True, True, True, True]
2025-06-28 08:03:38 - text_comparison.py:106 - ===============cnt=53 || material_id='m_00045a' || rule='投保条款' || end_result=True===============
2025-06-28 08:03:38 - text_comparison.py:57 - ===============cnt=54 || material_id='m_00024a' || rule='保障相关时间' || label=None===============
2025-06-28 08:03:38 - text_comparison.py:62 - load data ../data/clean_data_qwen2.5-72b-instruct/materials/m_00024a/HEALTH_INFORM/保障相关时间.txt...
2025-06-28 08:03:38 - text_comparison.py:62 - load data ../data/clean_data_qwen2.5-72b-instruct/materials/m_00024a/INTRODUCE_IMG/保障相关时间.txt...
2025-06-28 08:03:38 - text_comparison.py:62 - load data ../data/clean_data_qwen2.5-72b-instruct/materials/m_00024a/HEAD_IMG/保障相关时间.txt...
2025-06-28 08:03:38 - text_comparison.py:62 - load data ../data/clean_data_qwen2.5-72b-instruct/materials/m_00024a/CLAUSE/保障相关时间.txt...
2025-06-28 08:03:38 - text_comparison.py:62 - load data ../data/clean_data_qwen2.5-72b-instruct/materials/m_00024a/INSURE_NOTICE/保障相关时间.txt...
2025-06-28 08:03:38 - text_comparison.py:62 - load data ../data/clean_data_qwen2.5-72b-instruct/materials/m_00024a/ADDITIONAL_AGREEMENT/保障相关时间.txt...
2025-06-28 08:03:38 - text_comparison.py:62 - load data ../data/clean_data_qwen2.5-72b-instruct/materials/m_00024a/LIABILITY_EXCLUSION/保障相关时间.txt...
2025-06-28 08:04:46 - text_comparison.py:92 - 0|1 result=以下是对于两份文件中保障相关时间的分析：

1. 犹豫期的对比结果为有冲突。虽然两份文件都在犹豫期的说明中提到了犹豫期的时间是自本合同生效之日起开始计算，但是文件1中还特别指出了若在犹豫期内退保可享受全额退款，而文件2中未对此作出说明。
2. 关于等待期的对比结果为无冲突。因为两份文件都在说明中指明了等待期为自本合同生效之日起30日，且对于续保保单也作出了相应规定。
3. 宽限期的对比结果为有冲突。虽然两份文件都在说明中提到了宽限期的存在，但是文件1中规定了在宽限期内发生保险事故保险公司仍承担责任，而文件2中未对此作出说明。

综合以上分析，我们可以得出结论：对于保障相关时间的描述，存在一定的冲突。
2025-06-28 08:04:58 - text_comparison.py:92 - 0|2 result=以下是针对上述两份文件的保障相关时间对比结果：
无明显冲突。
[ thing ]判断的简易理由 [ result]无冲突
2025-06-28 08:06:10 - text_comparison.py:92 - 0|3 result=【医疗责任】
无冲突
【犹豫期】
有冲突。虽然两份文件都规定了犹豫期的时间，但文件1中有两条关于退保损失的说明，而文件2中没有提到。

【等待期】
有冲突。虽然两份文件中都规定了等待期的时间，但文件1中的等待期适用于“首次投保本保险或者非连续投保本保险时，因意外伤害以外的原因发生的疾病”，而文件2中的等待期适用于“月缴单保费”的情况。

【保费缴纳】
有冲突。虽然两份文件中都规定了保费缴纳的相关内容，但文件1中规定了在犹豫期内提出退保可全额退款和未满期净保险费的退还规定，而文件2中没有提到。

【保险期间】
有冲突。虽然两份文件中都规定了保险期间的长度为一年，但文件1中还规定了保险期间届满后的续保问题，而文件2中没有提到。
2025-06-28 08:06:37 - text_comparison.py:92 - 0|4 result=1、关于犹豫期的描述，两份文件完全一致。
2、关于等待期的描述，除了在文件2中增加了“续保保单不计算等待期”的情况外，其他内容与文件1一致。
3、对于保险期间，两份文件也完全一致。

因此，这两份文件没有明显相互冲突的情况。
2025-06-28 08:06:50 - text_comparison.py:92 - 1|2 result=【矛盾】关于犹豫期的描述存在差异，《文件1》中规定犹豫期为5天，《文件2》中规定犹豫期为10天。
2025-06-28 08:07:09 - text_comparison.py:92 - 1|3 result=有冲突

- 文件1 中说明了犹豫期、等待期和宽限期的具体条款，而文件2 中虽然也提到了一些类似的概念，但是没有给出具体的定义和时间规定，因此可以判定存在时间描述上的冲突。
2025-06-28 08:08:36 - text_comparison.py:92 - 1|4 result=根据上述两份文件的保障相关时间描述，可以看出以下内容存在冲突：

1. 犹豫期的天数描述不一致：文件1中规定犹豫期为5天，而文件2中规定犹豫期为10天。因此，对于犹豫期的描述存在冲突。

2. 宽期限的描述中缺少文件2中的情况：文件1列出了在宽限期内发生保险事故时保险人的处理方式，但对于投保人未在约定的缴费宽限期内补交保险费的情况没有作出说明。而文件2对此情况的描述是：“如果发生投保人不按约定日期交付第二期或以后任何一期保险费的情形，且在约定的缴费宽限期内（不超过 30 日）仍未补交保险费的，从宽限期届满之日的 24 时起，保险合同责任终止。如果被保险人在宽限期内发生保险事故的，保险人仍承担保险责任，但有权从给付的赔偿金中扣除应补交的保险费。” 因此，对于宽限期限的描述也存在冲突。

综上所述，这两份文件的描述存在犹豫期和宽期限的描述冲突情况。
2025-06-28 08:09:51 - text_comparison.py:92 - 2|3 result=【thing】: 犹豫期
【result】: 有冲突
【reason】: 文件1中规定犹豫期为10天，而文件2中未明确说明犹豫期的期限。

【thing】: 宽限期
【result】: 有冲突
【reason】: 文件1中规定宽限期为25天，而文件2中也规定了相同的宽限期。

【thing】: 等待期
【result】: 无冲突
【reason】: 文件1中规定意外伤害原因导致的保险事故无需等待期，与文件2中规定的等待期一致。

【thing】: 等待期
【result】: 无冲突
【reason】: 文件1中规定首次投保本保险或者非连续投保本保险时，因意外伤害以外的原因发生的疾病等待期为30天，与文件2中规定的等待期一致。

综上，文件1与文件2在犹豫期和宽限期内存在冲突，而在等待期上没有冲突。
2025-06-28 08:11:24 - text_comparison.py:92 - 2|4 result=经过对比分析，可以发现这两份文件描述了相同的主题内容，即两个保险产品的保障相关时间，包括犹豫期、等待期和宽限期的描述。对于犹豫期的描述，在两份文件中均存在，描述内容一致；对于等待期的描述，在两份文件中也均存在，但略有不同，文件1中规定了续保保单的等待期计算方式，而文件2中则没有涉及；对于宽限期的描述，在两份文件中均存在，描述内容一致。因此，根据上述分析，这两份文件中只有等待期描述存在一定的差异，其余部分描述均一致，故不存在明显冲突情况。对于等待期的差异，是否会对实际保险责任产生影响，需要进一步了解具体的保险条款和约定才能作出判断。

| thing | 做出判断的简易理由 | result |
| --- | --- | --- |
| 犹豫期描述 | 同时存在于两份文件中，描述内容一致。 | 无冲突 |
| 宽限期描述 | 同时存在于两份文件中，描述内容一致。 | 无冲突 |
| 等待期描述 | 存在一定的差异，可能对实际保险责任产生影响。 | 有冲突 |
2025-06-28 08:11:37 - text_comparison.py:92 - 3|4 result=无冲突
2025-06-28 08:11:37 - text_comparison.py:99 - results: [True, True, True, True, True, True, True, True, True, True]
2025-06-28 08:11:37 - text_comparison.py:106 - ===============cnt=54 || material_id='m_00024a' || rule='保障相关时间' || end_result=True===============
2025-06-28 08:11:37 - text_comparison.py:57 - ===============cnt=55 || material_id='m_00046a' || rule='投保条款' || label=None===============
2025-06-28 08:11:37 - text_comparison.py:62 - load data ../data/clean_data_qwen2.5-72b-instruct/materials/m_00046a/CLAUSE/投保条款.txt...
2025-06-28 08:11:37 - text_comparison.py:62 - load data ../data/clean_data_qwen2.5-72b-instruct/materials/m_00046a/INSURE_NOTICE/投保条款.txt...
2025-06-28 08:11:37 - text_comparison.py:62 - load data ../data/clean_data_qwen2.5-72b-instruct/materials/m_00046a/ADDITIONAL_AGREEMENT/投保条款.txt...
2025-06-28 08:11:37 - text_comparison.py:62 - load data ../data/clean_data_qwen2.5-72b-instruct/materials/m_00046a/LIABILITY_EXCLUSION/投保条款.txt...
2025-06-28 08:14:38 - text_comparison.py:92 - 0|1 result=经过对比分析，我们发现这两份文件中的投保条款存在一些相互冲突的地方：

1. 文件1中规定："本附加险合同可附加于太平财产保险有限公司相关人身保险合同（以下简称“主险合同”）。本附加险合同作为主险合同的组成部分，主险合同效力终止，本附加险合同效力亦同时终止；主险合同无效，本附加险合同亦无效。"而文件2中则没有类似的规定，无法判断这两份文件在此处是否相互冲突。

2. 文件1中规定："投保人、被保险人根据保险人的询问应将其已知或已患的疾病或其它情况以书面形式告知保险人。"而文件2中没有类似的要求，无法判断这两份文件在此处是否相互冲突。

3. 文件1中规定："保险人按照保险责任开始之日起至合同解除之日止期间与保险期间的日比例计收保险费，并退还剩余部分保险费。"而文件2中没有类似的规定，无法判断这两份文件在此处是否相互冲突。

4. 文件2中规定："被保险人首次投保前所患疾病及先天性、遗传性疾病和已有伤残导致的保险事故为除外责任。在保单生效前已经出现的症状、罹患疾病或发生意外事故 (包括且不限于检查结果异常等情况)，我司不承担保险责任。"而文件1中没有类似的规定，因此可以判断这两份文件在此处存在冲突。

5. 文件2中规定："本保险各项保险责任仅限于中国大陆境内有效(不含香港、澳门和台湾地区)"，而文件1中没有类似的规定，因此可以判断这两份文件在此处存在冲突。

6. 文件2中规定："按中国银保监会规定，未满 10 周岁的被保险人身故保额累计不得超过 20万元，超出部分无效；已满 10 周岁但未满 18 周岁的被保险人身故保额累计不得超过人民币 50万元，超出部分无效；但航空意外和重大自然灾害意外死亡保险金额不受此限。"而文件1中没有类似的规定，因此可以判断这两份文件在此处存在冲突。

7. 文件2中规定："被保险人首次投保前所患疾病及先天性、遗传性疾病和已有伤残导致的保险事故为除外责任。在保单生效前已经出现的症状、罹患疾病或发生意外事故 (包括且不限于检查
2025-06-28 08:14:51 - text_comparison.py:92 - 0|2 result=无冲突。
2025-06-28 08:17:12 - text_comparison.py:92 - 1|2 result=根据题目要求，我们对比分析这两份文件中关于投保对象、投保人、保险期间、保险地域、受益人等方面的约定。

对比结果如下：

投保对象：无冲突
投保人：无冲突
保险期间：无冲突
保险地域：无冲突
受益人：无冲突

然而，在第六条中，虽然两份文件的规定内容一致，但是并未明确说明这是对于投保人的限制还是对于所有被保险人的限制。因此，我们需要进一步调查上下文信息才能做出判断。

综合以上情况，我们认为对于投保人和受益人的相关描述存在明显的相互冲突。因为两份文件虽然对于投保对象、保险期间、保险地域和受益人都做了相同的约定，但是在投保人的限制条件上，第二份文件多出了一个“子女”的投保范围，并且对于被保险人的保额限制也略有不同。因此，我们需要更深入地对比这两份文件的内容，以便更好地判断它们之间是否存在冲突。
2025-06-28 08:17:12 - text_comparison.py:99 - results: [True, True, True]
2025-06-28 08:17:12 - text_comparison.py:106 - ===============cnt=55 || material_id='m_00046a' || rule='投保条款' || end_result=True===============
2025-06-28 08:17:12 - text_comparison.py:57 - ===============cnt=56 || material_id='m_00047a' || rule='术语解释' || label=None===============
2025-06-28 08:17:12 - text_comparison.py:62 - load data ../data/clean_data_qwen2.5-72b-instruct/materials/m_00047a/HEALTH_INFORM/术语解释.txt...
2025-06-28 08:17:12 - text_comparison.py:62 - load data ../data/clean_data_qwen2.5-72b-instruct/materials/m_00047a/CLAUSE/术语解释.txt...
2025-06-28 08:17:12 - text_comparison.py:62 - load data ../data/clean_data_qwen2.5-72b-instruct/materials/m_00047a/INSURE_NOTICE/术语解释.txt...
2025-06-28 08:17:12 - text_comparison.py:62 - load data ../data/clean_data_qwen2.5-72b-instruct/materials/m_00047a/ADDITIONAL_AGREEMENT/术语解释.txt...
2025-06-28 08:17:12 - text_comparison.py:62 - load data ../data/clean_data_qwen2.5-72b-instruct/materials/m_00047a/LIABILITY_EXCLUSION/术语解释.txt...
2025-06-28 08:17:31 - text_comparison.py:92 - 0|1 result=根据上述两个文件的内容，“有效身份证件”和“中国税收居民”是两个存在重复的术语。但是，在两个文件中对于这两个术语的描述方式有所不同。因此，这两个术语存在冲突。对于其他内容，两个文件没有明显的冲突。
2025-06-28 08:18:34 - text_comparison.py:92 - 0|2 result=根据上述两个文件的描述，“有效身份证件”、“周岁”、“保单周年日”、“全残”、“意外伤害”的解释是相互冲突的。因此，对于这些事项，两个文件存在冲突。而对于其他一些词语，例如：“投保人”、“被保险人”、“受益人”、“保险费”等，在两个文件中都没有明确的说明，因此它们之间不存在冲突。另外，“犹豫期”、“等待期”、“保单现金价值”等概念在这两个文件中都有描述，但是两者对这些概念的解释是不同的，因此也存在冲突。综合以上情况，对于存在明显冲突的项目共有4项（有效身份证件、周岁、全残、保单现金价值），对于不存在明显冲突的项目共有4项（投保人、被保险人、受益人、保险费）。因此，有冲突的判断结果是：有冲突。
2025-06-28 08:22:20 - text_comparison.py:92 - 1|2 result=1. 对于“中国税收居民”的定义，在两份文件中均有描述，但是描述的内容略有不同，因此存在冲突。
2. 文件1 中描述了“仅中国税收居民”的概念并给出了具体的定义，而文件2中没有相关描述，因此不存在冲突。
3. 文件1 中对于“非居民”的定义，而文件2中没有相关描述，因此不存在冲突。
4. 文件1 中对于犹豫期的描述，而文件2中没有相关描述，因此不存在冲突。
5. 文件1 中对于等待期的描述，而文件2中也有相关描述，但两者描述内容不同，因此存在冲突。
6. 文件1 中对于保单现金价值的描述，而文件2中也有相关描述，但两者描述内容不同，因此存在冲突。
7. 文件1 中对于认可医院的描述，而文件2中没有相关描述，因此不存在冲突。
8. 以下是对于上述比较的结果：

| 事 物 | 做出判断的简易理由 | 结 果 |
| --- | --- | --- |
| 中国税收居民 | 文件1 和文件2 中均描述了该概念，但是描述的内容略有不同 | 存在冲突 |
| 仅中国税收居民 | 文件1 中描述了该概念，而文件2中没有相关描述 | 存在冲突 |
| 非居民 | 文件1 中描述了该概念，而文件2中没有相关描述 | 存在冲突 |
| 犹豫期 | 文件1 中没有相关描述，而文件2中有相关描述 | 存在冲突 |
| 等待期 | 文件1 和文件2 中都有相关描述，但描述内容不同 | 存在冲突 |
| 保单现金价值 | 文件1 和文件2 中都有相关描述，但描述内容不同 | 存在冲突 |
| 认可医院 | 文件1 中没有相关描述，而文件2中有相关描述 | 存在冲突 |
2025-06-28 08:22:20 - text_comparison.py:99 - results: [True, True, True]
2025-06-28 08:22:20 - text_comparison.py:106 - ===============cnt=56 || material_id='m_00047a' || rule='术语解释' || end_result=True===============
2025-06-28 08:22:20 - text_comparison.py:57 - ===============cnt=57 || material_id='m_00048a' || rule='责任免除' || label=None===============
2025-06-28 08:22:20 - text_comparison.py:62 - load data ../data/clean_data_qwen2.5-72b-instruct/materials/m_00048a/INTRODUCE_IMG/责任免除.txt...
2025-06-28 08:22:20 - text_comparison.py:62 - load data ../data/clean_data_qwen2.5-72b-instruct/materials/m_00048a/HEAD_IMG/责任免除.txt...
2025-06-28 08:22:20 - text_comparison.py:62 - load data ../data/clean_data_qwen2.5-72b-instruct/materials/m_00048a/CLAUSE/责任免除.txt...
2025-06-28 08:22:20 - text_comparison.py:62 - load data ../data/clean_data_qwen2.5-72b-instruct/materials/m_00048a/INSURE_NOTICE/责任免除.txt...
2025-06-28 08:22:20 - text_comparison.py:62 - load data ../data/clean_data_qwen2.5-72b-instruct/materials/m_00048a/ADDITIONAL_AGREEMENT/责任免除.txt...
2025-06-28 08:22:20 - text_comparison.py:62 - load data ../data/clean_data_qwen2.5-72b-instruct/materials/m_00048a/LIABILITY_EXCLUSION/责任免除.txt...
2025-06-28 08:23:14 - text_comparison.py:92 - 0|1 result=根据题目要求，只比较相同条件下两份文件的描述是否冲突，对比以下内容：

第一部分：责任免除中列举的损失/费用，两份文件均有列出，不存在明显冲突。
第二部分：保险金额的限制，文件1中说明“保险金额以投保家庭财产保险主险合同中的保险金额为限，具体金额以保险单载明为准”，而文件2并未提及该点，因此存在冲突。
第三部分：保费缴纳方面，文件2列出了保费分12期交付、交费周期为每月等具体规定，而文件1中对此没有任何描述，因此存在冲突。

因此，综合以上三个部分的比较结果，可以得出结论：这两份文件存在冲突。
2025-06-28 08:23:28 - text_comparison.py:92 - 0|2 result=无冲突
2025-06-28 08:24:08 - text_comparison.py:92 - 1|2 result=存在冲突。

根据文件1的描述，只有在投保人未按照保险合同约定的付款时间足额交付当期保费，且在本保险合同约定的交费延长期内仍未足额补交当期保费的情况下，保险人才不承担保险责任。而在文件2中，则规定了多项责任免除的事项，其中包括保险事故发生前投保人未履行如实告知义务、被保险人及其家庭成员、雇佣人员的违法、犯罪行为等情况下，保险公司不承担保险责任。这两份文件的描述存在明显的冲突。
2025-06-28 08:24:08 - text_comparison.py:99 - results: [True, True, True]
2025-06-28 08:24:08 - text_comparison.py:106 - ===============cnt=57 || material_id='m_00048a' || rule='责任免除' || end_result=True===============
2025-06-28 08:24:08 - text_comparison.py:57 - ===============cnt=58 || material_id='m_00049a' || rule='责任免除' || label=None===============
2025-06-28 08:24:08 - text_comparison.py:62 - load data ../data/clean_data_qwen2.5-72b-instruct/materials/m_00049a/INTRODUCE_IMG/责任免除.txt...
2025-06-28 08:24:08 - text_comparison.py:62 - load data ../data/clean_data_qwen2.5-72b-instruct/materials/m_00049a/HEAD_IMG/责任免除.txt...
2025-06-28 08:24:08 - text_comparison.py:62 - load data ../data/clean_data_qwen2.5-72b-instruct/materials/m_00049a/CLAUSE/责任免除.txt...
2025-06-28 08:24:08 - text_comparison.py:62 - load data ../data/clean_data_qwen2.5-72b-instruct/materials/m_00049a/INSURE_NOTICE/责任免除.txt...
2025-06-28 08:24:08 - text_comparison.py:62 - load data ../data/clean_data_qwen2.5-72b-instruct/materials/m_00049a/ADDITIONAL_AGREEMENT/责任免除.txt...
2025-06-28 08:24:08 - text_comparison.py:62 - load data ../data/clean_data_qwen2.5-72b-instruct/materials/m_00049a/LIABILITY_EXCLUSION/责任免除.txt...
2025-06-28 08:25:40 - text_comparison.py:92 - 0|1 result=根据题目要求，我们需要对比两份文件中关于“责任免除”的部分。但是，在第一份文件中，“责任免除”部分只有编号而没有具体内容，而在第二份文件中，“责任免除”部分有详细的内容。因此，我们只能对比第二份文件中的内容。

根据第二份文件，我们可以得出如下判断：

有冲突的情况：
1. 文件2中第(一)款责任免除中第11项为“战争、军事冲突、武装叛乱或暴乱、恐怖袭击”，而文件1中并没有类似的描述。
2. 文件2中第(二)款责任免除中第5项为“被保险人患艾滋病（AIDS）或感染艾滋病病毒（HIV）期间”，而文件1中并没有类似的描述。

没有冲突的情况：
1. 文件1中第(一)款责任免除中的其他项和文件2中第(一)款责任免除中的项均一致。
2. 文件2中第(二)款责任免除中的其他项和文件1中并没有对应的描述，因为文件1中没有关于医疗费用的描述。

因此，根据上述分析，这两份文件中有两项责任免除描述是相互冲突的，共有2个“有冲突的”判断结果。
2025-06-28 08:26:43 - text_comparison.py:92 - 0|2 result=责任免除部分存在明显的重复描述和冲突。例如，这两份文件都列出了类似的原因和期间，其中一些条目在两份文件中几乎完全相同，而另一些则略有不同。此外，还有个别条目的描述方式也存在差异，例如，“从事高风险运动”在第一份文件中描述为“从事极限运动、蹦极、攀岩、赛车、赛马、拳击、武术、潜水、溯溪等危险性运动”，而在第二份文件中则描述为“从事赛车、赛马、拳击、武术、潜水、溯溪、蹦极、攀岩等危险性运动”。由于这些原因和期间的描述存在重复和差异，因此无法确定哪份文件是正确的或者如何解释这些差异。因此，我们不能得出这两份文件之间是否存在明显冲突的结论。
2025-06-28 08:29:10 - text_comparison.py:92 - 1|2 result=根据给出的两份文件，对比其“责任免除”部分的内容，可以发现两份文件中有不少内容是重复的，但也有部分内容不一致。以下是对于这些不一致的部分的分析：

第一处不一致：文件1中第（二）部分的“期间除外”，列举了被保险人在某些情况下发生意外伤害导致身故或伤残时，保险人不承担给付保险金的责任。而在文件2中则没有类似的内容，只有在被保险人从事违法、犯罪活动期间或被依法拘留、服刑、在逃期间；被保险人存在精神和行为障碍（以世界卫生组织颁布的《疾病和有关健康问题的国际统计分类（ICD-10）》为准）期间；被保险人从事高风险运动、各种车辆表演、车辆竞赛或练习期间；被保险人酒后驾驶、无有效驾驶证驾驶或驾驶无有效行驶证的机动交通工具期间；被保险人患艾滋病（AIDS）或感染艾滋病病毒（HIV）期间的情况下才会拒绝给付保险金。

第二处不一致：文件1中第（一）部分的“责任免除”，列举了因投保人的故意或重大过失行为、被保险人自致伤害或自杀等原因导致被保险人身故或伤残时，保险人不承担给付保险金的责任，但在文件2中并没有类似的条款。

第三处不一致：文件1中第（二）部分的“责任免除”，列举了被保险人因病理性骨折而发生的医疗费用时，保险人不承担给付保险金的责任。但在文件2中并没有类似的条款。

第四处不一致：文件1中没有关于被保险人主动吸食或注射毒品而发生的意外伤害的相关条款，但在文件2中却被列为责任免除的一部分。

综上所述，这两份文件的责任免除部分有多处不一致，因此不能直接比较它们之间的冲突情况。
2025-06-28 08:29:10 - text_comparison.py:99 - results: [True, True, True]
2025-06-28 08:29:10 - text_comparison.py:106 - ===============cnt=58 || material_id='m_00049a' || rule='责任免除' || end_result=True===============
2025-06-28 08:29:10 - text_comparison.py:57 - ===============cnt=59 || material_id='m_00050a' || rule='术语解释' || label=None===============
2025-06-28 08:29:10 - text_comparison.py:62 - load data ../data/clean_data_qwen2.5-72b-instruct/materials/m_00050a/HEAD_IMG/术语解释.txt...
2025-06-28 08:29:10 - text_comparison.py:62 - load data ../data/clean_data_qwen2.5-72b-instruct/materials/m_00050a/CLAUSE/术语解释.txt...
2025-06-28 08:29:10 - text_comparison.py:62 - load data ../data/clean_data_qwen2.5-72b-instruct/materials/m_00050a/INSURE_NOTICE/术语解释.txt...
2025-06-28 08:29:10 - text_comparison.py:62 - load data ../data/clean_data_qwen2.5-72b-instruct/materials/m_00050a/ADDITIONAL_AGREEMENT/术语解释.txt...
2025-06-28 08:29:10 - text_comparison.py:62 - load data ../data/clean_data_qwen2.5-72b-instruct/materials/m_00050a/LIABILITY_EXCLUSION/术语解释.txt...
2025-06-28 08:29:10 - text_comparison.py:72 - ===============<=1 cnt=59 || material_id='m_00050a' || rule='术语解释' || end_result=True===============
2025-06-28 08:29:10 - text_comparison.py:57 - ===============cnt=60 || material_id='m_00051a' || rule='续保条款' || label=None===============
2025-06-28 08:29:10 - text_comparison.py:62 - load data ../data/clean_data_qwen2.5-72b-instruct/materials/m_00051a/INTRODUCE_IMG/续保条款.txt...
2025-06-28 08:29:10 - text_comparison.py:62 - load data ../data/clean_data_qwen2.5-72b-instruct/materials/m_00051a/HEAD_IMG/续保条款.txt...
2025-06-28 08:29:10 - text_comparison.py:62 - load data ../data/clean_data_qwen2.5-72b-instruct/materials/m_00051a/CLAUSE/续保条款.txt...
2025-06-28 08:29:10 - text_comparison.py:62 - load data ../data/clean_data_qwen2.5-72b-instruct/materials/m_00051a/INSURE_NOTICE/续保条款.txt...
2025-06-28 08:29:10 - text_comparison.py:62 - load data ../data/clean_data_qwen2.5-72b-instruct/materials/m_00051a/ADDITIONAL_AGREEMENT/续保条款.txt...
2025-06-28 08:29:10 - text_comparison.py:62 - load data ../data/clean_data_qwen2.5-72b-instruct/materials/m_00051a/LIABILITY_EXCLUSION/续保条款.txt...
2025-06-28 08:29:10 - text_comparison.py:72 - ===============<=1 cnt=60 || material_id='m_00051a' || rule='续保条款' || end_result=True===============
2025-06-28 08:29:10 - text_comparison.py:57 - ===============cnt=61 || material_id='m_00052a' || rule='赔付 & 领取规则' || label=None===============
2025-06-28 08:29:10 - text_comparison.py:62 - load data ../data/clean_data_qwen2.5-72b-instruct/materials/m_00052a/HEALTH_INFORM/赔付 & 领取规则.txt...
2025-06-28 08:29:10 - text_comparison.py:62 - load data ../data/clean_data_qwen2.5-72b-instruct/materials/m_00052a/INTRODUCE_IMG/赔付 & 领取规则.txt...
2025-06-28 08:29:10 - text_comparison.py:62 - load data ../data/clean_data_qwen2.5-72b-instruct/materials/m_00052a/HEAD_IMG/赔付 & 领取规则.txt...
2025-06-28 08:29:10 - text_comparison.py:62 - load data ../data/clean_data_qwen2.5-72b-instruct/materials/m_00052a/CLAUSE/赔付 & 领取规则.txt...
2025-06-28 08:29:10 - text_comparison.py:62 - load data ../data/clean_data_qwen2.5-72b-instruct/materials/m_00052a/INSURE_NOTICE/赔付 & 领取规则.txt...
2025-06-28 08:29:10 - text_comparison.py:62 - load data ../data/clean_data_qwen2.5-72b-instruct/materials/m_00052a/ADDITIONAL_AGREEMENT/赔付 & 领取规则.txt...
2025-06-28 08:29:10 - text_comparison.py:62 - load data ../data/clean_data_qwen2.5-72b-instruct/materials/m_00052a/LIABILITY_EXCLUSION/赔付 & 领取规则.txt...
2025-06-28 08:29:10 - text_comparison.py:72 - ===============<=1 cnt=61 || material_id='m_00052a' || rule='赔付 & 领取规则' || end_result=True===============
2025-06-28 08:29:10 - text_comparison.py:57 - ===============cnt=62 || material_id='m_00053a' || rule='保障相关时间' || label=None===============
2025-06-28 08:29:10 - text_comparison.py:62 - load data ../data/clean_data_qwen2.5-72b-instruct/materials/m_00053a/HEAD_IMG/保障相关时间.txt...
2025-06-28 08:29:10 - text_comparison.py:62 - load data ../data/clean_data_qwen2.5-72b-instruct/materials/m_00053a/CLAUSE/保障相关时间.txt...
2025-06-28 08:29:10 - text_comparison.py:62 - load data ../data/clean_data_qwen2.5-72b-instruct/materials/m_00053a/INSURE_NOTICE/保障相关时间.txt...
2025-06-28 08:29:10 - text_comparison.py:62 - load data ../data/clean_data_qwen2.5-72b-instruct/materials/m_00053a/LIABILITY_EXCLUSION/保障相关时间.txt...
2025-06-28 08:29:10 - text_comparison.py:72 - ===============<=1 cnt=62 || material_id='m_00053a' || rule='保障相关时间' || end_result=True===============
2025-06-28 08:29:10 - text_comparison.py:57 - ===============cnt=63 || material_id='m_00054a' || rule='术语解释' || label=None===============
2025-06-28 08:29:10 - text_comparison.py:62 - load data ../data/clean_data_qwen2.5-72b-instruct/materials/m_00054a/INTRODUCE_IMG/术语解释.txt...
2025-06-28 08:29:10 - text_comparison.py:62 - load data ../data/clean_data_qwen2.5-72b-instruct/materials/m_00054a/HEAD_IMG/术语解释.txt...
2025-06-28 08:29:10 - text_comparison.py:62 - load data ../data/clean_data_qwen2.5-72b-instruct/materials/m_00054a/CLAUSE/术语解释.txt...
2025-06-28 08:29:10 - text_comparison.py:62 - load data ../data/clean_data_qwen2.5-72b-instruct/materials/m_00054a/INSURE_NOTICE/术语解释.txt...
2025-06-28 08:29:10 - text_comparison.py:62 - load data ../data/clean_data_qwen2.5-72b-instruct/materials/m_00054a/ADDITIONAL_AGREEMENT/术语解释.txt...
2025-06-28 08:29:10 - text_comparison.py:62 - load data ../data/clean_data_qwen2.5-72b-instruct/materials/m_00054a/LIABILITY_EXCLUSION/术语解释.txt...
2025-06-28 08:29:10 - text_comparison.py:72 - ===============<=1 cnt=63 || material_id='m_00054a' || rule='术语解释' || end_result=True===============
2025-06-28 08:29:10 - text_comparison.py:57 - ===============cnt=64 || material_id='m_00043a' || rule='赔付 & 领取规则' || label=None===============
2025-06-28 08:29:10 - text_comparison.py:62 - load data ../data/clean_data_qwen2.5-72b-instruct/materials/m_00043a/HEALTH_INFORM/赔付 & 领取规则.txt...
2025-06-28 08:29:10 - text_comparison.py:62 - load data ../data/clean_data_qwen2.5-72b-instruct/materials/m_00043a/INTRODUCE_IMG/赔付 & 领取规则.txt...
2025-06-28 08:29:10 - text_comparison.py:62 - load data ../data/clean_data_qwen2.5-72b-instruct/materials/m_00043a/HEAD_IMG/赔付 & 领取规则.txt...
2025-06-28 08:29:10 - text_comparison.py:62 - load data ../data/clean_data_qwen2.5-72b-instruct/materials/m_00043a/CLAUSE/赔付 & 领取规则.txt...
2025-06-28 08:29:10 - text_comparison.py:62 - load data ../data/clean_data_qwen2.5-72b-instruct/materials/m_00043a/INSURE_NOTICE/赔付 & 领取规则.txt...
2025-06-28 08:29:10 - text_comparison.py:62 - load data ../data/clean_data_qwen2.5-72b-instruct/materials/m_00043a/ADDITIONAL_AGREEMENT/赔付 & 领取规则.txt...
2025-06-28 08:29:10 - text_comparison.py:62 - load data ../data/clean_data_qwen2.5-72b-instruct/materials/m_00043a/LIABILITY_EXCLUSION/赔付 & 领取规则.txt...
2025-06-28 08:29:42 - text_comparison.py:92 - 0|1 result=有冲突
在文件1中，关于"重大疾病医疗保险金"的描述是"重大疾病医疗保险金年免赔额为0元"，而在文件2中则表述为"重大疾病医疗保险金(可选)"，并且需要额外购买附加险才能享受该保险责任。这表明文件1和文件2对该项保险责任的规定存在明显的差异，构成了冲突。
2025-06-28 08:33:31 - text_comparison.py:92 - 0|2 result=【 thing: 赔付规则】

| 文件1 | 文件2 |
| --- | --- |
| 一般医疗保险金 | "免赔额":1万元(被保险人因本合同约定的重大疾病申请理赔，年免赔額为0元),"赔付比例":如投保时被保险人以参加公费医疗或基本医疗保险身份投保，但未以参加公费医疗或基本医疗保险身份就诊并结算的。按照60%的给付比例进行赔付。|
||  "免赔额":1万元(被保险人因本合同约定的重大疾病申请理赔，年免赔額为0元),"赔付比例":如投保时被保险人以有公费医疗或基本医疗保险身份投保，本次就诊时被保险人使用公费医疗、基本医疗保险或其他政府举办的医疗保障项目，该赔付比例为100%;如投保时被保险人以有公费医疗或基本医疗保险身份投保，但本次就诊时被保险人未使用公费医疗也未使用基本医疗保险也未使用其他政府举办的医疗保障项目，则该赔付比例为60%;如投保时被保险人以无公费医疗和基本医疗保险身份投保，该赔付比例为100%。|
| 重大疾病医疗保险金 | "免赔额":0元,"赔付顺序":保险人在责任范围内首先按照保险合同约定给付一般医疗保险金，当保险人一次或多次累计给付的一般医疗保险金达到本合同一般医疗保险金额后，保险人依照保险合同约定赔付重大疾病医疗保险金。||
| 特定药品费用医疗保险金(可选) | "免赔额":0元,"赔付比例":对于医保目录外药品费用：赔付比例为100%;对于医保目录内药品费用：
||

||

如投保时被保险人以有公费医疗或基本医疗保险身份投保，本次就诊时被保险人使用公费医疗、基本医疗保险或其他政府举办的医疗保障项目，该赔付比例为100%;
如投保时被保险人以有公费医疗或基本医疗保险身份投保，但本次就诊时被保险人未使用公费医疗也未使用基本医疗保险也未使用其他政府举办的医疗保障项目，则该赔付比例为60%;
如投保时被保险人以无公费医疗和基本医疗保险身份投保，该赔付比例为100%。||
| 其他 | "指定医疗机构":中华人民共和国境内（不含港澳台地区）二级（含）及以上公立医院普通部。“质子
2025-06-28 08:35:22 - text_comparison.py:92 - 0|3 result=根据题目要求，需要对比两份文件中相同的事项是否冲突。以下是对两份文件的解析：

- 文件1 中只有在“保险期间内发生符合理赔条件的事宜”才会给予赔付，并且规定了不同的免赔额和赔付比例。
- 文件2 中则更为详细地规定了多种情况下的赔付规则，例如针对同一保险期间购买多份保险、以公费医疗或基本医疗保险身份投保但未就诊结算、以及多种保险责任范围内的医疗费用垫付和增值服务等。对于免赔额和赔付比例也进行了规定，但在某些情况下可能有所不同。

综上所述，在对比这两份文件的赔付规则时，我们可以得出结论：

- 对于一般医疗保险金、重大疾病医疗保险金和特定药品费用医疗保险金的免赔额和赔付比例没有冲突。
- 文件1 中没有规定是否可以叠加赔付，而文件2 中则明确规定了同一保险期间只能赔付一次。因此，对于是否可以叠加赔付存在冲突。
- 文件1 中没有规定住院垫付服务、特定疾病及重大疾病绿色通道服务、重大疾病二次诊疗服务、院后照护服务以及特定药品费用垫付服务等增值服务内容，而文件2 中则对此进行了详细的规定，因此对于这些增值服务的内容存在冲突。

最后，我们给出如下输出：

- 重大疾病医疗保险金、特定药品费用医疗保险金的免赔额和赔付比例不存在冲突。
- 对于是否可以叠加赔付存在冲突。
- 文件2 中关于增值服务的规定与文件1 存在冲突。
2025-06-28 08:36:53 - text_comparison.py:92 - 0|4 result=无冲突

根据两份文件的描述，可以得出以下结论：

对于“一般医疗保险金”、“重大疾病医疗保险金”和“特定药品费用医疗保险金”，两份文件的免赔额和赔付比例都相同，因此没有冲突。

对于“特定药品费用医疗保险金”，虽然文件2中规定了不同的赔付比例，但是由于文件1中没有对此作出明确规定，因此不存在冲突。

对于“质子重离子治疗费用”，由于文件2中仅列出了具体的指定医疗机构，而文件1中没有涉及这一点，因此不存在冲突。

对于“本产品不承担被保险人入住特需病房、外宾病房等不属于公费医疗或基本医疗保险范畴的高等级病房发生的医疗费用”，由于文件1中没有涉及这一点，因此不存在冲突。

对于“如您在保险合同生效期间不幸发生保险事故，请在48小时内通过热线电话95500报案，我们将在接到您报案后的1个工作日内与您联系，指导并协助您办理理赔事宜。”，由于这是关于报案方式的描述，与保险责任的赔付、给付、领取及免赔细节无关，因此不需要比较，不影响结论。

综上所述，这两份文件之间不存在明显相互冲突的情况。
2025-06-28 08:38:17 - text_comparison.py:92 - 1|2 result=文件1和文件2都是关于保险产品中针对医疗费用的赔付和领取规则的描述，但是它们之间存在一些差异。
首先，文件1规定了两个级别的保险责任，即一般医疗保险金和重大疾病医疗保险金，而文件2只提到了一般医疗保险金和特定药品费用医疗保险金。此外，文件1中对于一般医疗保险金和重大疾病医疗保险金都有具体的赔付比例和免赔额的规定，而文件2只提到了特定药品费用医疗保险金的赔付比例和免赔额的规定。
其次，文件1中的赔付比例是根据投保时被保险人是否使用了公费医疗、基本医疗保险或其他政府举办的医疗保障项目来定的，而文件2则只提到了投保时被保险人是否使用了公费医疗或基本医疗保险作为参考。
最后，文件1中还提到了一个可选保障，即特定药品费用医疗保险金，而文件2并没有提到这个保障。
综上所述，文件1和文件2之间存在一些不同点，这些不同点可能会导致保险金的给付结果有所不同。
2025-06-28 08:39:06 - text_comparison.py:92 - 1|3 result=文件1 中涉及到了保险责任、等待期、保险期间、保险金额、保险责任范围、免赔额等内容。文件2 中则主要涉及到保险责任、保额、免赔额、增值服务、报案方式、报案期限等内容。经过对比，发现这两份文件中均涉及到了保险责任、保额、免赔额等概念，但文件2 中比文件1 中多了增值服务和报案方式等内容。对于这两份文件，它们之间的关系是互补的，因为它们都提供了关于健康保险的信息，但是文件2 的内容更加详细，可能是因为它是一种更加具体的保险产品。
2025-06-28 08:40:26 - text_comparison.py:92 - 1|4 result=1、根据文件1和文件2的内容，我们可以看到两份文件都涉及到了“赔付”的相关内容。但是，两份文件中的赔付条件、比例和限制是不同的。
2. 文件1中规定了两种赔付方式：“一般医疗保险金”和“重大疾病医疗保险金”，并且分别指定了各自的免赔额和赔付比例。此外，还有一种特殊的“特定药品费用医疗保险金”，但是需要额外选购。文件2则没有涉及到这些内容。
3. 文件1中明确规定了“指定医疗机构”的概念，并且指定了若干家医院作为“指定医疗机构”。文件2中则没有明确提到“指定医疗机构”的概念，也没有指定具体的医院。
4. 文件1中明确规定了哪些医疗费用是不包含在保险责任范围内的，例如“本合同的除外责任条款中列明的医疗费用”和“未经我们事先书面同意的医疗服务”，而文件2中则没有这样的限定。
2025-06-28 08:42:39 - text_comparison.py:92 - 2|3 result=根据题目要求，需要对比分析两份文件中关于“赔付 & 领取规则”的内容，判断是否存在明显相互冲突的情况。

首先，我们来看这两份文件的共同点：

1. 文件1和文件2均涉及到了不同种类的保险金以及各自的免赔额和赔付比例。
2. 文件1和文件2都提到了某些情况下，如果被保险人使用了公费医疗或基本医疗保险，其赔付比例会有所不同。
3. 文件1和文件2都列出了部分具体的医疗服务作为可选责任或增值服务。
4. 文件1和文件2都在最后提供了理赔流程和保险赔款支付方式的相关说明。

接下来，我们来比较这两份文件的不同点：

1. 文件1规定了一般医疗保险金、重大疾病医疗保险金和特定药品费用医疗保险金三种保险金类型，而文件2只有两种：一般医疗保险金和特定药品费用医疗保险金。
2. 文件1规定了一般医疗保险金和重大疾病医疗保险金的免赔额和赔付比例，而文件2则规定了一般医疗保险金和特定药品费用医疗保险金的免赔额和赔付比例。
3. 文件1规定了四种不同的责任免除情况，而文件2则规定了五种责任免除情况。
4. 文件1规定了理赔流程和保险赔款支付方式，而文件2则只规定了理赔流程和保险赔款支付方式的一种选择。
5. 文件1规定了指定医疗机构和责任免除的事项，而文件2则没有这些规定。

综上所述，我们可以得出结论：存在明显相互冲突的情况。原因在于文件1和文件2在一些关键条款上描述不一致，例如保险金类型、免赔额、赔付比例、责任免除等方面都有所差异，因此可以认为这两份文件存在明显的矛盾和冲突。
2025-06-28 08:46:15 - text_comparison.py:92 - 2|4 result=以下是根据题目要求完成的结果：

| 事情 | 判断的简易理由 | result |
| --- | --- | --- |
| 免赔额 | 文件1中一般医疗保险金和重大疾病医疗保险金的免赔额分别为1万元和0元；文件2中全部医疗费用的免赔额均为0元。因此存在冲突。 | 有冲突 |
| 赔付比例 | 文件1中针对不同情况规定了不同的赔付比例；文件2中也有类似的描述，但在特定情况下赔付比例有所不同。因此存在冲突。 | 有冲突 |
| 指定医疗机构 | 文件1中仅指定了普通部，而文件2中则指明了具体的二级（含）及以上公立医院。因此存在冲突。 | 有冲突 |
| 责任免除 | 文件1中有详细的责任免除事项清单；文件2中则没有列出。因此存在差异。 | 有差异 |
| 理赔流程和保险赔款支付方式 | 文件1和文件2均有相关描述，内容一致。因此不存在冲突。 | 无冲突 |
| 投保时身份类别及赔付比例 | 文件1中分别按有无公费医疗或基本医疗保险身份以及是否使用政府举办的医疗保障项目来确定赔付比例；文件2中也有类似描述，但在某些情况下赔付比例有所不同。因此存在冲突。 | 有冲突 |
2025-06-28 08:49:15 - text_comparison.py:92 - 3|4 result=【文件1】中有两条内容涉及到赔付和领取规则：

1. 若被保险人在同一保险期间内购买多份，则只按照一份进行赔付。
2. 保险期间内您可享受的增值服务包括：（1）住院垫付服务（不限次）；（2）特定疾病及重大疾病绿色通道服务，包括：专家门诊（1次）、专家病房（1次）、专家手术（1次）；（3）重大疾病二次诊疗服务（1次）；（4）院后照护服务（不限次）；（5）特定药品费用垫付服务（不限次）（附加特药责任可享）。住院垫付服务的医院网络请详见官网，若您在我司垫付医院网络接受治疗，按约定的基本保险金额对于保险责任范围内的住院医疗费用可以申请提前垫付。

【文件2】中有四条内容涉及到赔付和领取规则：

1. 赔付说明：（1）本保险“一般医疗保险金”保障年免赔额为8000元（被保险人因本合同约定的重大疾病（定义具体详见保险条款7.7）申请理赔，年免赔额为0元）、“重大疾病医疗保险金”年免赔额为0元，“特定药品费用医疗保险金”（可选）年免赔额为0元。（2）本保险“一般医疗保险金”和“重大疾病医疗保险金”赔付比例：如投保时被保险人以有公费医疗或基本医疗保险身份投保，本次就诊时被保险人使用公费医疗、基本医疗保险或其他政府举办的医疗保障项目，该赔付比例为100%;如投保时被保险人以有公费医疗或基本医疗保险身份投保，但本次就诊时被保险人未使用公费医疗也未使用基本医疗保险也未使用其他政府举办的医疗保障项目，则该赔付比例为60%;如投保时被保险人以无公费医疗和基本医疗保险身份投保，该赔付比例为100%。（具体详见保险条款）。（3）本保险“特定药品费用医疗保险金”（若投保含特药计划）赔付比例：（1）对于医保目录内药品费用：如投保时被保险人以有公费医疗或基本医疗保险身份投保，本次就诊时被保险人使用公费医疗、基本医疗保险或其他政府举办的医疗保障项目，该赔付比例为100%;如投保时被保险人以有公费医疗或基本医疗保险身份投保，但本次就诊时被保险
2025-06-28 08:49:15 - text_comparison.py:99 - results: [True, True, True, True, True, True, True, True, True, True]
2025-06-28 08:49:15 - text_comparison.py:106 - ===============cnt=64 || material_id='m_00043a' || rule='赔付 & 领取规则' || end_result=True===============
2025-06-28 08:49:15 - text_comparison.py:57 - ===============cnt=65 || material_id='m_00055a' || rule='责任免除' || label=None===============
2025-06-28 08:49:15 - text_comparison.py:62 - load data ../data/clean_data_qwen2.5-72b-instruct/materials/m_00055a/INTRODUCE_IMG/责任免除.txt...
2025-06-28 08:49:15 - text_comparison.py:62 - load data ../data/clean_data_qwen2.5-72b-instruct/materials/m_00055a/HEAD_IMG/责任免除.txt...
2025-06-28 08:49:15 - text_comparison.py:62 - load data ../data/clean_data_qwen2.5-72b-instruct/materials/m_00055a/CLAUSE/责任免除.txt...
2025-06-28 08:49:15 - text_comparison.py:62 - load data ../data/clean_data_qwen2.5-72b-instruct/materials/m_00055a/INSURE_NOTICE/责任免除.txt...
2025-06-28 08:49:15 - text_comparison.py:62 - load data ../data/clean_data_qwen2.5-72b-instruct/materials/m_00055a/ADDITIONAL_AGREEMENT/责任免除.txt...
2025-06-28 08:49:15 - text_comparison.py:62 - load data ../data/clean_data_qwen2.5-72b-instruct/materials/m_00055a/LIABILITY_EXCLUSION/责任免除.txt...
2025-06-28 08:49:22 - text_comparison.py:92 - 0|1 result=无冲突
2025-06-28 08:53:31 - text_comparison.py:92 - 0|2 result=任何在下列期间发生的或因下列情形之一导致被保险人支出住院看护费用的，保险人不承担给付保险金的责任：（一）故意行为或违法犯罪行为：投保人对被保险人的故意杀害或故意伤害；被保险人故意犯罪或抗拒依法采取的刑事强制措施、被政府依法拘禁或入狱期间；被保险人自杀、自伤，但被保险人自杀时为无民事行为能力人的除外；醉酒，服用、吸食或注射毒品；未遵医嘱，擅自服用、涂用、注射药物；被保险人酒后驾驶、无有效驾驶证驾驶（释义十二）或者驾驶无有效行驶证（释义十三）的机动交通工具；因被保险人挑衅或故意行为而导致的打斗、被袭击、被谋杀；（二）被保险人患性病，传染病（释义十四）、精神和行为障碍，遗传性疾病，先天性畸形、变形或染色体异常（依据世界卫生组织《疾病和有关健康问题的国际统计分类》（ICD-10）（释义十五）确定）；（三）康复治疗（释义十六）、休养或疗养、健康体检、隔离治疗、保健食品及用品；（四）康复治疗辅助装置或用具（包括义肢、轮椅、拐杖、助听器、眼镜或隐性眼镜、义眼、矫形支架等）及其安装、非处方医疗器械及其安装；（五）被保险人所患既往症（释义十七），及保险单中特别约定的除外疾病引起的相关费用，但投保时保险人已知晓并做出书面认可的除外；等待期内被保险人确诊的相关疾病；（六）被保险人感染艾滋病病毒或患艾滋病（释义十八），但在本合同有效期内，因职业原因导致人类免疫缺陷病毒（HIV）感染（释义十九）、输血原因导致人类免疫缺陷病毒（HIV）感染（释义二十）或器官移植原因导致人类免疫缺陷病毒（HIV）感染（释义二十一）不在此限；（七）战争、军事行动、暴乱或者武装叛乱；核爆炸、核辐射或者核污染、化学污染；（八）第三方服务商和医疗服务形式以外发生的看护费用；（九）不属于保险人指定或认可的第三方服务商发生的看护费用。
2025-06-28 08:54:17 - text_comparison.py:92 - 1|2 result=对于某件事物，如果两份文件都有明确的描述，则进行比较，如果描述不同则视为存在冲突；如果有一份文件对该事物进行了描述，而另一份文件未明确说明或者省略说明，则视为没有冲突。

根据上述规则，对于给出的两份文件，“责任免除”的描述存在冲突。因为虽然两份文件都在列举一些特定情况下保险公司不承担保险责任，但是两份文件的描述并不完全相同，例如文件1中列出了“保险期间终止后发生的保险事故”，而文件2中并没有列出这个情况，因此可以判定这两份文件存在冲突。
2025-06-28 08:54:17 - text_comparison.py:99 - results: [True, True, True]
2025-06-28 08:54:17 - text_comparison.py:106 - ===============cnt=65 || material_id='m_00055a' || rule='责任免除' || end_result=True===============
2025-06-28 08:54:17 - text_comparison.py:57 - ===============cnt=66 || material_id='m_00056a' || rule='赔付 & 领取规则' || label=None===============
2025-06-28 08:54:17 - text_comparison.py:62 - load data ../data/clean_data_qwen2.5-72b-instruct/materials/m_00056a/CLAUSE/赔付 & 领取规则.txt...
2025-06-28 08:54:17 - text_comparison.py:62 - load data ../data/clean_data_qwen2.5-72b-instruct/materials/m_00056a/INSURE_NOTICE/赔付 & 领取规则.txt...
2025-06-28 08:54:17 - text_comparison.py:62 - load data ../data/clean_data_qwen2.5-72b-instruct/materials/m_00056a/ADDITIONAL_AGREEMENT/赔付 & 领取规则.txt...
2025-06-28 08:54:17 - text_comparison.py:62 - load data ../data/clean_data_qwen2.5-72b-instruct/materials/m_00056a/LIABILITY_EXCLUSION/赔付 & 领取规则.txt...
2025-06-28 08:55:22 - text_comparison.py:92 - 0|1 result=有冲突
第一条 中的“在保险期间内，被保险人以乘客身份(不包括本人作为营运车辆驾驶员、操作人员或机组成员)乘坐 在 释义一所指的营运交通工具 上 从事 释义二 指明的营运活动”，与第二条中的“被保险人以乘客身份乘坐释义一所指的营运交通工具期间遭受意外伤害”，两者对于被保险人乘坐营运交通工具的限定条件不同，前者排除了被保险人作为营运车辆驾驶员、操作人员或机组成员的情况，而后者没有这样的限制。
另外，第一条中的“从事营运活动”也与第二条中的“乘坐释义一所指的营运交通工具期间”的描述有所差异，前者要求被保险人是在从事营运活动中受到的意外伤害才能获得保障，而后者没有这样的限定。
2025-06-28 08:56:09 - text_comparison.py:92 - 0|2 result=文件1和文件2的赔付规则都是针对意外伤害事故的，但是它们的保险责任、保险金额、保险期限以及免赔额等条款有所不同。此外，文件1还包括了骨折或关节脱位的给付比例表，并且对于椎骨骨折的情况做出了特别说明；而文件2则针对意外伤害医疗费用和住院津贴进行了具体的说明，并列出了多个注意事项。总的来说，这两个文件的描述和表达是清晰的，并不存在明显的相互冲突的情况。
2025-06-28 08:59:05 - text_comparison.py:92 - 1|2 result=根据题目要求，需要对比分析两份文件中关于“赔付 & 领取规则”的内容，找出其中有冲突的地方。下面是对比结果：

【文件1】中的描述和【文件2】中的描述存在如下冲突：

1. 文件1 中，“豪华版”计划中，意外伤害身故和意外伤害伤残赔偿总限额是20万元，其中身故赔偿限额是5万元；而文件2 中，“豪华版”计划中，意外伤害身故和意外伤害伤残赔偿总限额是20万元，但是没有明确身故赔偿限额是多少。因此，这两份文件在“豪华版”计划中的描述存在冲突。

2. 文件1 中，本保险约定的医疗机构不包括北京平谷区、密云县和怀柔区的任何医疗机构、四川宜宾市的所有医疗机构、四川雅安市雨城区人民医院、四川雅安市第二人民医院与山东栖霞市的所有医疗机构；而文件2 中，没有列出具体的医疗机构排除名单。因此，这两份文件在这方面的描述也存在冲突。

3. 文件1 中，本保险意外伤害重症监护住院津贴责任，每次事故免赔天数0天，单次赔偿不超过90天，全年累计不超过365天；而文件2 中，没有对该项进行描述。因此，这两份文件在这方面的描述也存在冲突。

4. 文件1 中，若被保险人因驾驶或乘坐机动车发生单车事故，或因溺水导致身故或伤残，保险人按被保险人投保的保障计划和保险合同约定的意外伤害身故保险金额和意外伤害伤残保险金额承担保险责任；而文件2 中，对该项进行了更详细的描述，增加了“被保险人遭受保险责任范围内意外事故导致伤残的，并达到《人身保险伤残评定标准及代码》所列伤残程度之一的，保险人按“伤残评定标准”所对应伤残等级的给付比例乘以本合同载明的意外伤残责任对应的保险金额，承担向被保险人给付意外伤残保险金的责任。伤残等级对应的给付比例如下：1级，100%”的内容。因此，这两份文件在身故或伤残保险责任方面的描述也存在冲突。

综上所述，这两份文件在多个方面都存在冲突，需要根据实际情况选择合适的产品。
2025-06-28 08:59:05 - text_comparison.py:99 - results: [True, True, True]
2025-06-28 08:59:05 - text_comparison.py:106 - ===============cnt=66 || material_id='m_00056a' || rule='赔付 & 领取规则' || end_result=True===============
2025-06-28 08:59:05 - text_comparison.py:57 - ===============cnt=67 || material_id='m_00043a' || rule='保障相关时间' || label=None===============
2025-06-28 08:59:05 - text_comparison.py:62 - load data ../data/clean_data_qwen2.5-72b-instruct/materials/m_00043a/HEALTH_INFORM/保障相关时间.txt...
2025-06-28 08:59:05 - text_comparison.py:62 - load data ../data/clean_data_qwen2.5-72b-instruct/materials/m_00043a/INTRODUCE_IMG/保障相关时间.txt...
2025-06-28 08:59:05 - text_comparison.py:62 - load data ../data/clean_data_qwen2.5-72b-instruct/materials/m_00043a/HEAD_IMG/保障相关时间.txt...
2025-06-28 08:59:05 - text_comparison.py:62 - load data ../data/clean_data_qwen2.5-72b-instruct/materials/m_00043a/CLAUSE/保障相关时间.txt...
2025-06-28 08:59:05 - text_comparison.py:62 - load data ../data/clean_data_qwen2.5-72b-instruct/materials/m_00043a/INSURE_NOTICE/保障相关时间.txt...
2025-06-28 08:59:05 - text_comparison.py:62 - load data ../data/clean_data_qwen2.5-72b-instruct/materials/m_00043a/ADDITIONAL_AGREEMENT/保障相关时间.txt...
2025-06-28 08:59:05 - text_comparison.py:62 - load data ../data/clean_data_qwen2.5-72b-instruct/materials/m_00043a/LIABILITY_EXCLUSION/保障相关时间.txt...
2025-06-28 08:59:37 - text_comparison.py:92 - 0|1 result=无冲突。
2025-06-28 09:02:06 - text_comparison.py:92 - 0|2 result=保险生效时间： 文件1中未提及保险生效时间； 文件2中约定本产品自网上投保申请核保通过后次日零时生效。 有冲突。

保险期间： 文件1中未提及保险期间； 文件2中约定保险期间为1年。 无冲突。

等待期： 文件1中约定1. 因意外伤害原因导致的保险事故：无等待期。 2. 首次投保本保险或者非连续投保本保险时，因意外伤害以外的原因发生的疾病：自本合同生效之日起30日为等待期。被保险人在等待期内所患或出现的疾病（或其并发症）、生理缺陷、残疾按条款责任免除约定不属于保障范围。续保保单不计算等待期，若您在本合同保险期间届满后30日内未支付续保保费，以后则按重新投保处理，等待期重新计算。 文件2中约定1. 因意外伤害原因导致的保险事故：无等待期。 2. 首次投保本保险或者非连续投保本保险时，因意外伤害以外的原因发生的疾病：自本合同生效之日起15日为等待期。被保险人在等待期内所患或出现的疾病(或其并发症)、生理缺陷、残疾按条款责任免除约定不属于保障范围。续保保单不计算等待期，若您在本合同保险期间届满后30日内未支付续保保费，以后则按重新投保处理，等待期重新计算。 有冲突。

犹豫期： 文件1中未提及犹豫期； 文件2中约定本保险产品不含犹豫期。请您慎重投保并仔细确认填写的信息是否正确，保险产品一旦生效，退保将会产生费用损失。 有冲突。

宽限期： 文件1中未提及宽限期； 文件2中约定本保险合同的付款宽限期为15天。若投保人未按照保险合同约定的付款时间足额缴付当期保费，且在本保险合同约定的付款宽限期内仍未足额补缴当期保费的，对于付款宽限
2025-06-28 09:05:06 - text_comparison.py:92 - 0|3 result=根据题目要求，需要对比分析这两份文件中的"保障相关时间"，包括犹豫期、等待期、宽限期等方面的描述。

1. 犹豫期：
第一份文件中未提及犹豫期，第二份文件中描述了犹豫期的相关内容："本保险产品不含犹豫期。请您慎重投保并仔细确认填写的信息是否正确，保险产品一旦生效，退保将会产生费用损失。"

因此，对于犹豫期的描述存在明显冲突。

2. 等待期：
第一份文件中有两类等待期描述：
(1)因意外伤害原因导致的保险事故：无等待期。
(2)首次投保本保险或者非连续投保本保险时，因意外伤害以外的原因发生的疾病：自本合同生效之日起30日为等待期。被保险人在等待期内所患或出现的疾病(或其并发症)、生理缺陷、残疾按条款责任免除约定不属于保障范围。续保保单不计算等待期，若您在本合同保险期间届满后30日内未支付续保保费，以后则按重新投保处理，等待期重新计算。

第二份文件也有两类等待期描述：
(1)因意外伤害原因导致的保险事故：无等待期。
(2)首次投保本保险或者非连续投保本保险时，因意外伤害以外的原因发生的疾病：自本合同生效之日起30日为等待期。被保险人在等待期内所患或出现的疾病(或其并发症)、生理缺陷、残疾按条款责任免除约定不属于保障范围。续保保单不计算等待期，若您在本合同保险期间届满后30日内未支付续保保费，以后则按重新投保处理，等待期重新计算。

两份文件对于因意外伤害原因导致的保险事故的等待期描述一致，但对首次投保或非连续投保时因意外伤害以外的原因发生的疾病的等待期描述略有不同。第一份文件的等待期为30天，而第二份文件的等待期同样为30天，但由于表述略有差异，因此可以认为此处存在轻微冲突。

3. 宽限期：
第一份文件中未提及宽限期，第二份文件中的"不保证续保"部分描述了若在保险期间届满后30日内未支付续保保费，则以后需按重新投保处理，等待期重新计算。此处并未明确说明是属于宽限期内的要求还是保险期间外的要求，因此无法判断与第一份文件是否冲突。
2025-06-28 09:05:31 - text_comparison.py:92 - 1|2 result=【thing】保险期间、等待期、犹豫期、宽限期、续保、保险生效时间、解除合同
【result】有冲突
【thing】保险费的支付、保险金给付、犹豫期退款、合同终止、续保保险费、未满期净保费
【result】无冲突
2025-06-28 09:08:49 - text_comparison.py:92 - 1|3 result=以下是对于这两份文件的保障相关时间的分析：

1. 对于等待期的描述，在文件1中，对于首次投保或重新投保有30天的等待期，但对于续保有如下描述：“续保不计算等待期。”而在文件2中只有对于首次投保或非连续投保有30天的等待期，对于续保描述为：“若您在本合同保险期间届满后30日内未支付续保保费，以后则按重新投保处理，等待期重新计算。”

2. 对于不保证续保的描述，在文件1中有详细的说明，包括保险期间、续保条件以及保险费支付的描述。而在文件2中也有类似的描述，但在保险期间部分有细微差别，文件2中表述为“本合同为不保证续保合同。本产品保险期间为一年。保险期间届满，您需要重新向我们申请投保本产品，并经我们同意，交纳保险费，获得新的保险合同。”，请注意这里并未明确说明续保需重新计算等待期，而是表述为“若您在本合同保险期间届满后30日内未支付续保保费，以后则按重新投保处理，等待期重新计算。”

3. 对于保险费支付的描述，在文件1中有明确说明：“保险费支付：本合同保险费根据约定的投保年龄等情况确定。您应于投保时一次性支付全部保险费。”而在文件2中也有类似描述，但在支付方式上略有不同，文件2中表述为：“分期交付各期保险费之和等于本保险合同应交付保险费。保险合同责任终止或解除生效时，保险人按日比例计算投保人实际应交保险费。”

4. 对于合同效力终止情况的描述，在文件1中有详细的说明，包括申请解除本合同、发生保险金给付、保险期间届满以及其他条款所列情况。而在文件2中也有类似的描述，但在描述发生保险金给付后的处理方式上有差异，文件2中表述为：“如果发生投保人不按约定日期交付第二期或以后任何一期保险费的情形，且在约定的缴费宽限期内仍未补交保险费的，从宽限期届满之日的24时起，保险合同责任终止。”

综上所述，对于等待期和续保条件的描述，文件1中有更为详细的规定，但两份文件之间不存在明显冲突。对于保险费支付和合同效力终止情况的描述，两份文件存在一定的差异，但在处理方式上均符合一般商业保险的规范操作流程，因此
2025-06-28 09:09:42 - text_comparison.py:92 - 2|3 result=【文件1】中的保障相关时间信息与【文件2】中的描述有冲突的部分如下：

1. 等待期的描述：
   - 【文件1】中：因意外伤害以外的原因发生的疾病等待期为15天；而【文件2】中则为30天。
2. 续保保单的等待期：
   - 【文件1】中：若续保，则等待期重新计算；而【文件2】中则明确表示续保保单不计算等待期。

综上，这两份文件存在以下冲突点：
- 对于因意外伤害以外的原因发生的疾病的等待期描述不同；
- 对续保保单的等待期规定不同。
2025-06-28 09:09:42 - text_comparison.py:99 - results: [True, True, True, True, True, True]
2025-06-28 09:09:42 - text_comparison.py:106 - ===============cnt=67 || material_id='m_00043a' || rule='保障相关时间' || end_result=True===============
2025-06-28 09:09:42 - text_comparison.py:57 - ===============cnt=68 || material_id='m_00044a' || rule='附加条款' || label=None===============
2025-06-28 09:09:42 - text_comparison.py:62 - load data ../data/clean_data_qwen2.5-72b-instruct/materials/m_00044a/HEALTH_INFORM/附加条款.txt...
2025-06-28 09:09:42 - text_comparison.py:62 - load data ../data/clean_data_qwen2.5-72b-instruct/materials/m_00044a/CLAUSE/附加条款.txt...
2025-06-28 09:09:42 - text_comparison.py:62 - load data ../data/clean_data_qwen2.5-72b-instruct/materials/m_00044a/INSURE_NOTICE/附加条款.txt...
2025-06-28 09:09:42 - text_comparison.py:62 - load data ../data/clean_data_qwen2.5-72b-instruct/materials/m_00044a/ADDITIONAL_AGREEMENT/附加条款.txt...
2025-06-28 09:09:42 - text_comparison.py:62 - load data ../data/clean_data_qwen2.5-72b-instruct/materials/m_00044a/LIABILITY_EXCLUSION/附加条款.txt...
2025-06-28 09:09:42 - text_comparison.py:72 - ===============<=1 cnt=68 || material_id='m_00044a' || rule='附加条款' || end_result=True===============
2025-06-28 09:09:42 - text_comparison.py:57 - ===============cnt=69 || material_id='m_00055a' || rule='退保条款' || label=None===============
2025-06-28 09:09:42 - text_comparison.py:62 - load data ../data/clean_data_qwen2.5-72b-instruct/materials/m_00055a/INTRODUCE_IMG/退保条款.txt...
2025-06-28 09:09:42 - text_comparison.py:62 - load data ../data/clean_data_qwen2.5-72b-instruct/materials/m_00055a/HEAD_IMG/退保条款.txt...
2025-06-28 09:09:42 - text_comparison.py:62 - load data ../data/clean_data_qwen2.5-72b-instruct/materials/m_00055a/CLAUSE/退保条款.txt...
2025-06-28 09:09:42 - text_comparison.py:62 - load data ../data/clean_data_qwen2.5-72b-instruct/materials/m_00055a/INSURE_NOTICE/退保条款.txt...
2025-06-28 09:09:42 - text_comparison.py:62 - load data ../data/clean_data_qwen2.5-72b-instruct/materials/m_00055a/ADDITIONAL_AGREEMENT/退保条款.txt...
2025-06-28 09:09:42 - text_comparison.py:62 - load data ../data/clean_data_qwen2.5-72b-instruct/materials/m_00055a/LIABILITY_EXCLUSION/退保条款.txt...
2025-06-28 09:10:34 - text_comparison.py:92 - 0|1 result=存在冲突的地方有：

  * 文件1和文件2中关于退保手续费的表述不同，在文件1中退保手续费为"退保手续费率"，而在文件2中则为固定值"35%"。
  * 文件1和文件2中关于退保后未满期净保险费的计算方法不同，在文件1中对于一次性交付保险费和分期交付保险费的计算公式不同，而在文件2中统一采用"未满期净保险费=保险费×[1-(保险单已经过天数/保险期间天数)]×（1-35%）"的计算公式。

因此，根据以上对比结果，我们可以认为这两份文件存在冲突。
2025-06-28 09:11:00 - text_comparison.py:92 - 0|2 result=存在冲突

对于"退保手续费率"这一描述，两份文件的计算方法不同，第一份文件采用的是"(1-退保手续费率)"的计算方式，而第二份文件采用的是"(1-35%) "的计算方式。因此，这两份文件关于退保手续费的描述存在冲突。
2025-06-28 09:11:47 - text_comparison.py:92 - 1|2 result=对于文件1和文件2中关于退保的描述进行了比较，发现两者对于退保申请时间的规定、退保手续费的计算方法以及发生保险金给付情况下的退保金额处理都是一致的，因此可以认为这两份文件在该方面的描述没有冲突。

对于文件1和文件2中关于犹豫期的描述，发现两者的时间规定不同，文件1规定犹豫期为2日（含第2日），而文件2则没有明确规定犹豫期的持续时间，因此可以认为在这方面的描述存在冲突。

综合来看，这两份文件的描述存在冲突的地方是关于犹豫期的持续时间规定。
2025-06-28 09:11:47 - text_comparison.py:99 - results: [True, True, True]
2025-06-28 09:11:47 - text_comparison.py:106 - ===============cnt=69 || material_id='m_00055a' || rule='退保条款' || end_result=True===============
2025-06-28 09:11:47 - text_comparison.py:57 - ===============cnt=70 || material_id='m_00057a' || rule='续保条款' || label=None===============
2025-06-28 09:11:47 - text_comparison.py:62 - load data ../data/clean_data_qwen2.5-72b-instruct/materials/m_00057a/HEAD_IMG/续保条款.txt...
2025-06-28 09:11:47 - text_comparison.py:62 - load data ../data/clean_data_qwen2.5-72b-instruct/materials/m_00057a/CLAUSE/续保条款.txt...
2025-06-28 09:11:47 - text_comparison.py:62 - load data ../data/clean_data_qwen2.5-72b-instruct/materials/m_00057a/INSURE_NOTICE/续保条款.txt...
2025-06-28 09:11:47 - text_comparison.py:62 - load data ../data/clean_data_qwen2.5-72b-instruct/materials/m_00057a/LIABILITY_EXCLUSION/续保条款.txt...
2025-06-28 09:11:47 - text_comparison.py:72 - ===============<=1 cnt=70 || material_id='m_00057a' || rule='续保条款' || end_result=True===============
2025-06-28 09:11:47 - text_comparison.py:57 - ===============cnt=71 || material_id='m_00058a' || rule='续保条款' || label=None===============
2025-06-28 09:11:47 - text_comparison.py:62 - load data ../data/clean_data_qwen2.5-72b-instruct/materials/m_00058a/HEALTH_INFORM/续保条款.txt...
2025-06-28 09:11:47 - text_comparison.py:62 - load data ../data/clean_data_qwen2.5-72b-instruct/materials/m_00058a/INTRODUCE_IMG/续保条款.txt...
2025-06-28 09:11:47 - text_comparison.py:62 - load data ../data/clean_data_qwen2.5-72b-instruct/materials/m_00058a/HEAD_IMG/续保条款.txt...
2025-06-28 09:11:47 - text_comparison.py:62 - load data ../data/clean_data_qwen2.5-72b-instruct/materials/m_00058a/CLAUSE/续保条款.txt...
2025-06-28 09:11:47 - text_comparison.py:62 - load data ../data/clean_data_qwen2.5-72b-instruct/materials/m_00058a/INSURE_NOTICE/续保条款.txt...
2025-06-28 09:11:47 - text_comparison.py:62 - load data ../data/clean_data_qwen2.5-72b-instruct/materials/m_00058a/ADDITIONAL_AGREEMENT/续保条款.txt...
2025-06-28 09:11:47 - text_comparison.py:62 - load data ../data/clean_data_qwen2.5-72b-instruct/materials/m_00058a/LIABILITY_EXCLUSION/续保条款.txt...
2025-06-28 09:12:01 - text_comparison.py:92 - 0|1 result=**事 项** | 判断结果及理由
|---|---|
| 续保条件 | 无冲突 |
| 保证续保 | 无冲突 |
2025-06-28 09:13:09 - text_comparison.py:92 - 0|2 result=根据题目要求，我们来分析一下这两份文件。

1. 对于“续保条件”的描述，在第一份文件中没有相关表述，而在第二份文件中有相关表述，因此对于“续保条件”存在明显冲突；
2. 对于“保证续保”的描述，在第一份文件中没有相关表述，而在第二份文件中有相关表述，因此对于“保证续保”存在明显冲突。

综上所述，对于这两份文件的“续保条款”进行了比较后发现，这两份文件存在冲突。

简化理由：根据题目要求，只比较相同条件下两份文件的描述是否冲突。由于第一份文件中未明确说明“续保条件”和“保证续保”，而在第二份文件中有相关表述，因此对于“续保条件”和“保证续保”存在冲突。

输出如下：

```
续保条件  有冲突
保证续保    有冲突
```
2025-06-28 09:13:46 - text_comparison.py:92 - 0|3 result=根据上述两份文件的描述，可以得出以下结论：

  * 对于“续保条件”，由于文件1没有相关描述，而文件2明确说明了该保险产品不保证续保，因此存在冲突。
  * 对于“保证续保”，由于文件1没有相关描述，而文件2明确说明了该保险产品不保证续保，因此存在冲突。

综上所述，这两份文件在“续保条件”和“保证续保”方面存在冲突。
2025-06-28 09:14:00 - text_comparison.py:92 - 1|2 result=无冲突。两份文件关于续保条款的描述一致。
2025-06-28 09:15:02 - text_comparison.py:92 - 1|3 result=对于文件1和文件2中的"续保条款"进行了比较，可以得出以下结论：

1. 文件1和文件2都在保险期间内约定了不保证续保的条件。
2. 文件1和文件2都没有明确说明在保险期间届满后如何处理保险责任的延续问题，因此无需比较。
3. 文件1和文件2都约定了在保险期间届满后，需要重新申请投保并获得新的保险合同，因此存在冲突。
4. 文件1和文件2都约定了在保险期间届满后，保险公司有权停售该保险产品，因此存在冲突。
5. 文件1和文件2都没有明确说明在保险期间届满后，保险公司是否提供其他保险产品的合理建议，因此无需比较。

综合以上情况，我们可以得出结论：文件1和文件2的"续保条款"存在冲突。
2025-06-28 09:15:57 - text_comparison.py:92 - 2|3 result=根据上述两份文件，“续保条款”的描述不存在明显相互冲突的情况。

对于【文件1】，描述了保险期间为一年，不保证续保，如果需要续保需要重新申请投保并经过保险公司同意，同时给出了在保险期间届满后保险公司提供其他保险产品的合理建议。

对于【文件2】，同样描述了该保险产品不保证续保，如果需要续保需要重新申请投保并经过保险公司同意。此外，还特别说明了保险公司有权随时停售该产品且如果产品停售后将不再接受投保申请，但是会向客户提供建议购买其他保险产品。

因此，通过对比可以得出结论，这两份文件关于“续保条款”的描述没有冲突。
2025-06-28 09:15:57 - text_comparison.py:99 - results: [True, True, True, True, True, True]
2025-06-28 09:15:57 - text_comparison.py:106 - ===============cnt=71 || material_id='m_00058a' || rule='续保条款' || end_result=True===============
2025-06-28 09:15:57 - text_comparison.py:57 - ===============cnt=72 || material_id='m_00059a' || rule='责任免除' || label=None===============
2025-06-28 09:15:57 - text_comparison.py:62 - load data ../data/clean_data_qwen2.5-72b-instruct/materials/m_00059a/CLAUSE/责任免除.txt...
2025-06-28 09:15:57 - text_comparison.py:62 - load data ../data/clean_data_qwen2.5-72b-instruct/materials/m_00059a/INSURE_NOTICE/责任免除.txt...
2025-06-28 09:15:57 - text_comparison.py:62 - load data ../data/clean_data_qwen2.5-72b-instruct/materials/m_00059a/ADDITIONAL_AGREEMENT/责任免除.txt...
2025-06-28 09:15:57 - text_comparison.py:62 - load data ../data/clean_data_qwen2.5-72b-instruct/materials/m_00059a/LIABILITY_EXCLUSION/责任免除.txt...
2025-06-28 09:16:39 - text_comparison.py:92 - 0|1 result=责任免除部分存在明显的冲突

| thing | 判断的简易理由 | result |
|---|---|---|
| 河北省承德市兴隆县中医院、北京市平谷区、密云县和怀柔区的所有医疗机构、四川省通许县的所有医疗机构、四川省宜宾市的所有医疗机构、四川省雅安市雨城区人民医院、四川省雅安市第二人民医院与山东省栖霞市的所有医疗机构发生的医疗保险责任 | 文件1中未包含这些医疗机构，因此该部分描述与文件1相冲突 | 有冲突 |
2025-06-28 09:17:07 - text_comparison.py:92 - 0|2 result=有冲突

对于第(五)条描述，两个文件中都有类似的内容，但是略有不同。例如，“被保险人及第三者的停产、停业等造成的一切间接损失”，在第一个文件中是包含在“其他险种保险责任范围”的描述中，而在第二个文件中则是单独列出的。因此，这两个描述之间可能存在冲突。
2025-06-28 09:18:42 - text_comparison.py:92 - 1|2 result=经过对比分析，可以得出如下结论：

- 对于文件1中列出的机构名称列表，文件2中并未涉及，因此这些机构所在地的相关医疗行为均不在保险责任范围内，故存在冲突。
- 文件1中列出了多种自然灾害和意外事件的赔偿范围，而文件2中则列出了多种特定情况下的赔偿范围。虽然两者可能存在一定的重合，但在具体情况下仍需对照相关条款判断是否属于保险责任范围，因此不存在冲突。
- 文件1中列出了多项赔偿责任免除情况，而文件2中也列出了类似的条款，但部分情况下两者的要求不同。例如，文件1中第八条第六项规定了锅炉爆炸的赔偿责任免除，而文件2中第九条第四项则规定了因核反应、核子辐射和放射性污染导致的损失不属于保险责任范围。因此，对于这些不同的情况需要逐一对比判断是否存在冲突。
- 文件1中列出了多项不属于保险责任范围的事项，而文件2中也列出了类似的条款，但由于这两份文件的目的和范围不同，因此这些内容不具有可比性。

综合以上情况，可以得出结论：对于某些事项存在明显冲突，对于某些事项则不存在冲突。
2025-06-28 09:18:42 - text_comparison.py:99 - results: [True, True, True]
2025-06-28 09:18:42 - text_comparison.py:106 - ===============cnt=72 || material_id='m_00059a' || rule='责任免除' || end_result=True===============
2025-06-28 09:18:42 - text_comparison.py:57 - ===============cnt=73 || material_id='m_00060a' || rule='基础产品销售信息' || label=None===============
2025-06-28 09:18:42 - text_comparison.py:62 - load data ../data/clean_data_qwen2.5-72b-instruct/materials/m_00060a/HEALTH_INFORM/基础产品销售信息.txt...
2025-06-28 09:18:42 - text_comparison.py:62 - load data ../data/clean_data_qwen2.5-72b-instruct/materials/m_00060a/INTRODUCE_IMG/基础产品销售信息.txt...
2025-06-28 09:18:42 - text_comparison.py:62 - load data ../data/clean_data_qwen2.5-72b-instruct/materials/m_00060a/HEAD_IMG/基础产品销售信息.txt...
2025-06-28 09:18:42 - text_comparison.py:62 - load data ../data/clean_data_qwen2.5-72b-instruct/materials/m_00060a/CLAUSE/基础产品销售信息.txt...
2025-06-28 09:18:42 - text_comparison.py:62 - load data ../data/clean_data_qwen2.5-72b-instruct/materials/m_00060a/INSURE_NOTICE/基础产品销售信息.txt...
2025-06-28 09:18:42 - text_comparison.py:62 - load data ../data/clean_data_qwen2.5-72b-instruct/materials/m_00060a/ADDITIONAL_AGREEMENT/基础产品销售信息.txt...
2025-06-28 09:18:42 - text_comparison.py:62 - load data ../data/clean_data_qwen2.5-72b-instruct/materials/m_00060a/LIABILITY_EXCLUSION/基础产品销售信息.txt...
2025-06-28 09:21:47 - text_comparison.py:92 - 0|1 result=产品名：人保健康青春无忧互联网住院医疗保险

附加的条款信息：
- 保障范围：包含意外伤害、疾病导致的住院医疗费用、手术费用、特殊门诊费用、住院前后门急诊费用、质子重离子治疗费用、特定疾病费用等。
- 保险期间：1年
- 赔付比例：根据不同保障计划和医院范围，赔付比例有所不同，最高可达100%
- 投保年龄：出生满28天至17周岁
- 医院范围：根据保障计划的不同，分为普通部、特需医疗部、国际部和VIP部
- 销售限制：无

结论：该产品是针对未成年人的一款住院医疗保险，保障范围较广，包含意外伤害、疾病等多个方面，保险期间为1年，赔付比例最高达100%，投保年龄限制为出生满28天至17周岁，医院范围分为普通部、特需医疗部、国际部和VIP部，没有明显的冲突情况。
另外一款产品：
产品名：人保健康青春无忧互联网医疗保险（费率可调）

附加的条款信息：
- 保障范围：包含恶性肿瘤、急性心肌梗塞、脑中风后遗症、重大器官移植术或造血干细胞移植术、冠状动脉搭桥术等100多种重大疾病，以及住院医疗费用、特殊门诊费用、住院前后门急诊费用、质子重离子治疗费用等。
- 保险期间：1年
- 赔付比例：根据不同保障计划和医院范围，赔付比例有所不同，最高可达100%
- 投保年龄：出生满28天至60周岁（不含）
- 医院范围：根据保障计划的不同，分为普通部、特需医疗部、国际部和VIP部
- 费率可调：保险公司可根据自身经营状况和市场情况调整保险费率，但不影响已经购买保险的客户的权益。

结论：该产品是针对成年人的一款综合医疗保险，保障范围涵盖多项重大疾病及住院医疗费用等，保险期间为1年，投保年龄限制为出生满28天至60周岁（不含），医院范围分为普通部、特需医疗部、国际部和VIP部，同时采用费率可调机制，可以根据市场情况调整保险费率。
2025-06-28 09:23:36 - text_comparison.py:92 - 0|2 result=健康无忧互联网医疗保险是一款针对医疗保障需求的产品，其基础产品销售信息主要包括产品名称、附加条款信息、销售限制等方面。以下是对比分析：

  * 产品名称方面，两个文件中均提到了“健康无忧互联网医疗保险”，但是并未明确指出是同一个产品。
  * 附加条款信息方面，两个文件中均有提及，但是描述存在一些差异。文件1中描述了保障范围、年度给付限额、投保年龄、医院范围、赔付比例、等待期、续保、健康告知、退保等方面的信息，而文件2中则描述了产品类型、适用条款、销售限制等方面的信息。
  * 销售限制方面，两个文件中均提出了销售限制，但是细节上存在一些差异。文件1中的销售限制主要涉及投保区域、外籍人士及港澳台人士的投保问题，以及线下服务的受影响程度。文件2中的销售限制更为具体，除了投保区域和销售对象的限制外，还规定了投保人在本保险上一保险合同的保险期间届满前为该被保险人重新投保的条件。

综上所述，虽然两个文件中都有涉及“健康无忧互联网医疗保险”的信息，但是在具体描述和销售限制上存在一些差异。因此，在作出判断时需要结合具体的产品信息和销售限制来综合考虑，避免出现明显的冲突。
2025-06-28 09:25:18 - text_comparison.py:92 - 0|3 result=【文件1】：

  * 保险种类： 人保健康青春无忧互联网医疗保险（费率可调）和人保健康青春无忧互联网住院医疗保险
  * 对比文件2中没有出现的产品名，故无法对比。
  * 文件1中没有明确说明关于附加的条款信息和销售限制，故无法对比。
  * 文件1中未明确说明对于赔偿金额的描述，故无法判断是否有冲突。
  * 文件1中没有明确说明保险病种的描述，故无法判断是否有冲突。

【文件2】

  * 保险种类：《人保健康青春无忧互联网医疗保险（费率可调）》
  * 与文件1中出现的产品名一致，故可以对比。
  * 文件2中描述了该保险的免赔额、认可的医院、续保、等待期、保证续保权利、犹豫期、补偿原则和赔付标准以及费率调整的信息，文件1中没有这些信息，故可以判断存在明显的冲突。
  * 文件2中没有明确说明对于赔偿金额和保险病种的描述，故无法判断是否有冲突。

结论：文件1 和文件2 存在冲突的部分是关于《人保健康青春无忧互联网医疗保险（费率可调）》的描述，文件2对该保险进行了更加详细的解释和限制，而文件1中没有这些内容，因此可以判断存在明显的冲突。
2025-06-28 09:25:21 - text_comparison.py:106 - ===============cnt=73 || material_id='m_00060a' || rule='基础产品销售信息' || end_result=False===============
2025-06-28 09:25:21 - text_comparison.py:57 - ===============cnt=74 || material_id='m_00061a' || rule='投保条款' || label=None===============
2025-06-28 09:25:21 - text_comparison.py:62 - load data ../data/clean_data_qwen2.5-72b-instruct/materials/m_00061a/HEALTH_INFORM/投保条款.txt...
2025-06-28 09:25:21 - text_comparison.py:62 - load data ../data/clean_data_qwen2.5-72b-instruct/materials/m_00061a/INTRODUCE_IMG/投保条款.txt...
2025-06-28 09:25:21 - text_comparison.py:62 - load data ../data/clean_data_qwen2.5-72b-instruct/materials/m_00061a/PRODUCT_MANUAL/投保条款.txt...
2025-06-28 09:25:21 - text_comparison.py:62 - load data ../data/clean_data_qwen2.5-72b-instruct/materials/m_00061a/HEAD_IMG/投保条款.txt...
2025-06-28 09:25:21 - text_comparison.py:62 - load data ../data/clean_data_qwen2.5-72b-instruct/materials/m_00061a/CLAUSE/投保条款.txt...
2025-06-28 09:25:21 - text_comparison.py:62 - load data ../data/clean_data_qwen2.5-72b-instruct/materials/m_00061a/INSURE_NOTICE/投保条款.txt...
2025-06-28 09:25:21 - text_comparison.py:62 - load data ../data/clean_data_qwen2.5-72b-instruct/materials/m_00061a/ADDITIONAL_AGREEMENT/投保条款.txt...
2025-06-28 09:25:21 - text_comparison.py:62 - load data ../data/clean_data_qwen2.5-72b-instruct/materials/m_00061a/LIABILITY_EXCLUSION/投保条款.txt...
2025-06-28 09:26:11 - text_comparison.py:92 - 0|1 result=根据给出的文件内容，《文件1》中只提到了月交保费为1449元，但并未明确保险期间、投保范围以及交费方式等信息；而《文件2》则提到了多个方面的具体内容，包括投保范围、保险期间、交费方式和交费期间等多个方面。

因此，对于给出的两份文件而言，在相同条件下进行对比，可以得出以下结论：

- 投保范围：无冲突
- 保险期间：无冲突
- 交费方式：无冲突
- 交费期间：无冲突

综上所述，对于给出的两份文件而言，在相同条件下并没有明显的相互冲突情况。
2025-06-28 09:27:18 - text_comparison.py:92 - 0|2 result=对于第一部分内容的判断结果是存在冲突。因为虽然两份文件都在投保条件中提到了投保人和被保险人需要满足一定的条件，但是在具体的规定上还是存在差异。例如，第一条中，第一份文件规定了投保人年龄应该在18岁以上，而第二份文件则没有提及具体的年龄限制；第二条中，第一份文件规定被保险人只要符合公司的审核就可以成为被保险人，而第二份文件则规定被保险人需要经过审核并且年龄符合要求才会成为被保险人。因此，这两份文件存在明显的冲突。
对于第二部分内容的判断结果是无冲突。因为两份文件都没有在保险期间、保险合同的生效和终止、犹豫期、保险费的交付、宽限期等方面做出明确的说明，所以不需要进行比较。
2025-06-28 09:27:33 - text_comparison.py:92 - 0|3 result=【文件1】中没有关于投保人与被保险人关系的描述，因此与【文件2】第4条不存在冲突。其他内容没有冲突。有冲突\无冲突。
2025-06-28 09:29:08 - text_comparison.py:92 - 1|2 result=有冲突\n\n1. 对于投保条件，两份文件都有相关描述。但是，对于投保人需要满足的条件，两份文件存在矛盾。例如，文件1中投保人年龄限制是18岁以上，而文件2中则没有明确说明年龄限制。对于被保险人需要满足的条件，两份文件也存在部分不一致的地方。例如，文件1中规定了被保险人年龄范围和健康要求，而文件2中没有类似的描述。因此，这两份文件关于投保条件的描述存在冲突。
2. 对于保险期间，两份文件也有不同的描述。例如，文件1中列出了几种不同的保险期间选项，包括至被保险人70周岁或80周岁，而文件2中只描述了保险期间由投保人和公司约定并在保险单中载明。此外，文件1中还列出了交费期间的选项，如10年、20年、30年，而文件2中没有类似的描述。因此，这两份文件关于保险期间和交费期的描述存在冲突。
3. 对于犹豫期、保险费的交付、宽限期、合同效力的中止和恢复、年龄计算及错误处理等方面，两份文件的描述大体一致，不存在明显冲突。
2025-06-28 09:30:51 - text_comparison.py:92 - 1|3 result=1. 对比文件1和文件2中关于投保范围、交费期间、保险期间、最高基本保险金额的描述，发现存在冲突，具体如下：

投保年龄和交费期间的描述有差异：
- 文件1 中的 最大投保年龄 为 50 周岁，而 文件2 中则规定为 40 周岁；
- 文件1 中的 交费期间 包括 10 年、20 年、30 年三种方式，而 文件2 中则未列出 10 年交的方式。

保险期间和最高基本保险金额的描述有差异：
- 文件1 中的 主险保险期间 终身至 70 周岁，而 文件2 中的主险保险期间则为保至终身；
- 文件1 中并未明确列明附加险的保险期间，但在 文件2 中则规定为 附加险（附加险合同）：恒安标准附加瑞享福两全保险（互联网）保险期间为保至 80 周岁；
- 文件1 中的 最高基本保险金额 和 文件2 中的规定有所不同，在 文件2 中还增加了关于附加险的基本保险金额的描述，且规定了在月交和年交方式下的交费情况。

因此，文件1 和文件2 的投保条款中有明显的冲突。

2. 无冲突。
2025-06-28 09:31:54 - text_comparison.py:92 - 2|3 result=经过对比分析，这两份文件的投保条款中存在部分描述存在冲突情况，具体如下：
第一份文件中的第 3 条与第二份文件中的第 4 条关于保险期间的规定存在冲突。第 3 条规定保险期间可以选择为终身或者至被保险人年满 70 周岁后的首个合同生效日年度对应日两种，而第 4 条则规定保险期间为保至终身。由于这两种保险期间是互斥的，因此它们之间存在冲突。
第二份文件中的第 5 条关于投保年龄和交费期间的限制与第一份文件中并没有明确规定，因此不存在冲突。
对于文件中的其他内容，由于两份文件都是关于投保条款的描述，因此应该遵循各自的规定，不存在冲突。
2025-06-28 09:31:54 - text_comparison.py:99 - results: [True, True, True, True, True, True]
2025-06-28 09:31:54 - text_comparison.py:106 - ===============cnt=74 || material_id='m_00061a' || rule='投保条款' || end_result=True===============
2025-06-28 09:31:54 - text_comparison.py:57 - ===============cnt=75 || material_id='m_00062a' || rule='赔付 & 领取规则' || label=None===============
2025-06-28 09:31:54 - text_comparison.py:62 - load data ../data/clean_data_qwen2.5-72b-instruct/materials/m_00062a/INTRODUCE_IMG/赔付 & 领取规则.txt...
2025-06-28 09:31:54 - text_comparison.py:62 - load data ../data/clean_data_qwen2.5-72b-instruct/materials/m_00062a/HEAD_IMG/赔付 & 领取规则.txt...
2025-06-28 09:31:54 - text_comparison.py:62 - load data ../data/clean_data_qwen2.5-72b-instruct/materials/m_00062a/CLAUSE/赔付 & 领取规则.txt...
2025-06-28 09:31:54 - text_comparison.py:62 - load data ../data/clean_data_qwen2.5-72b-instruct/materials/m_00062a/INSURE_NOTICE/赔付 & 领取规则.txt...
2025-06-28 09:31:54 - text_comparison.py:62 - load data ../data/clean_data_qwen2.5-72b-instruct/materials/m_00062a/ADDITIONAL_AGREEMENT/赔付 & 领取规则.txt...
2025-06-28 09:31:54 - text_comparison.py:62 - load data ../data/clean_data_qwen2.5-72b-instruct/materials/m_00062a/LIABILITY_EXCLUSION/赔付 & 领取规则.txt...
2025-06-28 09:32:37 - text_comparison.py:92 - 0|1 result=1. 在文件1中，关于意外医疗的描述有明显的冲突。该文件描述了两种情况下的意外医疗保障，一种是免赔额100元，赔付比例100%，每次门急诊费用上限300元；另一种是没有免赔额，但是有15天的免赔期，且单次给付上限30天，累计最高给付90天。因此，在文件1中存在明显的意外医疗保障的描述冲突。
2. 文件2中没有出现与文件1类似的描述冲突。
2025-06-28 09:33:18 - text_comparison.py:92 - 0|2 result=有冲突

根据两份文件的描述，“意外医疗保额全面提升”的表述在文件1中有，但在文件2中并未提及，因此存在明显冲突。

此外，“意外住院津贴”的表述在两份文件中都有涉及，但对于免赔天数、单次给付上限和最高给付天数的描述在文件1与文件2中有所不同，也存在冲突。

最后，“伤残保险金给付规则”的表述在文件2中有，但在文件1中并未提及，因此存在明显冲突。
2025-06-28 09:34:02 - text_comparison.py:92 - 0|3 result=<thing>保险责任的描述存在冲突</thing>
<result>有冲突</result>

根据题目要求，我们需要对比两份文件中相同的保险责任描述是否冲突。在这两份文件中，“意外医疗保额”的描述存在冲突。在文件1中，不同计划档次的意外医疗保额分别为0.5万、5万和10万，在文件2中则分别为扣除免赔额100元后按比例赔付，未明确说明各档次的保额。因此，我们可以得出结论，这两份文件的“意外医疗保额”描述存在冲突。
2025-06-28 09:34:49 - text_comparison.py:92 - 0|4 result=在第一份文件中，意外医疗保额全面提升，最高10万元（意外医疗社保内未报销费用100元免赔），意外住院津贴最高50元/天，最多90天，猝死也可保，最高可赔付25万。

在第二份文件中，意外伤害保险责任中，对于猝死、被保险人从事违法犯罪活动或者拒捕，因挑衅或者故意行为导致争执、打斗而引发意外或者因此被攻击、被伤害或者被杀害等部分存在排除责任。

因此，这两份文件存在明显冲突的地方。
2025-06-28 09:35:29 - text_comparison.py:92 - 1|2 result=文件1中关于赔付规则的描述较为详细，对于意外伤害保险、意外医疗费用保险、意外住院津贴保险、意外身故保险和意外伤残保险都有具体的描述，包括了保险责任、保险金给付条件、保险金申请所需的材料、免赔额和给付比例等信息。文件2则只有意外医疗费用保险和意外住院津贴保险的赔付规则，没有描述其他保险责任。因此，我们可以认为这两份文件存在明显的相互冲突之处。
2025-06-28 09:36:39 - text_comparison.py:92 - 1|3 result=文件1：
对于文件1和文件2中都提到的“意外伤害保险”的描述，两者之间不存在明显的相互冲突的情况。
文件1中提到了两种附加险（附加险A和附加险B），而文件2中则没有提到这一点，因此这两份文件之间存在一些差异。
此外，文件1中的附加险A还包括了意外住院津贴保险责任和伤残保险金给付规则，而文件2中没有涉及这些内容，因此它们之间也存在一些差异。
最后，需要注意的是，虽然文件1和文件2都在一定程度上描述了意外伤害保险的给付方式，但是由于每个保险公司都有自己的规定和操作方式，因此具体到某个具体的案例，还需要根据实际情况来判断应当如何处理。
2025-06-28 09:36:41 - text_comparison.py:106 - ===============cnt=75 || material_id='m_00062a' || rule='赔付 & 领取规则' || end_result=False===============
2025-06-28 09:36:41 - text_comparison.py:57 - ===============cnt=76 || material_id='m_00056a' || rule='续保条款' || label=None===============
2025-06-28 09:36:41 - text_comparison.py:62 - load data ../data/clean_data_qwen2.5-72b-instruct/materials/m_00056a/CLAUSE/续保条款.txt...
2025-06-28 09:36:41 - text_comparison.py:62 - load data ../data/clean_data_qwen2.5-72b-instruct/materials/m_00056a/INSURE_NOTICE/续保条款.txt...
2025-06-28 09:36:41 - text_comparison.py:62 - load data ../data/clean_data_qwen2.5-72b-instruct/materials/m_00056a/ADDITIONAL_AGREEMENT/续保条款.txt...
2025-06-28 09:36:41 - text_comparison.py:62 - load data ../data/clean_data_qwen2.5-72b-instruct/materials/m_00056a/LIABILITY_EXCLUSION/续保条款.txt...
2025-06-28 09:36:51 - text_comparison.py:92 - 0|1 result=无冲突。因为两份文件中都没有明确提到关于续保条款的描述，所以不存在冲突。
2025-06-28 09:36:51 - text_comparison.py:99 - results: [True]
2025-06-28 09:36:51 - text_comparison.py:106 - ===============cnt=76 || material_id='m_00056a' || rule='续保条款' || end_result=True===============
2025-06-28 09:36:51 - text_comparison.py:57 - ===============cnt=77 || material_id='m_00063a' || rule='保障责任' || label=None===============
2025-06-28 09:36:51 - text_comparison.py:62 - load data ../data/clean_data_qwen2.5-72b-instruct/materials/m_00063a/HEALTH_INFORM/保障责任.txt...
2025-06-28 09:36:51 - text_comparison.py:62 - load data ../data/clean_data_qwen2.5-72b-instruct/materials/m_00063a/INTRODUCE_IMG/保障责任.txt...
2025-06-28 09:36:51 - text_comparison.py:62 - load data ../data/clean_data_qwen2.5-72b-instruct/materials/m_00063a/HEAD_IMG/保障责任.txt...
2025-06-28 09:36:51 - text_comparison.py:62 - load data ../data/clean_data_qwen2.5-72b-instruct/materials/m_00063a/CLAUSE/保障责任.txt...
2025-06-28 09:36:51 - text_comparison.py:62 - load data ../data/clean_data_qwen2.5-72b-instruct/materials/m_00063a/INSURE_NOTICE/保障责任.txt...
2025-06-28 09:36:51 - text_comparison.py:62 - load data ../data/clean_data_qwen2.5-72b-instruct/materials/m_00063a/ADDITIONAL_AGREEMENT/保障责任.txt...
2025-06-28 09:36:51 - text_comparison.py:62 - load data ../data/clean_data_qwen2.5-72b-instruct/materials/m_00063a/LIABILITY_EXCLUSION/保障责任.txt...
2025-06-28 09:36:54 - text_comparison.py:92 - 0|1 result=无冲突
2025-06-28 09:39:14 - text_comparison.py:92 - 0|2 result=有冲突

根据上述文件内容对比分析，可以发现两份文件存在如下冲突点：

1. 文件1中关于"本保险合同适用补偿原则。被保险人通过任何途径所获得的医疗费用补偿金额总和以其实际支出的金额为限。被保险人已经从其他途径（包括社会基本医疗保险、公费医疗、工作单位、保险人在内的任何商业保险机构等）获得相关医疗费用补偿的，保险人仅对被保险人实际发生的医疗费用扣除已获得补偿以及本保险合同约定的免赔额后的余额，按照本保险合同约定的给付比例、分项限额给付保险金。"的描述与文件2中"赔付比例：本产品门诊/急诊医疗费用、住院医疗费用、特殊门诊医疗费用赔偿比例如下：如被保险人以有社会基本医疗保险身份就诊并结算，赔偿比例为100%；如被保险人未以社会基本医疗保险身份就诊并结算的，保险公司按照应赔偿金额的60%进行赔偿。"的描述存在冲突。

2. 文件1中关于"第六条  本保险合同适用补偿原则。被保险人通过任何途径所获得的医疗费用补偿金额总和以其实际支出的金额为限。被保险人已经从其他途径（包括社会基本医疗保险、公费医疗、工作单位、保险人在内的任何商业保险机构等）获得相关医疗费用补偿的，保险人仅对被保险人实际发生的医疗费用扣除已获得补偿以及本保险合同约定的免赔额后的余额，按照本保险合同约定的给付比例、分项限额给付保险金。"的描述与文件2中"4. 本保单涉及的肺部“恶性肿瘤-重度”发生的住院医疗费用、住院前7后30天门急诊医疗费用及特殊门诊医疗费用共享保额10万元。"的描述存在冲突。
2025-06-28 09:42:01 - text_comparison.py:92 - 1|2 result=对于文件1和文件2的保障责任进行比较：

1. 文件1和文件2均在中国作为保障区域，因此不存在冲突。
2. 文件1和文件2的保障期限均为1年，因此不存在冲突。
3. 文件1和文件2的保险生效期限不同，文件1规定保险生效期限为T(投保当日)+1，而文件2则没有明确规定保险生效期限，因此存在冲突。
4. 文件1和文件2的等待期规定不同，文件1规定等待期为首次投保或非续保的，自保险合同生效之日起30日内为等待期；文件2则规定等待期为保单生效后的0天，因此存在冲突。
5. 文件1和文件2的免赔额规定不同，文件1规定免赔额为0元/年，文件2则规定本保单0免赔，因此存在冲突。
6. 文件1和文件2的赔偿比例说明不同，文件1规定如被保险人以有社会基本医疗保险身份就诊并结算，赔偿比例为100%，如被保险人未以社会基本医疗保险身份就诊并结算的，保险公司按照应赔偿金额的60%进行赔偿；文件2则规定如被保险人以有社会基本医疗保险身份就诊并结算，赔偿比例为100%，如被保险人未以社会基本医疗保险身份就诊并结算的，保险公司按照应赔偿金额的60%进行赔偿，但加入了对于本保单的解释，即本保单仅承担首次确诊罹患肺部“恶性肿瘤-重度”发生的住院医疗费用、住院前7后30天门急诊医疗费用及特殊门诊医疗费用，因此存在冲突。
7. 文件1规定续保说明，但文件2没有规定，因此存在差异。
8. 文件1规定健康管理服务等待期同保单等待期一致，但文件2没有规定健康管理服务内容，因此存在差异。

根据上述比较，可以得出如下结论：

- 对于保险生效期限、免赔额、赔偿比例说明、续保说明以及健康管理服务方面存在明显冲突。
- 文件1和文件2在保障区域、保障期限方面不存在冲突。
- 文件1和文件2在保险生效期限、免赔额、赔偿比例说明、续保说明以及健康管理服务方面存在明显的不一致。
2025-06-28 09:42:01 - text_comparison.py:99 - results: [True, True, True]
2025-06-28 09:42:01 - text_comparison.py:106 - ===============cnt=77 || material_id='m_00063a' || rule='保障责任' || end_result=True===============
2025-06-28 09:42:01 - text_comparison.py:57 - ===============cnt=78 || material_id='m_00064a' || rule='保障责任' || label=None===============
2025-06-28 09:42:01 - text_comparison.py:62 - load data ../data/clean_data_qwen2.5-72b-instruct/materials/m_00064a/PRODUCT_MANUAL/保障责任.txt...
2025-06-28 09:42:01 - text_comparison.py:62 - load data ../data/clean_data_qwen2.5-72b-instruct/materials/m_00064a/CLAUSE/保障责任.txt...
2025-06-28 09:42:01 - text_comparison.py:62 - load data ../data/clean_data_qwen2.5-72b-instruct/materials/m_00064a/INSURE_NOTICE/保障责任.txt...
2025-06-28 09:42:01 - text_comparison.py:62 - load data ../data/clean_data_qwen2.5-72b-instruct/materials/m_00064a/ADDITIONAL_AGREEMENT/保障责任.txt...
2025-06-28 09:42:55 - text_comparison.py:92 - 0|1 result=有冲突

在两份文件中关于养老年金的描述部分存在明显冲突。虽然两份文件都在描述养老年金的领取方式和领取类型等内容，但是具体条款的表述顺序和内容略有不同。例如，第一份文件提到了“保证返还账户价值终身领取”、“固定期限10(或15、20、25)年领取”两种领取方式，而第二份文件则提到了“保证返还账户价值终身领取”、“按年(或月)分期领取”两种领取方式。此外，在身故保险金的描述方面，两份文件也存在差异。因此，建议对这两份文件进行进一步比对和修改，确保保障责任的描述一致。
2025-06-28 09:42:55 - text_comparison.py:99 - results: [True]
2025-06-28 09:42:55 - text_comparison.py:106 - ===============cnt=78 || material_id='m_00064a' || rule='保障责任' || end_result=True===============
2025-06-28 09:42:55 - text_comparison.py:57 - ===============cnt=79 || material_id='m_00047a' || rule='保障相关时间' || label=None===============
2025-06-28 09:42:55 - text_comparison.py:62 - load data ../data/clean_data_qwen2.5-72b-instruct/materials/m_00047a/HEALTH_INFORM/保障相关时间.txt...
2025-06-28 09:42:55 - text_comparison.py:62 - load data ../data/clean_data_qwen2.5-72b-instruct/materials/m_00047a/CLAUSE/保障相关时间.txt...
2025-06-28 09:42:55 - text_comparison.py:62 - load data ../data/clean_data_qwen2.5-72b-instruct/materials/m_00047a/INSURE_NOTICE/保障相关时间.txt...
2025-06-28 09:42:55 - text_comparison.py:62 - load data ../data/clean_data_qwen2.5-72b-instruct/materials/m_00047a/ADDITIONAL_AGREEMENT/保障相关时间.txt...
2025-06-28 09:42:55 - text_comparison.py:62 - load data ../data/clean_data_qwen2.5-72b-instruct/materials/m_00047a/LIABILITY_EXCLUSION/保障相关时间.txt...
2025-06-28 09:44:05 - text_comparison.py:92 - 0|1 result=对于给出的两份文件，我们可以进行如下比较：

| 文件1 描述 | 文件2 描述 | 判断 |
| --- | --- | --- |
| 犀疑期：15 天 | 犀疑期：15 天 | 无冲突 |
| 等待期：90 天 | 等待期：90 天 | 无冲突 |
| 宽限期：60 天（在交纳首期保险费后，如果您到期未交纳保险费，自保险费约定交纳日的次日零时起 60 日为宽限期。） |  | 有冲突（因为文件2中没有描述宽限期的相关内容） |

根据上述比较，可以得出结论：这两份文件存在冲突的部分是关于宽限期的描述。第一份文件描述了宽限期为60天，而第二份文件没有描述宽限期的相关内容。因此，我们可以判断这两份文件存在冲突。
2025-06-28 09:44:22 - text_comparison.py:92 - 0|2 result=存在冲突。 文件1 中规定了犹豫期的条款，但并未规定等待期的条款；而文件2 中则明确列出了等待期的条款。因此，这两份文件在这方面的描述是矛盾的。
2025-06-28 09:45:17 - text_comparison.py:92 - 1|2 result=**犹豫期:** 有冲突。虽然两份文件都提到了犹豫期，但是文件1中并没有明确说明犹豫期的起始时间，而文件2中则明确说明了犹豫期的起始时间为“自您签收本合同的次日起”，因此可以判定两者之间存在冲突。

**等待期:** 无冲突。虽然两份文件都提到了等待期，但是由于文件1中并没有明确说明等待期的起始时间，因此无法对此进行比较。而在文件2中，则明确说明了等待期的起始时间为“自本合同生效（或最后复效）之日起90日为等待期”，因此可以判定两份文件中对于等待期的描述不存在冲突。


结果：对于犹豫期，存在冲突；对于等待期，无冲突。
2025-06-28 09:45:17 - text_comparison.py:99 - results: [True, True, True]
2025-06-28 09:45:17 - text_comparison.py:106 - ===============cnt=79 || material_id='m_00047a' || rule='保障相关时间' || end_result=True===============
2025-06-28 09:45:17 - text_comparison.py:57 - ===============cnt=80 || material_id='m_00065a' || rule='基础产品销售信息' || label=None===============
2025-06-28 09:45:17 - text_comparison.py:62 - load data ../data/clean_data_qwen2.5-72b-instruct/materials/m_00065a/HEALTH_INFORM/基础产品销售信息.txt...
2025-06-28 09:45:17 - text_comparison.py:62 - load data ../data/clean_data_qwen2.5-72b-instruct/materials/m_00065a/INTRODUCE_IMG/基础产品销售信息.txt...
2025-06-28 09:45:17 - text_comparison.py:62 - load data ../data/clean_data_qwen2.5-72b-instruct/materials/m_00065a/PRODUCT_MANUAL/基础产品销售信息.txt...
2025-06-28 09:45:17 - text_comparison.py:62 - load data ../data/clean_data_qwen2.5-72b-instruct/materials/m_00065a/HEAD_IMG/基础产品销售信息.txt...
2025-06-28 09:45:17 - text_comparison.py:62 - load data ../data/clean_data_qwen2.5-72b-instruct/materials/m_00065a/CLAUSE/基础产品销售信息.txt...
2025-06-28 09:45:17 - text_comparison.py:62 - load data ../data/clean_data_qwen2.5-72b-instruct/materials/m_00065a/INSURE_NOTICE/基础产品销售信息.txt...
2025-06-28 09:45:17 - text_comparison.py:62 - load data ../data/clean_data_qwen2.5-72b-instruct/materials/m_00065a/LIABILITY_EXCLUSION/基础产品销售信息.txt...
2025-06-28 09:48:27 - text_comparison.py:92 - 0|1 result=对于这两份文件的“基础产品销售信息”进行了分析，对比了两份文件中出现的事物描述和表达。根据对比结果，我们给出如下判断：

1. 对于“投保范围”的描述，两份文件都是指定了投保年龄范围和健康条件要求，因此不存在明显矛盾。

2. 对于“保险期间”的描述，两份文件都是规定了两种不同的保险期间选择，因此不存在明显矛盾。

3. 对于“交费方式”的描述，两份文件都是指定了投保人可以选择不同的交费方式，因此不存在明显矛盾。

4. 对于“保险责任”的描述，两份文件都有类似的内容，但是也存在一些差异。具体来说，两份文件都在基本保险责任中包含了“恶性肿瘤（重度）保险金”和“恶性肿瘤（轻度）保险金及保险费豁免”的责任。但是，“恶性肿瘤扩展保险金”这一可选保险责任只有在文件1中有描述，而文件2中并没有涉及。此外，文件1还增加了一项“遗传性疾病,先天性畸形、变形或染色体异常”的责任免除条款，而文件2中并未包含。因此，这两份文件在保险责任方面存在一些差异。

5. 对于“责任免除”的描述，两份文件都是列出了若干种情况下保险公司不承担责任的事项，但是也存在一些差异。具体来说，文件1增加了“被保险人感染艾滋病病毒或患艾滋病”的责任免除条款，而文件2中并未包含。另外，文件1将“遗传性疾病,先天性畸形、变形或染色体异常”纳入了责任免除范围，而文件2中则将其列为“身体健康的个人均可作为被保险人参加本保险”的前提条件。因此，这两份文件在责任免除方面也存在一些差异。

6. 对于“等待期”的描述，两份文件都是规定了自合同生效之日起（合同复效的则自最后一次复效之日起）开始计算的90天等待期，因此不存在明显矛盾。

7. 对于“保单利益”的描述，两份文件都是指定了恶性肿瘤（重度）保险金、恶性肿瘤（轻度）保险金、恶性肿瘤扩展保险金和退保金这四项利益，但是由于文件1中有“恶性肿瘤（重度）保险金”的详细描述，而文件2中仅列出了基本保险金额和可选保险责任，“给付恶性肿瘤（重度）保险金后，本公司按本合同基本
2025-06-28 09:51:28 - text_comparison.py:92 - 0|2 result=对于两份文件的描述和表达进行比较如下：

1. 投保范围： 文件1：凡投保时出生满28天至55周岁，身体健康的个人均可作为被保险人参加本保险。 文件2：出生满28天至55周岁

2. 保险期间： 文件1：本产品保险期间分为两种：自合同生效之日起至被保险人年满70周岁的合同年生效对应日止（下称“保至70周岁”、“保至100周岁”）。
文件2：本产品投保年龄：出生满28天至55周岁

3. 交费方式： 文件1：本产品的交费方式分为年交和趸交，由投保人在投保时选择，并在保险单上载明。 文件2：本产品的交费方式分为年交和月交

4. 保险责任： 文件1：本合同有效期内，本公司承担下列保险责任：（1）基本保险责任 包括“恶性肿瘤（重度）保险金”和“恶性肿瘤（轻度）保险金及保险费豁免”两项。（2）可选保险责任 本合同可选保险责任为“恶性肿瘤扩展保险金”。 文件2：投保保额限制：出生满28天-40周岁保额最高限50万，41至50周岁保额最高限30万，51至55周岁保额最高限20万。与文件1中关于保险责任的部分描述存在冲突。

根据上述比较结果，可以得出以下判断：

1. 对于投保范围、保险期间和交费方式的描述，在两份文件中有一定的差异，这些差异可能会导致投保人对投保条件产生不同的理解，因此需要特别注意。
2. 文件1中描述了基本保险责任和可选保险责任，而文件2则规定了投保保额的限制，由于这两部分描述的内容互不影响，因此不存在明显相互冲突的情况。
3. 文件1中关于保险责任的描述较为详细，包括基本保险责任和可选保险责任，而文件2中仅列出了投保保额限制，没有涉及基本保险责任和可选保险责任的相关内容，因此存在明显的相互冲突情况。

综上所述，对于两份文件的描述和表达进行比较后发现，文件1中关于保险责任的描述更为全面和详细，而文件2中规定的投保保额限制与文件1中关于保险
2025-06-28 09:54:30 - text_comparison.py:92 - 1|2 result=以下是对两份文件的分析结果：

1. “被保险人范围”：
- 文件1中写明了被保险人需要满足的条件：出生满28天至55周岁，并且身体健康。
- 文件2中也写明了被保险人需要满足的条件：出生满28天至55周岁，没有其他特别要求。
- 因此，这两份文件在该方面的描述没有冲突。

2. “保险期间”：
- 文件1中写明了保险期间的选择：本合同保险期间分为两种，自合同生效之日起至被保险人年满70周岁的合同年生效对应日或年满100周岁的合同年生效对应日止。
- 文件2中没有写明保险期间的选择，仅写明本产品投保年龄为出生满28天至55周岁。
- 因此，在该方面存在冲突，因为文件1中规定了合同的两种保险期间，而文件2中却没有提及。

3. “保险费”的支付方式和宽限期：
- 文件1中写明了保险费的支付方式和宽限期的规定：保险费的交费方式由投保人与保险公司共同约定并在保险单中载明，可以选择年交或月交，除本合同另有约定外。投保人分期支付保险费的，在交纳首期保险费后，应当在保险费约定交纳日或之前交纳以后各期的保险费。若投保人到期未支付保险费，自保险费约定交纳日的次日零时起60日为宽限期。
- 文件2中写明了交费方式和宽限期的规定：本产品的交费方式分为年交和月交，除本合同另有约定外，由投保人在投保时选择。投保人分期支付保险费的，在交纳首期保险费后，应当在保险费约定交纳日或之前交纳以后各期的保险费。若投保人到期未支付保险费，自保险费约定交纳日的次日零时起60日为宽限期。
- 因此，在该方面不存在冲突，因为两份文件都写明了保险费的支付方式和宽限期的规定。

4. “责任免除”：
- 文件1中列出了多条责任免除的情况，如投保人对被保险人的故意杀害、被保险人故意犯罪等。
- 文件2中没有列出责任免除的情况，仅写明了投保年龄和保额限制。
- 因此，在该方面存在冲突，因为文件1中有责任免除的规定
2025-06-28 09:54:30 - text_comparison.py:99 - results: [True, True, True]
2025-06-28 09:54:30 - text_comparison.py:106 - ===============cnt=80 || material_id='m_00065a' || rule='基础产品销售信息' || end_result=True===============
2025-06-28 09:54:30 - text_comparison.py:57 - ===============cnt=81 || material_id='m_00066a' || rule='出险条款' || label=None===============
2025-06-28 09:54:30 - text_comparison.py:62 - load data ../data/clean_data_qwen2.5-72b-instruct/materials/m_00066a/CLAUSE/出险条款.txt...
2025-06-28 09:54:30 - text_comparison.py:62 - load data ../data/clean_data_qwen2.5-72b-instruct/materials/m_00066a/INSURE_NOTICE/出险条款.txt...
2025-06-28 09:54:30 - text_comparison.py:62 - load data ../data/clean_data_qwen2.5-72b-instruct/materials/m_00066a/ADDITIONAL_AGREEMENT/出险条款.txt...
2025-06-28 09:54:30 - text_comparison.py:62 - load data ../data/clean_data_qwen2.5-72b-instruct/materials/m_00066a/LIABILITY_EXCLUSION/出险条款.txt...
2025-06-28 09:55:49 - text_comparison.py:92 - 0|1 result=【文件1】与【文件2】不存在明显相互冲突的情况。

对于【文件1】中的"出险地点"、"出险方式"等信息，在【文件2】中并未明确说明，因此无需进行比较；

对于【文件1】中的"投保人、被保险人知道保险事故发生后，应当及时通知保险人"、"保险事故发生后，被保险人需要住院的，应在释义医院住院治疗"等内容，在【文件2】中虽有所涉及，但描述方式有所不同，因此也无需进行比较；

对于【文件1】中的"保险人对无法确定的部分，不承担给付保险金责任"的内容，在【文件2】中并未涉及，因此可以判断为存在冲突。

综上所述，对于该次比较，存在冲突的事项为"保险人对无法确定的部分，不承担给付保险金责任"，因此输出为"有冲突"。
2025-06-28 09:55:49 - text_comparison.py:99 - results: [True]
2025-06-28 09:55:49 - text_comparison.py:106 - ===============cnt=81 || material_id='m_00066a' || rule='出险条款' || end_result=True===============
2025-06-28 09:55:49 - text_comparison.py:57 - ===============cnt=82 || material_id='m_00067a' || rule='投保条款' || label=None===============
2025-06-28 09:55:49 - text_comparison.py:62 - load data ../data/clean_data_qwen2.5-72b-instruct/materials/m_00067a/INTRODUCE_IMG/投保条款.txt...
2025-06-28 09:55:49 - text_comparison.py:62 - load data ../data/clean_data_qwen2.5-72b-instruct/materials/m_00067a/PRODUCT_MANUAL/投保条款.txt...
2025-06-28 09:55:49 - text_comparison.py:62 - load data ../data/clean_data_qwen2.5-72b-instruct/materials/m_00067a/HEAD_IMG/投保条款.txt...
2025-06-28 09:55:49 - text_comparison.py:62 - load data ../data/clean_data_qwen2.5-72b-instruct/materials/m_00067a/CLAUSE/投保条款.txt...
2025-06-28 09:55:49 - text_comparison.py:62 - load data ../data/clean_data_qwen2.5-72b-instruct/materials/m_00067a/INSURE_NOTICE/投保条款.txt...
2025-06-28 09:55:49 - text_comparison.py:62 - load data ../data/clean_data_qwen2.5-72b-instruct/materials/m_00067a/ADDITIONAL_AGREEMENT/投保条款.txt...
2025-06-28 09:56:25 - text_comparison.py:92 - 0|1 result=thing: 投保范围 有冲突 result: 文件1 中有 "投保人：须具有完全民事行为能力且对被保险人具有保险利益。" 和 "被保险人：须出生 28 日（含）以上、85 周岁（含）以下且符合我们规定。" 的要求，而文件2 中只有被保险人的年龄限制，缺少投保人的要求。因此，在投保范围方面，这两份文件存在明显的冲突。
2025-06-28 09:56:51 - text_comparison.py:92 - 0|2 result=【有冲突】

对于“投保年龄”的描述，在文件1中要求投保人需具有完全民事行为能力且对被保险人具有保险利益，而文件2中只是指出了投保人的年龄范围为18-70周岁，没有提及对被保险人是否有限制。因此，这两份文件对该事项的描述存在冲突。
2025-06-28 09:57:43 - text_comparison.py:92 - 0|3 result=（七）保险费的交纳 与 文件2 中的描述存在冲突

1. 投保人、被保险人、指定受益人的身份限制：文件1 中未作规定，而文件2 中规定需要是中国国籍并仅为中国税收居民。

2. 费率厘定基础：文件1 中描述了保险费的分类和交纳方式，而文件2 中描述的是投保人需一次交纳保费，交纳金额不超过家庭年收入20%的规定，这属于不同的费率厘定基础。

3. 销售区域：文件1 中未作规定，而文件2 中明确规定了仅限在中国销售的地区，并列出了不包括的销售区域。
2025-06-28 09:58:49 - text_comparison.py:92 - 1|2 result=1. 投保人和被保险人的条件限制：
   - 文件1 中规定投保人需具有完全民事行为能力且对被保险人具有保险利益，被保险人需出生28日（含）以上、85周岁（含）以下且符合公司规定。
   - 文件2 中投保年龄范围是18-70周岁，没有对投保人和被保险人的条件进行限制。
   - 结论：存在明显冲突

2. 缴费约定：
   - 文件1 中规定了投保人可以申请定期追加保险费，在个人账户注销之前经保险公司同意可进行更改，同时列出了具体的交费方式和时间。
   - 文件2 中涉及了三种不同的交费方式，包括首次保险费、定期追加保险费和不定期追加保险费，并对它们进行了详细的解释和约定。
   - 结论：存在明显冲突
2025-06-28 09:59:45 - text_comparison.py:92 - 1|3 result=【结果】

- 有冲突：投保人的范围不同。文件1中投保人范围为“具有完全民事行为能力且对被保险人具有保险利益”，而文件2中投保人范围为“中国国籍的中国税收居民”，存在冲突。
- 无冲突：对于定期追加保险费的约定，虽然两份文件都有提及，但并未出现明显的冲突。
- 有冲突：赔偿金额的约定是文件1中有明确说明的，而文件2中并没有涉及，因此可以认为存在冲突。同时，文件1中也没有对赔偿金进行限额或其他条件的限定，因此不能通过对比文件2来判断其是否冲突。
2025-06-28 09:59:48 - text_comparison.py:92 - 2|3 result=无冲突。
2025-06-28 09:59:48 - text_comparison.py:99 - results: [True, True, True, True, True, True]
2025-06-28 09:59:48 - text_comparison.py:106 - ===============cnt=82 || material_id='m_00067a' || rule='投保条款' || end_result=True===============
2025-06-28 09:59:48 - text_comparison.py:57 - ===============cnt=83 || material_id='m_00068a' || rule='赔付 & 领取规则' || label=None===============
2025-06-28 09:59:48 - text_comparison.py:62 - load data ../data/clean_data_qwen2.5-72b-instruct/materials/m_00068a/INTRODUCE_IMG/赔付 & 领取规则.txt...
2025-06-28 09:59:48 - text_comparison.py:62 - load data ../data/clean_data_qwen2.5-72b-instruct/materials/m_00068a/HEAD_IMG/赔付 & 领取规则.txt...
2025-06-28 09:59:48 - text_comparison.py:62 - load data ../data/clean_data_qwen2.5-72b-instruct/materials/m_00068a/CLAUSE/赔付 & 领取规则.txt...
2025-06-28 09:59:48 - text_comparison.py:62 - load data ../data/clean_data_qwen2.5-72b-instruct/materials/m_00068a/INSURE_NOTICE/赔付 & 领取规则.txt...
2025-06-28 09:59:48 - text_comparison.py:62 - load data ../data/clean_data_qwen2.5-72b-instruct/materials/m_00068a/ADDITIONAL_AGREEMENT/赔付 & 领取规则.txt...
2025-06-28 09:59:48 - text_comparison.py:62 - load data ../data/clean_data_qwen2.5-72b-instruct/materials/m_00068a/LIABILITY_EXCLUSION/赔付 & 领取规则.txt...
2025-06-28 10:02:48 - text_comparison.py:92 - 0|1 result=《赔付比例》做出判断的简易理由：文件1中关于赔付比例的描述为“赔付比例：90%”, 文件2中关于给付比例的描述为“保险人在扣除免赔额后在保险责任范围内给付的剩余部分医疗费用的百分比”，两份文件均描述了赔付比例的概念，但具体的计算方式不同。因此，对于“赔付比例”的描述存在明显冲突。
《免赔额》做出判断的简易理由：文件1中关于免赔额的描述为“免赔额：500元/年”， 文件2中关于免赔额的描述为“其中，社会医疗保险或公费医疗已经报销的部分，不能计入免赔额；除社会医疗保险或公费医疗以外的其他途径已获得医疗费用补偿的部分，可计入免赔额”，两份文件中关于免赔额的描述有所不同，因此，对于“免赔额”的描述存在明显冲突。
《保险责任的延续》做出判断的简易理由：文件1中没有关于保险责任延续的描述，而文件2中有“对于符合当地社会医疗保险规定目录范围内的费用：针对被保险人以参加社会医疗保险身份投保并且使用社会医疗保险结算、或者以参加社会医疗保险身份投保但未使用社会医疗保险结算、或者以未参加社会医疗保险身份投保的，投保人和保险人可分别单独约定给付比例或（和）免赔额，并在保险合同中载明。对于当地社会医疗保险规定目录范围之外的其他费用，投保人和保险人也可以单独约定给付比例或（和）免赔额，并在保险合同中载明。”的描述，因此对于“保险责任的延续”的描述存在明显差异。
《指定医院》做出判断的简易理由：文件1中没有关于指定医院的描述，而文件2中有“指定医疗网络(见释义,下同)内所产生的指定医药用品(见释义,下同)”的描述，因此对于“指定医院”的描述存在明显差异。
《疾病种类》做出判断的简易理由：文件1和文件2中都没有关于疾病种类的描述，因此对于“疾病种类”的描述不存在冲突。
2025-06-28 10:03:17 - text_comparison.py:92 - 0|2 result=thing: 同一件事物的描述和表达
result: 有冲突

thing: 赔付金额
result: 无冲突

thing: 免赔额
result: 有冲突

thing: 赔付比例
result: 有冲突

thing: 医院范围
result: 无冲突

thing: 保险责任说明
result: 有冲突
2025-06-28 10:03:29 - text_comparison.py:92 - 0|3 result=无冲突
2025-06-28 10:05:18 - text_comparison.py:92 - 1|2 result=【文件1】

对于同一份文件的不同内容，可能存在不同的保险责任描述。分析如下：

1. 对于“保险责任”的描述，“给付标准的描述” 中有提及，但未出现明显的冲突点。
2. 对于“保险责任的延续”的描述，在文件中有提及，不存在冲突。
3. 对于“补偿原则和给付标准”的描述，“责任免除”中未提及，因此不会产生冲突。
4. 文件中对于“责任免除”的描述较为详细，但对于不同保险责任的具体免除情况可能存在歧义，需要进一步查看保险条款才能确定。

【文件2】

对于两份文件的内容，我们将其合并进行了对比分析。

1. 对于保险责任的描述方面，两者涉及到“普通运动意外伤害医疗”、“指定医药用品费用补偿医疗”，其中描述存在一定的差异，例如“给付比例” 和“免赔额”的计算方式有所不同，但都注明了具体的药品范围。

2. 对于保险责任的延续描述，在两个文件中均未提及。

3. 对于补偿原则和给付标准的描述，文件2中未涉及。

4. 文件2中没有责任免除的描述，因为其只针对普通运动意外伤害医疗和指定医药用品费用补偿医疗进行描述。

综上所述，这两个文件存在一定的冲突，主要集中在保险责任和补偿原则的描述方面。对于这些差异，建议投保人仔细阅读保险条款并理解其中的条款含义，以便更好地保护自己的利益。
2025-06-28 10:05:21 - text_comparison.py:92 - 1|3 result=无冲突
2025-06-28 10:05:36 - text_comparison.py:92 - 2|3 result=赔付比例、次限额、保险金额、免赔额存在冲突；

指定医药用品费用补偿医疗的保险金额、免赔额、赔付比例存在冲突。

结果：有冲突
2025-06-28 10:05:36 - text_comparison.py:99 - results: [True, True, True, True, True, True]
2025-06-28 10:05:36 - text_comparison.py:106 - ===============cnt=83 || material_id='m_00068a' || rule='赔付 & 领取规则' || end_result=True===============
2025-06-28 10:05:36 - text_comparison.py:57 - ===============cnt=84 || material_id='m_00069a' || rule='保障责任' || label=None===============
2025-06-28 10:05:36 - text_comparison.py:62 - load data ../data/clean_data_qwen2.5-72b-instruct/materials/m_00069a/HEALTH_INFORM/保障责任.txt...
2025-06-28 10:05:36 - text_comparison.py:62 - load data ../data/clean_data_qwen2.5-72b-instruct/materials/m_00069a/INTRODUCE_IMG/保障责任.txt...
2025-06-28 10:05:36 - text_comparison.py:62 - load data ../data/clean_data_qwen2.5-72b-instruct/materials/m_00069a/HEAD_IMG/保障责任.txt...
2025-06-28 10:05:36 - text_comparison.py:62 - load data ../data/clean_data_qwen2.5-72b-instruct/materials/m_00069a/CLAUSE/保障责任.txt...
2025-06-28 10:05:36 - text_comparison.py:62 - load data ../data/clean_data_qwen2.5-72b-instruct/materials/m_00069a/INSURE_NOTICE/保障责任.txt...
2025-06-28 10:05:36 - text_comparison.py:62 - load data ../data/clean_data_qwen2.5-72b-instruct/materials/m_00069a/ADDITIONAL_AGREEMENT/保障责任.txt...
2025-06-28 10:05:36 - text_comparison.py:62 - load data ../data/clean_data_qwen2.5-72b-instruct/materials/m_00069a/LIABILITY_EXCLUSION/保障责任.txt...
2025-06-28 10:06:04 - text_comparison.py:92 - 0|1 result=【文件1】和【文件2】中关于白血病医疗保险金的描述存在冲突。在【文件2】中，明确写明了白血病医疗保险金的给付比例、免赔额和免赔天数，但在【文件1】中并没有类似的描述。因此，这两份文件存在明显的冲突。
2025-06-28 10:06:53 - text_comparison.py:92 - 0|2 result=有冲突

对比两份文件，“保障责任”的描述存在冲突。例如：

1. 对于“白血病医疗保险金”，两份文件虽然都有相关的描述，但是具体的赔偿金额和适用条件有所不同，如“在保险期间内，被保险人在等待期后经保险人认可的医院或者保险人指定的医院的专科医生确诊初次罹患本合同约定的白血病……”，这是文件2独有的描述，而文件1中并未提及。

2. 文件2还增加了“白血病住院津贴保险金”的描述，而文件1中并没有这部分内容。

因此，这两份文件的“保障责任”存在冲突。
2025-06-28 10:08:19 - text_comparison.py:92 - 0|3 result=根据题目要求，我们来分析这两份文件。

对于文件1，由于该文件并没有涉及白血病的保险责任，因此与文件2中的内容不存在冲突。

对于文件2，其中涉及到白血病的保险责任：

- 补充了白血病医疗保险金的免赔额规定为0元，补偿原则下按100%的比例给付保险金；
- 规定了在医保定点医院的医疗费用未经社会医疗保险结算的情况下，该费用的给付比例为60%；
- 规定了白血病住院津贴保险金无免赔天数，每日住院津贴为800元，累积给付不超过120天。

综合以上信息，我们可以得出结论：这两份文件之间存在冲突。因为两份文件中关于白血病的保险责任描述是不同的，在文件2中补充了一些更为具体的保险责任细节，而文件1则没有涉及这些内容，因此这两份文件对于白血病的保险责任描述是存在冲突的。

输出如下：

 thing: 白血病医疗保险金的保险责任描述
 result: 有冲突

 thing: 文件2中的白血病保险责任描述
 result: 无冲突
2025-06-28 10:10:13 - text_comparison.py:92 - 1|2 result=1. 文件1中关于白血病医疗保险金的描述和文件2中有明显的冲突，主要表现在保险金额、给付比例和免赔额的设定上。文件1中未明确规定保险金额、给付比例和免赔额的设定，而文件2中则明确列出了这些内容的具体数值。
2. 文件1中关于白血病住院津贴保险金的描述和文件2中有一定的相似之处，但在保险责任的限制条件、累计给付天数上限等方面存在差异。
3. 文件1中的责任免除条款和文件2中的责任免除条款相比，有一些相同的条款（如遗传性疾病、先天性畸形、变形或染色体异常、被保险人接受实验性或试验性治疗、使用未经国家药品监督管理部门批准的疗法、药物或器械治疗等），但也有一些不同之处（如文件1中增加了未在保险人认可的医院或者保险人指定的医院接受治疗的情况、投保人感染艾滋病病毒或患艾滋病等情况的除外责任）。
4. 文件1中未明确说明的事项有：保险责任的保险金额、给付比例和免赔额、每日住院津贴金额、保险期间、累计给付住院天数上限、保险金的给付方式、理赔程序等。
5. 文件2中未明确说明的事项有：保险期间、保险金额、给付比例和免赔额的设定、医疗费用的报销范围和比例、理赔程序等。
2025-06-28 10:11:53 - text_comparison.py:92 - 1|3 result=保障责任对比结果如下：
对于白血病医疗保险金，两份文件都没有关于免赔额的描述，因此不存在冲突。对于补偿原则下的给付比例，两份文件的描述一致，都是100%。但对于社会医疗保险身份投保的患者，文件1中的描述是“或者未使用社会医疗保险结算”，而文件2中的描述是“而在医保定点医院的医疗费用未经社会医疗保险结算的，该费用的给付比例为60%。”因此，对于这一情况的描述存在冲突。
对于白血病住院津贴保险金，两份文件的描述也存在差异。文件1中的描述是“被保险人因上述保险事故而多次接受住院治疗的，保险人累计给付的住院天数以120日为上限（天数上限另有约定的从约定，且须在保险单中载明），超出该天数上限的部分，保险人不承担给付保险金责任。”而文件2中的描述是“白血病住院津贴保险金无免赔天数，每日住院津贴800元，累积给付不超过120天。”因此，对于白血病住院津贴保险金的描述也存在冲突。
综上所述，对于白血病医疗保险金和白血病住院津贴保险金这两项保障责任，存在明显的冲突情况。
2025-06-28 10:12:06 - text_comparison.py:92 - 2|3 result=无冲突
2025-06-28 10:12:06 - text_comparison.py:99 - results: [True, True, True, True, True, True]
2025-06-28 10:12:06 - text_comparison.py:106 - ===============cnt=84 || material_id='m_00069a' || rule='保障责任' || end_result=True===============
2025-06-28 10:12:06 - text_comparison.py:57 - ===============cnt=85 || material_id='m_00061a' || rule='赔付 & 领取规则' || label=None===============
2025-06-28 10:12:06 - text_comparison.py:62 - load data ../data/clean_data_qwen2.5-72b-instruct/materials/m_00061a/HEALTH_INFORM/赔付 & 领取规则.txt...
2025-06-28 10:12:06 - text_comparison.py:62 - load data ../data/clean_data_qwen2.5-72b-instruct/materials/m_00061a/INTRODUCE_IMG/赔付 & 领取规则.txt...
2025-06-28 10:12:06 - text_comparison.py:62 - load data ../data/clean_data_qwen2.5-72b-instruct/materials/m_00061a/PRODUCT_MANUAL/赔付 & 领取规则.txt...
2025-06-28 10:12:06 - text_comparison.py:62 - load data ../data/clean_data_qwen2.5-72b-instruct/materials/m_00061a/HEAD_IMG/赔付 & 领取规则.txt...
2025-06-28 10:12:06 - text_comparison.py:62 - load data ../data/clean_data_qwen2.5-72b-instruct/materials/m_00061a/CLAUSE/赔付 & 领取规则.txt...
2025-06-28 10:12:06 - text_comparison.py:62 - load data ../data/clean_data_qwen2.5-72b-instruct/materials/m_00061a/INSURE_NOTICE/赔付 & 领取规则.txt...
2025-06-28 10:12:06 - text_comparison.py:62 - load data ../data/clean_data_qwen2.5-72b-instruct/materials/m_00061a/ADDITIONAL_AGREEMENT/赔付 & 领取规则.txt...
2025-06-28 10:12:06 - text_comparison.py:62 - load data ../data/clean_data_qwen2.5-72b-instruct/materials/m_00061a/LIABILITY_EXCLUSION/赔付 & 领取规则.txt...
2025-06-28 10:13:46 - text_comparison.py:92 - 0|1 result=【文件1】中有涉及到与【文件2】中类似的“赔付 & 领取规则”的内容，因此需要进行比较：

1. 对于“等待期”的描述，在【文件1】中没有明确说明，而在【文件2】中有明确说明并且规定了具体的等待期时间。因此，对于等待期的描述存在明显的差异。

2. 对于“保险责任”的描述，在【文件1】和【文件2】中都有详细的说明，但是存在一些不同点。例如，

  * 【文件1】中提到了“赔付金额”的限制，而【文件2】中没有明确说明。
  * 【文件1】中提到了“保险病种”的范围，而【文件2】中没有明确说明。
  * 【文件1】中提到了“多次赔付”的情况，而【文件2】中没有明确说明。

综上所述，对于“保险责任”的描述存在一定的差异。

3. 对于“保险金额”的描述，在【文件1】和【文件2】中都没有明确说明，因此可以认为没有冲突。

4. 对于“身故责任”的描述，在【文件1】和【文件2】中都没有明确说明，因此可以认为没有冲突。

根据上述分析，“保险责任”和“等待期”的描述存在明显的差异，因此可以得出结论：存在冲突。
2025-06-28 10:14:01 - text_comparison.py:92 - 0|2 result=无冲突。
2025-06-28 10:14:08 - text_comparison.py:92 - 0|3 result=根据上述信息，我们无法判断存在明显相互冲突的情况。
2025-06-28 10:14:41 - text_comparison.py:92 - 1|2 result=根据提供的信息，我们无法发现这两份文件之间存在明显的冲突。这两份文件都是关于保险产品（保险单）的条款和条件，它们描述了与保险责任、保费、保险金给付等方面的细节。虽然两者可能存在某些类似之处，但这并不意味着它们是相互冲突的。在没有进一步信息的情况下，我们无法判断这两份文件之间是否存在冲突。
2025-06-28 10:16:35 - text_comparison.py:92 - 1|3 result=根据对比结果，两份文件中的"赔付 & 领取规则"存在一定的冲突。具体如下：

1. 对于轻度疾病保险金的给付，文件1中规定每次给付比例为30%，而文件2中规定每次给付比例为60%。这表明两者对于轻度疾病保险金的给付比例不同。

2. 文件1中规定同一种轻度疾病最多给付一次，而文件2中则没有明确限制同一疾病的给付次数。因此，在这一点上两者存在差异。

3. 文件1中规定轻度疾病保险金累计给付次数达到五次时，此项保险责任终止，保险合同继续有效；文件2中则规定最多给付三次中度疾病保险金。在这点上两者存在差异。

4. 文件1中规定，被保险人由于同一疾病原因、同次医疗行为或同次意外伤害事故，初次罹患并被我们认可的医院的专科医生确诊为两种或两种以上的轻度疾病，我们仅按其中一种轻度疾病给付轻度疾病保险金。而在文件2中没有找到类似的描述。因此，在这一点上两者存在差异。

5. 文件1中规定，在附加险合同保险期间届满日（含）之前，若被保险人身故，主险合同自被保险人身故时起终止，本公司不承担给付本项身故保险金的责任。文件2中则没有找到类似的描述。因此，在这一点上两者存在差异。
2025-06-28 10:16:52 - text_comparison.py:92 - 2|3 result=无冲突。
2025-06-28 10:16:52 - text_comparison.py:99 - results: [True, True, True, True, True, True]
2025-06-28 10:16:52 - text_comparison.py:106 - ===============cnt=85 || material_id='m_00061a' || rule='赔付 & 领取规则' || end_result=True===============
2025-06-28 10:16:52 - text_comparison.py:57 - ===============cnt=86 || material_id='m_00070a' || rule='赔付 & 领取规则' || label=None===============
2025-06-28 10:16:52 - text_comparison.py:62 - load data ../data/clean_data_qwen2.5-72b-instruct/materials/m_00070a/HEALTH_INFORM/赔付 & 领取规则.txt...
2025-06-28 10:16:52 - text_comparison.py:62 - load data ../data/clean_data_qwen2.5-72b-instruct/materials/m_00070a/CLAUSE/赔付 & 领取规则.txt...
2025-06-28 10:16:52 - text_comparison.py:62 - load data ../data/clean_data_qwen2.5-72b-instruct/materials/m_00070a/INSURE_NOTICE/赔付 & 领取规则.txt...
2025-06-28 10:16:52 - text_comparison.py:62 - load data ../data/clean_data_qwen2.5-72b-instruct/materials/m_00070a/ADDITIONAL_AGREEMENT/赔付 & 领取规则.txt...
2025-06-28 10:16:52 - text_comparison.py:62 - load data ../data/clean_data_qwen2.5-72b-instruct/materials/m_00070a/LIABILITY_EXCLUSION/赔付 & 领取规则.txt...
2025-06-28 10:17:28 - text_comparison.py:92 - 0|1 result=有冲突

对于“保险责任”的描述，“文件1”中是针对全残保险金和身故保险金分别进行的描述，而“文件2”中则是将两者合并在一起进行描述，因此存在冲突。

另外，“文件1”中对于全残保险金的给付规定了两种情况，而“文件2”中则只有在意外伤害情况下才进行给付，对于非意外伤害情况并未进行描述，因此也存在冲突。
2025-06-28 10:18:13 - text_comparison.py:92 - 0|2 result=根据以上两份文件的内容，我们可以得出以下结论：

  * 对于“全残保险金”的描述，两份文件存在明显的冲突。虽然都是在发生全残事件时进行赔付，但是第一份文件规定了在不同情况下的赔付方式和标准，而第二份文件则只有在发生全残事件时的赔付标准，没有对不同情况进行区分。
  * 对于“身故保险金”的描述，两份文件不存在冲突。

因此，对于“全残保险金”的描述是有冲突的，而对于“身故保险金”的描述则是没有冲突的。
2025-06-28 10:19:38 - text_comparison.py:92 - 1|2 result=对于两份文件中的"赔付 & 领取规则"进行了比较分析，以下是结果：

1. 保险责任：身故/全残保险金
   - 有冲突。虽然两份文件都列出了身故/全残保险金的给付条件，但是文件1中使用了 "本合同" 和 "你的" 这样的代词来指代具体的保险产品，而文件2中则直接称为 "保险合同" 和 "您的"，并没有具体指出是哪份保险合同，因此存在一定的差异和冲突。
2. 全残保险金
   - 无冲突。虽然在表述上略有不同，但两份文件都在90日内和非90日内因意外伤害或非意外伤害导致全残的情况下分别给出了不同的给付比例，不存在明显冲突。
3. 身故保险金
   - 无冲突。与全残保险金类似，两份文件都在90日内和非90日内因意外伤害或非意外伤害导致身故的情况下分别给出了不同的给付比例，不存在明显冲突。

结论：存在一定的冲突。
2025-06-28 10:19:38 - text_comparison.py:99 - results: [True, True, True]
2025-06-28 10:19:38 - text_comparison.py:106 - ===============cnt=86 || material_id='m_00070a' || rule='赔付 & 领取规则' || end_result=True===============
2025-06-28 10:19:38 - text_comparison.py:57 - ===============cnt=87 || material_id='m_00071a' || rule='术语解释' || label=None===============
2025-06-28 10:19:38 - text_comparison.py:62 - load data ../data/clean_data_qwen2.5-72b-instruct/materials/m_00071a/HEALTH_INFORM/术语解释.txt...
2025-06-28 10:19:38 - text_comparison.py:62 - load data ../data/clean_data_qwen2.5-72b-instruct/materials/m_00071a/INTRODUCE_IMG/术语解释.txt...
2025-06-28 10:19:38 - text_comparison.py:62 - load data ../data/clean_data_qwen2.5-72b-instruct/materials/m_00071a/HEAD_IMG/术语解释.txt...
2025-06-28 10:19:38 - text_comparison.py:62 - load data ../data/clean_data_qwen2.5-72b-instruct/materials/m_00071a/CLAUSE/术语解释.txt...
2025-06-28 10:19:38 - text_comparison.py:62 - load data ../data/clean_data_qwen2.5-72b-instruct/materials/m_00071a/INSURE_NOTICE/术语解释.txt...
2025-06-28 10:19:38 - text_comparison.py:62 - load data ../data/clean_data_qwen2.5-72b-instruct/materials/m_00071a/ADDITIONAL_AGREEMENT/术语解释.txt...
2025-06-28 10:19:38 - text_comparison.py:62 - load data ../data/clean_data_qwen2.5-72b-instruct/materials/m_00071a/LIABILITY_EXCLUSION/术语解释.txt...
2025-06-28 10:19:38 - text_comparison.py:72 - ===============<=1 cnt=87 || material_id='m_00071a' || rule='术语解释' || end_result=True===============
2025-06-28 10:19:38 - text_comparison.py:57 - ===============cnt=88 || material_id='m_00072a' || rule='保障相关时间' || label=None===============
2025-06-28 10:19:38 - text_comparison.py:62 - load data ../data/clean_data_qwen2.5-72b-instruct/materials/m_00072a/INTRODUCE_IMG/保障相关时间.txt...
2025-06-28 10:19:38 - text_comparison.py:62 - load data ../data/clean_data_qwen2.5-72b-instruct/materials/m_00072a/HEAD_IMG/保障相关时间.txt...
2025-06-28 10:19:38 - text_comparison.py:62 - load data ../data/clean_data_qwen2.5-72b-instruct/materials/m_00072a/CLAUSE/保障相关时间.txt...
2025-06-28 10:19:38 - text_comparison.py:62 - load data ../data/clean_data_qwen2.5-72b-instruct/materials/m_00072a/INSURE_NOTICE/保障相关时间.txt...
2025-06-28 10:19:38 - text_comparison.py:62 - load data ../data/clean_data_qwen2.5-72b-instruct/materials/m_00072a/LIABILITY_EXCLUSION/保障相关时间.txt...
2025-06-28 10:20:29 - text_comparison.py:92 - 0|1 result=对于文件1和文件2：

由于文件1中没有关于犹豫期和保险期间的具体描述，因此无法与文件2中的相应内容进行比较。但是，可以比较文件2中关于宽限期的描述和文件1的其他内容。根据比较结果，我们得出以下结论：

- 文件2 中关于宽限期的描述与文件1中其他内容没有冲突。

因此，对于这个特定的对比，文件1和文件2之间没有冲突。

简易理由：文件1没有关于犹豫期和保险期间的描述，无法与文件2中的相应内容进行比较；但是，文件2中关于宽限期的描述与文件1中其他内容没有冲突。

结果：无冲突
2025-06-28 10:20:29 - text_comparison.py:99 - results: [True]
2025-06-28 10:20:29 - text_comparison.py:106 - ===============cnt=88 || material_id='m_00072a' || rule='保障相关时间' || end_result=True===============
2025-06-28 10:20:29 - text_comparison.py:57 - ===============cnt=89 || material_id='m_00073a' || rule='保障责任' || label=None===============
2025-06-28 10:20:29 - text_comparison.py:62 - load data ../data/clean_data_qwen2.5-72b-instruct/materials/m_00073a/INTRODUCE_IMG/保障责任.txt...
2025-06-28 10:20:29 - text_comparison.py:62 - load data ../data/clean_data_qwen2.5-72b-instruct/materials/m_00073a/HEAD_IMG/保障责任.txt...
2025-06-28 10:20:29 - text_comparison.py:62 - load data ../data/clean_data_qwen2.5-72b-instruct/materials/m_00073a/CLAUSE/保障责任.txt...
2025-06-28 10:20:29 - text_comparison.py:62 - load data ../data/clean_data_qwen2.5-72b-instruct/materials/m_00073a/ADDITIONAL_AGREEMENT/保障责任.txt...
2025-06-28 10:20:29 - text_comparison.py:62 - load data ../data/clean_data_qwen2.5-72b-instruct/materials/m_00073a/LIABILITY_EXCLUSION/保障责任.txt...
2025-06-28 10:21:09 - text_comparison.py:92 - 0|1 result=有冲突。
在文件1中，对于意外伤害医疗责任，有社保内和社保外两种情况的赔付比例不同，分别为100%和80%；而在文件2中，对于意外伤害医疗责任，不分社保内外，统一按80%进行赔付。对于意外伤害重症监护病房（ICU）津贴，文件1中要求达到连续住院64小时才开始给付，而文件2中未做此要求。
2025-06-28 10:21:09 - text_comparison.py:99 - results: [True]
2025-06-28 10:21:09 - text_comparison.py:106 - ===============cnt=89 || material_id='m_00073a' || rule='保障责任' || end_result=True===============
2025-06-28 10:21:09 - text_comparison.py:57 - ===============cnt=90 || material_id='m_00036a' || rule='赔付 & 领取规则' || label=None===============
2025-06-28 10:21:09 - text_comparison.py:62 - load data ../data/clean_data_qwen2.5-72b-instruct/materials/m_00036a/HEALTH_INFORM/赔付 & 领取规则.txt...
2025-06-28 10:21:09 - text_comparison.py:62 - load data ../data/clean_data_qwen2.5-72b-instruct/materials/m_00036a/INTRODUCE_IMG/赔付 & 领取规则.txt...
2025-06-28 10:21:09 - text_comparison.py:62 - load data ../data/clean_data_qwen2.5-72b-instruct/materials/m_00036a/HEAD_IMG/赔付 & 领取规则.txt...
2025-06-28 10:21:09 - text_comparison.py:62 - load data ../data/clean_data_qwen2.5-72b-instruct/materials/m_00036a/CLAUSE/赔付 & 领取规则.txt...
2025-06-28 10:21:09 - text_comparison.py:62 - load data ../data/clean_data_qwen2.5-72b-instruct/materials/m_00036a/INSURE_NOTICE/赔付 & 领取规则.txt...
2025-06-28 10:21:09 - text_comparison.py:62 - load data ../data/clean_data_qwen2.5-72b-instruct/materials/m_00036a/ADDITIONAL_AGREEMENT/赔付 & 领取规则.txt...
2025-06-28 10:21:09 - text_comparison.py:62 - load data ../data/clean_data_qwen2.5-72b-instruct/materials/m_00036a/LIABILITY_EXCLUSION/赔付 & 领取规则.txt...
2025-06-28 10:24:11 - text_comparison.py:92 - 0|1 result=华安保险个人意外伤害保险（互联网专属）条款：
保险责任：
第一条 在本合同保险期间内，保险人承担下列保险责任：
1. 被保险人遭受意外伤害事故，导致身故、残疾或烧烫伤的，保险人依照《人身保险伤残评定标准及代码》（GB/T 16180.1-2013）所列伤残项目分级表的规定给付伤残保险金；
2. 被保险人自意外伤害事故发生之日起180日内（含180日），因该次意外伤害事故所致的意外医疗费用，保险人按照条款约定给付意外医疗费用保险金。
第三条 下列原因造成的损失、费用和责任，保险人不负责赔偿：
（一）被保险人故意犯罪、自杀、醉酒、斗殴、酒后驾驶、无有效驾驶证驾驶机动车、从事高风险运动等行为；
（二）战争、军事行动、恐怖活动、暴乱、罢工、骚乱、民众示威等；
（三）核爆炸、核辐射、核污染等不可抗力。
安心财产保险股份有限公司
交通意外伤害保险（互联网专属）条款：
保险责任：
第一条 在本合同保险期间内，保险人承担下列保险责任：
1. 被保险人遭受意外伤害事故，导致身故、残疾或烧烫伤的，保险人依照《人身保险伤残评定标准及代码》（GB/T 16180.1-2013）所列伤残项目分级表的规定给付伤残保险金；
2. 被保险人自意外伤害事故发生之日起180日内（含180日），因该次意外伤害事故所致的意外医疗费用，保险人按照条款约定给付意外医疗费用保险金。
第三条 下列原因造成的损失、费用和责任，保险人不负责赔偿：
（一）被保险人故意犯罪、自杀、醉酒、斗殴、酒后驾驶、无有效驾驶证驾驶机动车、从事高风险运动等行为；
（二）战争、军事行动、恐怖活动、暴乱、罢工、骚乱、民众示威等；
（三）核爆炸、核辐射、核污染等不可抗力。
安心财产保险股份有限公司
2025-06-28 10:26:03 - text_comparison.py:92 - 0|2 result=【文件1】中未涉及任何需要比较的内容，因此判断为“无冲突”。

【文件2】中涉及到多个需要比较的方面，包括：

1. 赔付比例：文件中明确规定了意外伤害医疗费用的不同赔付比例，因此存在冲突。
2. 免赔额：文件中明确规定了附加意外伤害医疗费用的免赔额，而其他意外伤害的相关费用则未作规定，因此存在冲突。
3. 住院津贴: 文件中分别规定了附加意外伤害住院津贴、非手术住院津贴和同一事故最长赔付天数，因此存在冲突。
4. 窒息责任：文件中明确规定了猝死属于保险责任，但未提及窒息是否属于，因此存在冲突。
5. 交通工具意外身故/伤残：文件中明确规定了保险责任的交通工具范围，但未提及是否包含营运汽车以外的其他车辆，因此存在冲突。
6. 投保年龄限制：文件中规定了投保时年龄在50-60周岁（含60周岁）的被保险人保额减半，但未在其他年龄段作出规定，因此存在冲突。
7. 同时持有多张生效意外险保单时的赔偿：文件中明确规定了根据重复保险分摊原则，保险人按照比例责任制方式承担医疗费用赔偿责任，但未提及意外住院津贴和其他意外险保单的处理方式，因此存在冲突。

综上所述，由于文件2中有多个方面的描述存在冲突，因此判断该文件与其他意外险保单之间存在冲突。
2025-06-28 10:28:42 - text_comparison.py:92 - 0|3 result=| 事项 | 文件1描述 | 文件2描述 | 判断依据 |
| --- | --- | --- | --- |
| 意外伤害医疗保险 | 不详 | 每次事故免赔额100元，使用医保卡就医结算的100%赔付，若未使用医保卡就医结算赔付70%，限社保范围。不含康复科医疗费用以及其他康复治疗费用。 | 同一件事物描述存在差异，有冲突。 |
| 意外伤害住院津贴 | 不详 | 同一件事物描述存在差异，有冲突。 |
| 意外重症监护住院津贴 | 不详 | 同一件事物描述存在差异，有冲突。 |
| “个人人身意外伤害身故/伤残”保险责任对投保时年龄在50-60周岁（含60周岁）的被保险人保额减半。 | 不详 | 同一件事物描述存在差异，有冲突。 |
| 被保险人因溺水、高空坠落（离地2米以上）、一氧化碳中毒以及违反交通法规导致交通意外事故导致身故伤残的，保险人按20%比例赔付身故责任。 | 不详 | 同一件事物描述存在差异，有冲突。 |
| 被保险人未违反交通法规但在交通事故中须承担全部责任或主要责任的，保险人按50%比例赔付身故责任。 | 不详 | 同一件事物描述存在差异，有冲突。 |
| 若被保险人同时持有多张生效意外险保单，根据重复保险分摊原则，保险人按照比例责任制方式承担医疗费用赔偿责任；意外住院津贴每日赔付金额=本保单意外住院津贴每日保额-其他意外险保单住院津贴每日保额，若小于零，则不予理赔该项责任。 | 不详 | 同一件事物描述存在差异，有冲突。 |
| 根据国务院保险监督管理机构的规定，除航空意外身故责任和重大自然灾害意外身故责任对应的保险金额外，对于未成年人作为被保险人的人身保险，在被保险人成年之前，被保险人死
2025-06-28 10:31:55 - text_comparison.py:92 - 1|2 result=1. 文件1中对"意外身故保险金"和"意外伤残保险金"的描述存在冲突，因为文件1并未明确说明是否需要扣除已经给付的意外伤残保险金，而文件2则明确规定了需要扣除已经给付的意外伤残保险金。因此，这两份文件在这个方面的描述存在冲突。
2. 文件1中对"意外医疗费用"的描述与文件2中的相关描述基本一致，但文件1并未明确说明是否可以叠加赔付，而文件2则明确规定了可以叠加赔付。因此，这两份文件在这个方面的描述存在差异。
3. 文件1中对"意外住院津贴"的描述与文件2中的相关描述基本一致，但文件1并未明确说明是否可以叠加赔付，而文件2则明确规定了可以叠加赔付。因此，这两份文件在这个方面的描述存在差异。
4. 文件1中对"意外重症监护津贴"的描述与文件2中的相关描述基本一致，但文件1并未明确说明是否可以叠加赔付，而文件2则明确规定了可以叠加赔付。因此，这两份文件在这个方面的描述存在差异。
5. 文件1中对"公共交通工具意外伤害身故/伤残"的描述与文件2中的相关描述基本一致，但文件1并未明确说明是否需要扣除已经给付的其他保险公司的赔偿金，而文件2则明确规定了需要扣除已经给付的其他保险公司的赔偿金。因此，这两份文件在这个方面的描述存在差异。
6. 文件1中对"猝死"的描述与文件2中的相关描述基本一致，但文件1并未明确说明是否需要扣除已经给付的其他保险公司的赔偿金，而文件2则明确规定了需要扣除已经给付的其他保险公司的赔偿金。因此，这两份文件在这个方面的描述存在差异。
7. 文件1中对"被保险人因溺水、高空坠落（离地2米以上）、一氧化碳中毒以及违反交通法规导致交通意外事故导致身故伤残的，保险人按30%比例赔付身故责任"的描述与文件2中的相关描述不一致，因为文件2中并没有列出这些情况的描述。因此，这两份文件在这个方面的描述存在冲突。
8. 文件1中对"被保险人未违反交通法规但在交通事故中须承担全部责任或主要责任的，保险人按50%比例赔付身故责任"的描述与文件2中的相关描述
2025-06-28 10:35:00 - text_comparison.py:92 - 1|3 result=根据您提供的两份文件，我们分析了它们各自的“赔付 & 领取规则”，并比较了它们之间的异同。我们将逐项对比这两份文件中涉及到的赔付 & 领取规则，并给出相应的简易理由和结果。
* “意外身故保险金”的描述：
  * 文件1 中明确规定了“意外身故保险金”的给付条件和计算方法。
  * 文件2 中虽未明确说明“意外身故保险金”的给付条件和计算方法，但根据其他内容可以推断出相似的规则。
    简易理由: 文件1 和文件2 均涉及到了意外身故保险金的描述。
    结果: 有冲突
* “意外伤残保险金”的描述：
  * 文件1 中明确规定了“意外伤残保险金”的给付条件和计算方法。
  * 文件2 中虽未明确说明“意外伤残保险金”的给付条件和计算方法，但根据其他内容可以推断出相似的规则。
    简易理由: 文件1 和文件2 均涉及到了意外伤残保险金的描述。
    结果: 有冲突
* “医疗费用”的描述：
  * 文件1 中规定了“意外伤害医疗保险金”的给付条件和计算方法，并对免赔额、给付比例、理赔范围等进行了说明。
  * 文件2 中也规定了“意外伤害医疗保险金”的给付条件和计算方法，并对免赔额、给付比例、理赔范围等进行了说明。
    简易理由: 文件1 和文件2 均涉及到了医疗费用的描述。
    结果: 无冲突
* “住院津贴”的描述：
  * 文件1 中规定了“意外住院津贴”的给付条件和计算方法。
  * 文件2 中也规定了“意外重症监护津贴”的给付条件和计算方法。
    简易理由: 文件1 和文件2 均涉及到了住院津贴的描述。
    结果: 有冲突
经过对比分析，我们发现这两份文件中存在以下冲突之处：
1. 文件1 和文件2 均涉及到了意外身故保险金和意外伤残保险金的描述，但对这两项保险责任的具体给付条件和计算方法没有完全一致的描述。
2. 文件1 中规定了“意外住院津贴”的给付条件和计算方法
2025-06-28 10:35:43 - text_comparison.py:92 - 2|3 result=有冲突

对比两份文件，“个人人身意外伤害身故/伤残”保险责任对投保时年龄在50-60周岁（含60周岁）的被保险人的保额规定存在差异。第一份文件中是保额减半，而第二份文件中没有明确说明。

另外，关于被保险人因违反交通法规导致的交通意外事故的身故/伤残赔付比例也存在差异。第一份文件中是按50%比例赔付，而第二份文件中是按20%比例赔付。
2025-06-28 10:35:43 - text_comparison.py:99 - results: [True, True, True, True, True, True]
2025-06-28 10:35:43 - text_comparison.py:106 - ===============cnt=90 || material_id='m_00036a' || rule='赔付 & 领取规则' || end_result=True===============
2025-06-28 10:35:43 - text_comparison.py:57 - ===============cnt=91 || material_id='m_00074a' || rule='附加条款' || label=None===============
2025-06-28 10:35:43 - text_comparison.py:62 - load data ../data/clean_data_qwen2.5-72b-instruct/materials/m_00074a/INTRODUCE_IMG/附加条款.txt...
2025-06-28 10:35:43 - text_comparison.py:62 - load data ../data/clean_data_qwen2.5-72b-instruct/materials/m_00074a/PRODUCT_MANUAL/附加条款.txt...
2025-06-28 10:35:43 - text_comparison.py:62 - load data ../data/clean_data_qwen2.5-72b-instruct/materials/m_00074a/HEAD_IMG/附加条款.txt...
2025-06-28 10:35:43 - text_comparison.py:62 - load data ../data/clean_data_qwen2.5-72b-instruct/materials/m_00074a/CLAUSE/附加条款.txt...
2025-06-28 10:35:43 - text_comparison.py:62 - load data ../data/clean_data_qwen2.5-72b-instruct/materials/m_00074a/INSURE_NOTICE/附加条款.txt...
2025-06-28 10:35:43 - text_comparison.py:62 - load data ../data/clean_data_qwen2.5-72b-instruct/materials/m_00074a/ADDITIONAL_AGREEMENT/附加条款.txt...
2025-06-28 10:35:43 - text_comparison.py:62 - load data ../data/clean_data_qwen2.5-72b-instruct/materials/m_00074a/LIABILITY_EXCLUSION/附加条款.txt...
2025-06-28 10:35:43 - text_comparison.py:72 - ===============<=1 cnt=91 || material_id='m_00074a' || rule='附加条款' || end_result=True===============
2025-06-28 10:35:43 - text_comparison.py:57 - ===============cnt=92 || material_id='m_00036a' || rule='投保条款' || label=None===============
2025-06-28 10:35:43 - text_comparison.py:62 - load data ../data/clean_data_qwen2.5-72b-instruct/materials/m_00036a/HEALTH_INFORM/投保条款.txt...
2025-06-28 10:35:43 - text_comparison.py:62 - load data ../data/clean_data_qwen2.5-72b-instruct/materials/m_00036a/INTRODUCE_IMG/投保条款.txt...
2025-06-28 10:35:43 - text_comparison.py:62 - load data ../data/clean_data_qwen2.5-72b-instruct/materials/m_00036a/HEAD_IMG/投保条款.txt...
2025-06-28 10:35:43 - text_comparison.py:62 - load data ../data/clean_data_qwen2.5-72b-instruct/materials/m_00036a/CLAUSE/投保条款.txt...
2025-06-28 10:35:43 - text_comparison.py:62 - load data ../data/clean_data_qwen2.5-72b-instruct/materials/m_00036a/INSURE_NOTICE/投保条款.txt...
2025-06-28 10:35:43 - text_comparison.py:62 - load data ../data/clean_data_qwen2.5-72b-instruct/materials/m_00036a/ADDITIONAL_AGREEMENT/投保条款.txt...
2025-06-28 10:35:43 - text_comparison.py:62 - load data ../data/clean_data_qwen2.5-72b-instruct/materials/m_00036a/LIABILITY_EXCLUSION/投保条款.txt...
2025-06-28 10:36:13 - text_comparison.py:92 - 0|1 result=根据上述信息，可以得到如下结果：

| 事项 | 判断结果 |
| --- | --- |
| 投保人条件 | 有冲突 |
| 被保险人条件 | 有冲突 |
| 缴费约定 | 有冲突 |
| 保险病种 | 无冲突 |
| 赔偿金额 | 无冲突 |
| 保险责任范围 | 无冲突 |
2025-06-28 10:37:10 - text_comparison.py:92 - 0|2 result=本题需要对比分析两份文件中的投保条款，包括投保人条件、被保险人条件、保险责任、除外责任等方面的内容。

根据题目要求，只比较相同条件下两份文件的描述是否冲突，对于未明确说明或者省略说明的事项，则视为没有冲突。

经过对比分析，可以得出如下结论：

对于被保险人要求方面，两份文件存在冲突。文件1中未提及被保险人的职业类别要求，而文件2中则明确规定了仅承保职业类别为1-6类人员，并提供了查询网址。因此，该部分描述存在冲突。

对于保险责任方面，两份文件不存在冲突。

对于除外责任方面，两份文件不存在冲突。

综上所述，对于被保险人要求部分存在冲突。

有冲突
2025-06-28 10:39:08 - text_comparison.py:92 - 0|3 result=【文件1】中没有描述需要进行对比的内容，因此无法判断是否与其他文件存在冲突。

【文件2】中有以下内容需要进行比较：

- 投保人要求：必须为被保险人本人或被保险人的子nv、配偶及父mu（含配偶父mu），否则投保无效。与文件1不存在冲突。
- 承保职业类别：仅承保职业类别为1-4类人员（不含无固定工作人员）。与文件1不存在冲突。
- 被保险人年龄范围：30天至60周岁（含）。
- 保险责任对投保时年龄在50-60周岁（含60周岁）的被保险人保额减半。
- 对于未成年人作为被保险人的人身保险，在被保险人成年之前，被保险人死亡时各保险公司实际给付的保险金总和按以下限额执行：（一）对于被保险人不满10周岁的，不得超过人民币20万元；（二）对于被保险人已满10周岁但未满18周岁的，不得超过人民币50万元。

根据以上比较结果，可以得出以下结论：

有冲突的部分：
- 文件2中对投保人要求的描述与文件1有冲突。
- 文件2中对保险责任对投保时年龄在50-60周岁（含60周岁）的被保险人保额减半的描述与文件1有冲突。

无冲突的部分：
- 文件2中的其他内容与文件1没有冲突。

综合以上情况，得出最终判断结果为：该保险产品的投保条款存在部分冲突。
2025-06-28 10:41:12 - text_comparison.py:92 - 1|2 result=根据题目要求，需要对比分析这两份文件中关于“投保条款”的内容，找出其中可能存在的冲突情况。由于题目中规定只有在两份文件中都提到的同一件事物的描述存在明显相互冲突的情况下才需要进行比较，因此我们需要先梳理出这两份文件中共同涉及的事项。

经过梳理，我们发现在这两份文件中共同涉及到了投保人条件、被保险人条件、缴费约定等内容。接下来我们将分别对这些内容进行比对，以判断是否存在明显相互冲突的情况。

1. 投保人条件

这两份文件中都有关于投保人条件的描述，如下所示：
### 华泰财险个人人身意外伤害保险（互联网专属）条款
> 投保人条件：
> - 具有完全民事行为能力的被保险人本人或对被保险人具有保险利益的其他人可作为投保人。
> 
> 投保人若选择一次性支付保险费的，投保人应当在本保险合同成立时一次性缴清保险费。
> 投保人若未按约定足额交纳保险费，保险合同不发生效力，对保险合同生效之日前发生的保险事故，保险人不承担保险责任。
> 投保人若选择分期支付保险费的，投保人应当在每个保险费约定支付日交纳各期对应的保险费。
> 如投保人未在投保时支付首期保险费的，本保险合同不生效。对本保险合同生效之日前发生的保险事故，我们不承担保险责任。
> 投保人支付首期保险费后，如投保人未按照本保险合同约定的付款期限足额缴付当期保险费，且超过本保险合同约定的付款宽限
2025-06-28 10:43:16 - text_comparison.py:92 - 1|3 result=以下是对这两份文件的投保条款的对比和分析结果。

第一份文件：
- “投保人条件”的描述中，“华泰财险个人人身意外伤害保险（互联网专属）条款”要求投保人为具有完全民事行为能力的被保险人本人或对被保险人有保险利益的其他人，“华泰财险交通工具意外伤害保险（互联网专属）条款”要求投保人分为两类，其中A类投保人需要是具有完全民事行为能力的被保险人本人或对被保险人有保险利益的其他人，而B类投保人则需要是有对被保险人有保险利益的合法机关、企业、事业单位和社会团体。因此，在这一点上，这两份文件存在冲突。
- “被保险人条件”的描述中，两份文件的要求基本一致，都是要求被保险人身体健康、能正常工作或正常生活。
- “缴费约定”的描述中，两份文件的要求也基本一致，都是要求投保人按照约定支付保险费，如果没有按照约定支付保险费，则会影响保险合同的生效和保险责任的承担。

第二份文件：
- “投保人条件”的描述中，该文件要求投保人只能是具有完全民事行为能力的被保险人本人或对被保险人有保险利益的其他人才能作为投保人。
- “被保险人条件”的描述中，该文件要求被保险人应为身体健康、能正常工作或正常生活的自然人。
- “缴费约定”的描述中，该文件没有特别的要求。

综合分析，这两份文件在“投保人条件”、“被保险人条件”和“缴费约定”三个方面存在一定的冲突和差异。
2025-06-28 10:46:58 - text_comparison.py:92 - 2|3 result=对比分析如下：

| 事物描述 | 文件1描述 | 文件2描述 | 冲突情况 |
| --- | --- | --- | --- |
| 投保人资格要求 | 只允许被保险人本人、子女、配偶及父母投保，否则投保无效。 | 本保险产品投保人需为被保险人本人或被保险人的子nv、配偶及父mu（含配偶父mu），否则投保无效。 | 无冲突，因为都规定了投保人只能是特定的关系人 |
| 承保职业类别 | 承保1-6类职业，职业类别可在网上查询。 | 只承保1-4类职业，职业类别查询网址为http://service.ehuatai.com/page/occupation/mobile.jsp；若实际出险时职业类别（含临时或短期工作）高于4类，保险人按20%比例承担各项赔付责任。固定工作是指投保前1年内有连续6个月及以上的职工社保缴纳记录，或有连续6月及以上的来自同一雇主的工资收入证明，或投保时与雇主签订一年及以上的劳动合同（出险时须补充考勤记录或者工资发放记录证明），不能提供前述证明材料的视为无固定工作,保险人按20%比例承担各项赔付责任。 | 有冲突，因为对承保的职业类别做了不同的限制。 |
| 被保险人年龄范围 | 30天至60周岁（含）均可投保。 | 承保被保险人年龄范围：30天至60周岁（含） | 无冲突，因为都规定了相同的年龄范围。 |
| 同一保险期间内的限购份数 | 每位被保险人限购1份，多投保无效。 | 本产品同一保险期间内每位被保险人限购1份，多投保无效。 | 无冲突，因为都规定了同样的限购规则。 |
| 被保险人健康状况要求 | 被保险人须为身体健康，能正常工作或正常生活的自然人，须未患过癫痫、精神和行为障碍（含抑郁症）、脑中风、终末期肾病、冠心病、心肌梗死、心绞痛、肺源性心脏病、心脏瓣膜病、心房/心室扑动或颤动、风湿性心脏病、心肌病、先天性心脏病、心功能不全、恶性肿瘤疾病，近1年内未长期服药（
2025-06-28 10:46:58 - text_comparison.py:99 - results: [True, True, True, True, True, True]
2025-06-28 10:46:58 - text_comparison.py:106 - ===============cnt=92 || material_id='m_00036a' || rule='投保条款' || end_result=True===============
2025-06-28 10:46:58 - text_comparison.py:57 - ===============cnt=93 || material_id='m_00075a' || rule='投保条款' || label=None===============
2025-06-28 10:46:58 - text_comparison.py:62 - load data ../data/clean_data_qwen2.5-72b-instruct/materials/m_00075a/INTRODUCE_IMG/投保条款.txt...
2025-06-28 10:46:58 - text_comparison.py:62 - load data ../data/clean_data_qwen2.5-72b-instruct/materials/m_00075a/HEAD_IMG/投保条款.txt...
2025-06-28 10:46:58 - text_comparison.py:62 - load data ../data/clean_data_qwen2.5-72b-instruct/materials/m_00075a/CLAUSE/投保条款.txt...
2025-06-28 10:46:58 - text_comparison.py:62 - load data ../data/clean_data_qwen2.5-72b-instruct/materials/m_00075a/INSURE_NOTICE/投保条款.txt...
2025-06-28 10:46:58 - text_comparison.py:62 - load data ../data/clean_data_qwen2.5-72b-instruct/materials/m_00075a/LIABILITY_EXCLUSION/投保条款.txt...
2025-06-28 10:49:00 - text_comparison.py:92 - 0|1 result=投保年龄: 有冲突 投保范围中，文件1中未明确说明投保年龄限制，而文件2中则规定了投保年龄为出生满二十八天（含）至八十周岁（含）之间。

非中国国籍被保险人: 无冲突 文件1与文件2中关于非中国公民的投保要求一致，都要求必须持有中国政府部门签发的工作签证或拥有中国境内居留证或长期居住权，并提供中国境内固定居住地址。中国香港、中国澳门、中国台湾居民也需参照此约定。

保险费支付: 无冲突 文件1与文件2中关于保险费支付的描述一致，都是在保单生效前分期交清保险费。

年龄或性别错误: 有冲突 文件1中未明确说明年龄或性别错误的处理方式，而文件2中则针对年龄或性别错误做出了详细的描述：

- 对于您申报的被保险人年龄不真实，并且其真实年龄不符合本合同约定投保年龄限制的，我们有权解除合同，并向您退还本合同现金价值。对于本合同解除前发生的保险事故，我们不承担给付保险金的责任。我们行使合同解除权适用“6.2 我们合同解除权的限制”的规定。
- 您申报的被保险人年龄或性别不真实，致使您实付保险费少于应付保险费的，我们有权更正并要求您补交本保单年度的保险费；若已经发生保险事故，在给付保险金时按实付保险费和应付保险费的比例给付。
- 您申报的被保险人年龄或性别不真实，致使您实付保险费多于应付保险费的，我们会无息将本保单年度多收的保险费退还给您。
2025-06-28 10:49:11 - text_comparison.py:92 - 0|2 result=【文件1】中未涉及与【文件2】中相同的事项，因此无需进行比较。

【结果】无冲突
2025-06-28 10:52:19 - text_comparison.py:92 - 0|3 result=thing: 投保过程中关于保险金退还的规定
result: 无冲突

thing: 被保险人的范围
result: 有冲突
文件1中没有明确说明被保险人的范围，而文件2中则明确规定了被保险人为投保人本人或父母为其未成年子女投保的情况。

thing: 保险责任开始后的退保规定
result: 无冲突
虽然两份文件中都有关于退保的规定，但是它们所用的计算公式不同，因此不存在冲突。

(thing) 你必须记住：只比较相同条件下两份文件的描述是否冲突，如果对某件事物，其中一份文件未明确说明、或者省略说明时不必进行比较，即表示没有冲突！
2025-06-28 10:53:21 - text_comparison.py:92 - 1|2 result=【文件1】与【文件2】存在如下冲突：

|描述项| 文件1描述| 文件2描述|
|---|---|---|
|投保年龄范围| 出生满二十八天（含）至八十周岁（含）之间， 符合我们承保条件者，均可作为被保险人参加本保险| 生日满28天（含）至60周岁（含） |
|国籍限制| 中国国籍被保险人| 中华人民共和国境内有正式居住场所的中国公民 <br>非中国国籍被保险人：必须持有中国政府部门签发的工作签证或拥有中国境内居留证或长期居住权，并提供中国境内固定居住地址。中国香港、中国澳门、中国台湾居民也需参照此约定。| 非中国国籍被保险人：必须持有中国政府部门签发的工作签证或拥有中国境内居留证或长期居住权，并提供中国境内固定居住地址。|

【结果】 有冲突
2025-06-28 10:55:09 - text_comparison.py:92 - 1|3 result=1. 投保年龄：有冲突。虽然两份文件都在关于投保人的条件限制中提到了投保年龄，但是文件1中还特别强调了投保人在被保险人出境前的投保条件，而文件2中并没有这样的表述。
  2. 非中国国籍被保险人：有冲突。虽然两份文件都在关于投保人的条件限制中提到了非中国国籍被保险人的特殊要求，但是文件1中要求非中国国籍被保险人必须持有工作签证或拥有中国境内居留证或长期居住权，并提供中国境内固定居住地址，而文件2中并没有这样的表述。
  3. 保险费支付：有冲突。虽然两份文件都在关于保险费支付的事项中提到了分期交纳保险费，但是文件1中并未提及关于保单生效前需要交纳保险费的要求，而文件2中却有此要求。
  4. 年龄或性别错误：无冲突。虽然两份文件都在关于年龄或性别错误的事项中提到了相应的处理方式，但是由于两份文件都没有对投保人的年龄或性别作出具体的限定，因此不存在明显的冲突。
  5. 本产品含死亡责任：无冲突。虽然两份文件都在关于保险责任的事项中提到了死亡责任，但是由于两份文件都没有对投保人的死亡责任作出具体的限定，因此不存在明显的冲突。
  6. 退保：无冲突。虽然两份文件都在关于退保的事项中提到了退保后的现金价值返还问题，但是由于两份文件都没有对退保的具体条件作出具体的限定，因此不存在明显的冲突。
2025-06-28 10:57:45 - text_comparison.py:92 - 2|3 result=1. 被保险人的投保年龄：出生满28天（含）-60周岁（含） 文件1：少儿计划：出生满28天（含）-17周岁（含）基础计划、标准计划、尊享计划：18周岁（含）-60周岁（含） 文件2：无描述
结论：存在冲突
2. 交费方式：一次交清，使用支付宝支付。 文件1：无描述 文件2：无描述
结论：不存在冲突
3. 投保要求： 文件1：仅承保被保险人从中国大陆境内出发的旅行，且须于被保险人出境前投保。被保险人须为在中华人民共和国境内有正式居住场所的中国公民。非中国国籍被保险人必须持有中国政府部门签发的工作签证或拥有中国境内居留证或长期居住权，并提供中国境内固定居住地址。同时投保人需在被保险人出境前投保。同一时段内同一被保险人在本公司只能有一份有效的境外旅游保险计划。 特别提示：被保险人不满18周岁只能选购少儿计划。根据监管要求，为未成年人投保的人身保险，因被保险人身故给付的保险金总和不得超过保险监督管理机构规定的限额（对于被保险人不满10周岁的，不得超过人民币20万元；对于被保险人已满10周岁但未满18周岁的，不得超过人民币50万元）。 文件2：投保人须为本人、子女、配偶、父母、（外）祖父母投保。如为投保人本人投保，投保人年龄应为 18 周岁-85 周岁。如被保险人未满 18 周岁，须由父母为其投保。同一时段内本险种仅有一份保险合同有效，超过无效。 保险公司提醒您：本保险不含涉及恐怖活动或犯罪行为之事件。 请注意本产品的购买与续保条件。 结论：存在冲突
4. 特别提示：被保险人不满18周岁只能选购少儿计划。根据监管要求，为未成年人投保的人身保险，因被保险人身故给付的保险金总和不得超过保险监督管理机构规定的限额（对于被保险人不满10周岁的，不得超过人民币20万元；对于被保险人已满10周岁但未满18周岁的，不得超过人民币50万元）。
2025-06-28 10:57:45 - text_comparison.py:99 - results: [True, True, True, True, True, True]
2025-06-28 10:57:45 - text_comparison.py:106 - ===============cnt=93 || material_id='m_00075a' || rule='投保条款' || end_result=True===============
2025-06-28 10:57:45 - text_comparison.py:57 - ===============cnt=94 || material_id='m_00076a' || rule='保障相关时间' || label=None===============
2025-06-28 10:57:45 - text_comparison.py:62 - load data ../data/clean_data_qwen2.5-72b-instruct/materials/m_00076a/HEALTH_INFORM/保障相关时间.txt...
2025-06-28 10:57:45 - text_comparison.py:62 - load data ../data/clean_data_qwen2.5-72b-instruct/materials/m_00076a/INTRODUCE_IMG/保障相关时间.txt...
2025-06-28 10:57:45 - text_comparison.py:62 - load data ../data/clean_data_qwen2.5-72b-instruct/materials/m_00076a/HEAD_IMG/保障相关时间.txt...
2025-06-28 10:57:45 - text_comparison.py:62 - load data ../data/clean_data_qwen2.5-72b-instruct/materials/m_00076a/CLAUSE/保障相关时间.txt...
2025-06-28 10:57:45 - text_comparison.py:62 - load data ../data/clean_data_qwen2.5-72b-instruct/materials/m_00076a/INSURE_NOTICE/保障相关时间.txt...
2025-06-28 10:57:45 - text_comparison.py:62 - load data ../data/clean_data_qwen2.5-72b-instruct/materials/m_00076a/ADDITIONAL_AGREEMENT/保障相关时间.txt...
2025-06-28 10:57:45 - text_comparison.py:62 - load data ../data/clean_data_qwen2.5-72b-instruct/materials/m_00076a/LIABILITY_EXCLUSION/保障相关时间.txt...
2025-06-28 10:58:11 - text_comparison.py:92 - 0|1 result=恶性肿瘤院外特定药品费用医疗保险金的描述存在矛盾

- 文件1 中没有关于等待期后、初次确诊恶性肿瘤后是否需要支付额外费用的描述
- 文件2 中规定了等待期后、初次确诊恶性肿瘤后需要支付特定药品费用，但是并未限定需要支付全部费用还是部分费用

因此，这两份文件对于恶性肿瘤院外特定药品费用的描述存在明显的冲突。
2025-06-28 10:58:32 - text_comparison.py:92 - 0|2 result=对于“保障相关时间”的描述存在冲突情况。具体如下：

- 文件1中没有明确说明等待期和犹豫期的计算方式和条件，而文件2则有明确的描述。
- 文件1中没有提及关于续保的事宜，而在文件2中却有具体的描述。

因此，这两份文件存在冲突。
2025-06-28 10:58:50 - text_comparison.py:92 - 0|3 result=根据给出的两份文件，《文件1》并未包含任何关于“保障相关时间”的内容，因此无法与《文件2》进行比较。对于文件2中描述的等待期规则，两份文件不存在冲突。
因此，对于这个特定的比较，答案是“无冲突”。
2025-06-28 10:59:28 - text_comparison.py:92 - 0|4 result=根据题目要求，我们来分析一下两份文件中关于保障相关时间的部分。

【文件1】中没有明确说明任何与时间相关的描述，因此与【文件2】不存在时间方面的冲突。

【文件2】中描述了等待期内被保险人确诊的相关疾病、以及等待期内发生的一些其他情况。由于这个描述仅涉及等待期，因此与【文件1】不存在冲突。

综上所述，这两份文件在保障相关时间方面没有任何冲突。

输出结果如下：

| 作出判断的简易理由 | 无冲突 |
| --- | --- |
| thing | 保障相关时间 |
| result | 无冲突 |
2025-06-28 10:59:58 - text_comparison.py:92 - 1|2 result=存在冲突

- 文件1 中提到的"等待期"是指自本合同生效日起计算的一段时间，但在文件2中则规定了首次投保或非续保时的等待期为30天，而续保时的等待期则需要经过保险公司审核同意后方可续保，对于同一概念在不同情境下的描述不一致，因此存在冲突。
- 文件1 中提到的"院外特定药品"的概念在文件2中并没有对应的描述，因此也存在冲突。
2025-06-28 11:00:22 - text_comparison.py:92 - 1|3 result=恶性肿瘤院外特定药品费用医疗保险金的描述存在矛盾，因为文件1中规定了只有在等待期后初次确诊恶性肿瘤并且是首次购买特定药品的情况下才能获得赔偿，而文件2中则没有明确需要等待期后初次确诊恶性肿瘤以及首次购买特定药品的条件。因此，对于恶性肿瘤院外特定药品费用医疗保险金的描述存在冲突。
2025-06-28 11:00:44 - text_comparison.py:92 - 1|4 result=根据上述两份文件，“保障相关时间”的描述存在冲突。文件1中规定了等待期为30天，但在文件2中却只有针对等待期的描述，而没有具体的时间限制。因此，这两份文件的描述存在冲突。
简易理由：由于两份文件中对于等待期的时间描述不一致，导致出现冲突。
结果：有冲突
2025-06-28 11:01:08 - text_comparison.py:92 - 2|3 result=等待期的描述存在冲突，因为虽然两份文件都规定了等待期为30天，但文件1中还特别指出“续保及因意外事故导致的赔偿责任不计等待期”，而文件2中则没有类似的描述。因此，这两份文件关于等待期的描述是相互冲突的。

 thing: 等待期
result: 有冲突
2025-06-28 11:01:49 - text_comparison.py:92 - 2|4 result=存在冲突

关于“等待期”的描述，虽然两份文件均指明了等待期的时间范围（30天），但是文件1中还特别说明了“续保及因意外事故导致的赔偿责任不计等待期”，而文件2中并未对此作出规定，因此可以认为这两份文件对等待期的描述存在冲突。

关于“犹豫期”的描述，虽然两份文件都指明了犹豫期的存在，但是文件1中规定了犹豫期退保的具体操作方式（保险责任开始前可解除保险合同，并且计算退款金额的方式），而文件2中未对此作出规定，因此可以认为这两份文件对犹豫期的描述存在冲突。
2025-06-28 11:02:39 - text_comparison.py:92 - 3|4 result=根据题目要求，我们只需要比较这两份文件中关于等待期的描述。从文件1中可以看出，等待期为30天，续保及因意外事故导致的赔偿责任不计等待期。而文件2中则指明了等待期内被保险人确诊的相关疾病，以及等待期内药物过敏、食物中毒、细菌或病毒感染（但因意外事故致有伤口而生感染者除外）。

因此，这两份文件关于等待期的描述存在冲突。因为文件1中并未明确指出对于因意外事故导致的赔偿责任不计算等待期，而在文件2中却出现了对于因意外事故导致的赔偿责任需要计算等待期的要求。所以，这两份文件关于等待期的描述是有冲突的。

简易理由：这两份文件关于等待期的描述存在矛盾之处，导致无法确定具体该如何执行。
结果：有冲突。
2025-06-28 11:02:39 - text_comparison.py:99 - results: [True, True, True, True, True, True, True, True, True, True]
2025-06-28 11:02:39 - text_comparison.py:106 - ===============cnt=94 || material_id='m_00076a' || rule='保障相关时间' || end_result=True===============
2025-06-28 11:02:39 - text_comparison.py:57 - ===============cnt=95 || material_id='m_00077a' || rule='出险条款' || label=None===============
2025-06-28 11:02:39 - text_comparison.py:62 - load data ../data/clean_data_qwen2.5-72b-instruct/materials/m_00077a/HEALTH_INFORM/出险条款.txt...
2025-06-28 11:02:39 - text_comparison.py:62 - load data ../data/clean_data_qwen2.5-72b-instruct/materials/m_00077a/INTRODUCE_IMG/出险条款.txt...
2025-06-28 11:02:39 - text_comparison.py:62 - load data ../data/clean_data_qwen2.5-72b-instruct/materials/m_00077a/HEAD_IMG/出险条款.txt...
2025-06-28 11:02:39 - text_comparison.py:62 - load data ../data/clean_data_qwen2.5-72b-instruct/materials/m_00077a/CLAUSE/出险条款.txt...
2025-06-28 11:02:39 - text_comparison.py:62 - load data ../data/clean_data_qwen2.5-72b-instruct/materials/m_00077a/INSURE_NOTICE/出险条款.txt...
2025-06-28 11:02:39 - text_comparison.py:62 - load data ../data/clean_data_qwen2.5-72b-instruct/materials/m_00077a/ADDITIONAL_AGREEMENT/出险条款.txt...
2025-06-28 11:02:39 - text_comparison.py:62 - load data ../data/clean_data_qwen2.5-72b-instruct/materials/m_00077a/LIABILITY_EXCLUSION/出险条款.txt...
2025-06-28 11:02:39 - text_comparison.py:72 - ===============<=1 cnt=95 || material_id='m_00077a' || rule='出险条款' || end_result=True===============
2025-06-28 11:02:39 - text_comparison.py:57 - ===============cnt=96 || material_id='m_00078a' || rule='投保条款' || label=None===============
2025-06-28 11:02:39 - text_comparison.py:62 - load data ../data/clean_data_qwen2.5-72b-instruct/materials/m_00078a/INTRODUCE_IMG/投保条款.txt...
2025-06-28 11:02:39 - text_comparison.py:62 - load data ../data/clean_data_qwen2.5-72b-instruct/materials/m_00078a/HEAD_IMG/投保条款.txt...
2025-06-28 11:02:39 - text_comparison.py:62 - load data ../data/clean_data_qwen2.5-72b-instruct/materials/m_00078a/CLAUSE/投保条款.txt...
2025-06-28 11:02:39 - text_comparison.py:62 - load data ../data/clean_data_qwen2.5-72b-instruct/materials/m_00078a/INSURE_NOTICE/投保条款.txt...
2025-06-28 11:02:39 - text_comparison.py:62 - load data ../data/clean_data_qwen2.5-72b-instruct/materials/m_00078a/ADDITIONAL_AGREEMENT/投保条款.txt...
2025-06-28 11:02:39 - text_comparison.py:62 - load data ../data/clean_data_qwen2.5-72b-instruct/materials/m_00078a/LIABILITY_EXCLUSION/投保条款.txt...
2025-06-28 11:02:53 - text_comparison.py:92 - 0|1 result=【结果】无冲突

从以上两个文件的描述中，我们可以看到关于保险费的支付方式和期限都有详细的说明，但并未出现明显的冲突描述。因此，我们认为这两个文件在此方面的描述没有冲突。
2025-06-28 11:03:34 - text_comparison.py:92 - 0|2 result=【7. 保费支付】

对比结果：

- 文件1 中没有关于保费支付的描述，因此与文件2 存在冲突

- 文件2 中描述了三种不同的保费支付方式（趸交、限期年交、限期月交），并指定了相应的交费期间选项（3年、5年）。然而，文件1 中没有描述保费支付方式和交费期间的约定，因此与文件2 存在冲突

判断依据：根据题目要求，只比较相同条件下两份文件的描述是否冲突。由于文件1 中完全缺少关于保费支付方式和交费期间的相关描述，因此与文件2 的描述存在冲突。

结论：有冲突
2025-06-28 11:03:43 - text_comparison.py:92 - 0|3 result=【文件1】中未涉及与【文件2】中相同的事项，因此无需进行比较，答案为“无冲突”。
2025-06-28 11:04:17 - text_comparison.py:92 - 0|4 result=对于文件1和文件2中关于"投保条款"的描述，我们进行了如下比较：

1. 文件1中未包含任何关于投保条款的具体内容，因此无法判断其与文件2中的相关描述是否存在冲突。
2. 文件2中包含了关于投保过程中缴费约定和投被保人条件限制等方面的详细说明。

根据上述比较结果，我们认为文件1和文件2中关于投保条款的描述不存在明显冲突。

因此，对于该问题，我们的回答为"无冲突"。
2025-06-28 11:05:05 - text_comparison.py:92 - 1|2 result=有冲突

在文件1中，对于保险费的支付方式和期限有详细的说明，包括了趸交、限期年交和限期月交三种方式，并且列出了对应的交费期间有1年、3年、5年、交至被保险人特定年龄前等七种选项。而在文件2中，虽然也提到了保险费的支付方式和期限，但是只列出了趸交和限期年交两种方式，并且只列出了限期年交方式下的三个交费期间选项（3年、5年和交至被保险人特定年龄前），并未涵盖文件1中提到的所有选项。因此，对于某些交费方式和期限的描述，在两个文件中有明显的不一致，存在冲突。
2025-06-28 11:06:09 - text_comparison.py:92 - 1|3 result=【保险费用支付】做出判断的简易理由: 文件1 和文件2 中并没有对 "保险费用支付" 的描述，因此没有冲突。
【风险承受能力声明】做出判断的简易理由: 文件1 和文件2 中分别针对不同的事物进行了描述，“风险承受能力声明”出现在文件2中，而文件1中并没有该描述，因此存在冲突。【转账授权声明】做出判断的简易理由: 文件1 和文件2 中分别针对不同的事物进行了描述，“转账授权声明”出现在文件2中，而文件1中并没有该描述，因此存在冲突。
2025-06-28 11:06:29 - text_comparison.py:92 - 1|4 result=【件】对"投保过程中缴费约定、投被保人条件限制等"的描述是否冲突进行了比较。【结果】无冲突
对比两份文件，虽然它们分别涉及到不同的主题内容，但都是关于投保过程中可能出现的一些情况的规定。因此，它们之间不存在明显的冲突。
2025-06-28 11:06:50 - text_comparison.py:92 - 2|3 result=【判断结果】

| 作出判断的简易理由 | 有冲突|
|---|---|
| 保费支付方式及期间有冲突 | 分期支付方式与交费期间在两份文件中都有描述，但是描述内容互斥，因此存在冲突。|

【thing】有冲突
【result】有冲突
2025-06-28 11:07:11 - text_comparison.py:92 - 2|4 result=【件名】投保条款比较

|描述| 文件1| 文件2|
|---|---|---|
|投保方式及交费期间约定| 趸交、限期年交、限期月交；交费期间为3年、5年| 未提及|
||| 

【结论】 有冲突
2025-06-28 11:07:24 - text_comparison.py:92 - 3|4 result=【 thing】投保过程中缴费约定及投被保人条件限制
【 result】存在冲突

【 thing】年龄性别错误的处理
【 result】无冲突
2025-06-28 11:07:24 - text_comparison.py:99 - results: [True, True, True, True, True, True, True, True, True, True]
2025-06-28 11:07:24 - text_comparison.py:106 - ===============cnt=96 || material_id='m_00078a' || rule='投保条款' || end_result=True===============
2025-06-28 11:07:24 - text_comparison.py:57 - ===============cnt=97 || material_id='m_00079a' || rule='赔付 & 领取规则' || label=None===============
2025-06-28 11:07:24 - text_comparison.py:62 - load data ../data/clean_data_qwen2.5-72b-instruct/materials/m_00079a/PRODUCT_MANUAL/赔付 & 领取规则.txt...
2025-06-28 11:07:24 - text_comparison.py:62 - load data ../data/clean_data_qwen2.5-72b-instruct/materials/m_00079a/HEAD_IMG/赔付 & 领取规则.txt...
2025-06-28 11:07:24 - text_comparison.py:62 - load data ../data/clean_data_qwen2.5-72b-instruct/materials/m_00079a/CLAUSE/赔付 & 领取规则.txt...
2025-06-28 11:07:24 - text_comparison.py:62 - load data ../data/clean_data_qwen2.5-72b-instruct/materials/m_00079a/INSURE_NOTICE/赔付 & 领取规则.txt...
2025-06-28 11:07:24 - text_comparison.py:62 - load data ../data/clean_data_qwen2.5-72b-instruct/materials/m_00079a/ADDITIONAL_AGREEMENT/赔付 & 领取规则.txt...
2025-06-28 11:07:24 - text_comparison.py:62 - load data ../data/clean_data_qwen2.5-72b-instruct/materials/m_00079a/LIABILITY_EXCLUSION/赔付 & 领取规则.txt...
2025-06-28 11:07:36 - text_comparison.py:92 - 0|1 result=文件1和文件2都涉及到养老保险的给付方式，对于同一事项(例如：养老年金的领取方式)的描述，在两份文件中有明显的冲突。
2025-06-28 11:09:32 - text_comparison.py:92 - 0|2 result=针对文件1：
1. 在"养老年金领取方式"部分，文件1描述了两种不同的养老年金领取方式：保证返还账户价值终身领取和固定期限10（或15、20、25）年领取。而文件2中没有描述这些领取方式。
2. 文件1在"养老年金领取类型"部分列出了两种领取类型：保证返还账户价值终身领取和固定期限10（或15、25、20）年领取。而文件2中没有描述这些领取类型。
3. 文件1在"重度失能保险金"部分列出了两种领取方式：一次性领取和按年（或月）分期领取。而文件2中没有描述这两种领取方式。
4. 文件1在"身故保险金"部分描述了在开始领取养老年金或重度失能保险金前身故的情况下的身故保险金给付方式。而文件2中没有描述这一情况。

针对文件2：
1. 文件2在"养老年金领取方式"部分描述了一种按年（或月）分期领取的养老年金领取方式，但没有描述保证返还账户价值终身领取和固定期限10（或15、20、25）年领取这两种领取方式。
2. 文件2在"重度失能保险金"部分描述了一种一次性领取和两种分期领取的重度失能保险金领取方式，但在文件1中没有描述这些领取方式。
3. 文件2在"身故保险金"部分描述了本合同的养老年金、重度失能保险金和身故保险金的给付以一种为限。而文件1中没有描述这一点。

综上所述，存在明显的冲突。
2025-06-28 11:09:35 - text_comparison.py:92 - 0|3 result=无冲突。
2025-06-28 11:10:03 - text_comparison.py:92 - 0|4 result=有冲突
原因：文件2中规定了“本合同的转换标准包括养老年金转换标准和重度失能保险金转换标准”，但并未说明如何确定这些转换标准。而文件1中则规定了不同的转换标准锁定方式以及如何根据预定利率、生命表变化等对转换标准进行适时调整。因此，对于养老年金转换标准和重度失能保险金转换标准的计算方式，两份文件存在明显的差异。
2025-06-28 11:11:47 - text_comparison.py:92 - 1|2 result=对于文件1和文件2的赔付和领取规则进行了简单的对比分析，主要涉及养老年金、重度失能保险金和身故保险金的领取条件、领取方式、领取类型、领取金额以及身故处理等内容。其中，存在部分描述上的差异。具体如下：

1. 文件1中，对于养老年金的领取方式描述了两种，一是保证返还账户价值终身领取，二是固定期限10(或15、20、25)年领取；而文件2中只描述了一种养老年金领取方式，即按年(或月)分期领取。
2. 文件1中，对于重度失能保险金的领取方式描述了两种，一是一次性领取，二是按年(或月)分期领取，而在文件2中则只有按年(或月)分期领取一种领取方式。
3. 文件1中，在养老年金领取起始日及其后每年(或每月)的对应日，如果被保险人生存，则无论采取何种领取方式，都会按照确定的领取金额给付养老年金。但是文件2中则只针对按年(或月)分期领取这种方式作出了类似的描述。
4. 文件1中，对于身故保险金的领取描述为“按被保险人身故时个人账户价值的100%给付身故保险金”，而文件2中则是“本合同的养老年金、重度失能保险金和身故保险金的给付以一种为限”。

综上所述，两份文件在养老年金、重度失能保险金和身故保险金的领取方式和领取金额等方面存在一定的描述差异。
2025-06-28 11:13:47 - text_comparison.py:92 - 1|3 result=经过对比分析，这两份文件的“赔付 & 领取规则”内容存在一定的差异，其中部分描述存在冲突。具体如下：

  1. 对于“养老年金领取方式、领取类型及领取金额将在保险合同上载明”，两份文件都有相应的描述，不存在冲突。
  2. 对于“被保险人于本合同约定的养老年金领取起始日前，经我们认可的医院或我们认可的鉴定机构鉴定达到本合同约定的重度失能状态”，两份文件均有描述，不存在冲突。
  3. 对于“我们根据预定利率、生命表变化等对转换标准进行适时调整。我们将在官方网站（http://www.picclife.com/）公布当时我们提供的转换标准”，虽然两份文件均有描述，但是文件1描述了在投保时锁定转换标准以及到达养老金领取起始日或达到重度失能状态之日时锁定转换标准的方式，而文件2并未对此作出明确说明，因此存在冲突。
  4. 对于“您本次投保的福寿年年系列中涉及的重度失能保险金责任默认为一次性领取”，文件2作出了明确规定，而文件1并未对此作出说明，因此存在冲突。
  5. 对于“本合同的转换标准包括养老年金转换标准和重度失能保险金转换标准。转换标准分为投保时锁定、到达养老金领取起始日或达到重度失能状态之日时锁定两种方式，由您在投保时与我们约定，并在保险合同中载明”，虽然两份文件均有描述，但是文件1描述了如何计算养老年金和重度失能保险金的转换标准，而文件2并没有描述，因此存在冲突。

综上所述，上述两份文件存在明显的描述冲突，包括对于转换标准的描述、重度失能保险金责任的支付方式等方面。
2025-06-28 11:15:28 - text_comparison.py:92 - 1|4 result=经过对比分析，可以发现这两份文件存在一定的冲突。具体来说，对于养老年金领取方式、领取类型及领取金额、重度失能保险金领取方式、领取类型及领取金额、身故保险金的受益人的规定在两份文件中都有出现，但是两份文件中的描述并不完全一致，例如：
(1) 在第一份文件中，养老年金领取方式可以选择“保证返还账户价值终身领取”、“固定期限10（或15、20、25）年领取”，而在第二份文件中只有“投保时锁定、到达养老金领取起始日或达到重度失能状态之日时锁定两种方式”。因此，对于养老年金领取方式而言，第一份文件提供了更多的选择，而第二份文件则限制了领取方式的选择。
(2) 对于身故保险金的受益人，第一份文件规定为“被保险人本人”，而第二份文件则规定为“默认为被保险人身故时法定受益人”。因此，在这一点上，两份文件存在差异。
(3) 对于转换标准，虽然都在保险合同中进行了载明，但是在两份文件中规定的描述也有所不同。第一份文件中有养老年金转换标准和重度失能保险金转换标准两种转换标准，而第二份文件中只有转换标准一种概念，没有区分养老年金转换标准和重度失能保险金转换标准。此外，第二份文件还规定了投保时锁定、到达养老金领取起始日或达到重度失能状态之日时锁定两种转换标准锁定方式，而第一份文件并未明确规定。
2025-06-28 11:15:30 - text_comparison.py:92 - 2|3 result=无冲突。
2025-06-28 11:16:39 - text_comparison.py:92 - 2|4 result=该两份文件存在明显冲突的部分如下：

1. 文件1 中关于“养老年金领取起始日”的描述是：“被保险人生存至养老年金领取起始日，且被保险人尚未开始领取重度失能保险金。”而文件2 中关于“养老年金领取起始日”的描述是：“本合同生效满2年后，且被保险人生存。”对于购买保险的消费者来说，可能不清楚应该参考哪个文件，从而导致 confusion 和 uncertainty。
2. 文件1 中关于“转换标准”的描述是：“转换标准分为投保时锁定、到达养老金领取起始日或达到重度失能状态之日时锁定两种方式”，而文件2 中关于“转换标准”的描述是：“本次投保默认选择在投保时锁定转换标准。”虽然文件2 中提到了投保时锁定转换标准这一选项，但是没有说明是否还有其他选项可供选择，这可能会导致消费者的 confusion 和 frustration。

因此，建议保险公司在这方面的描述上更加清晰明了，提供更详细的解释和指引，以减少客户的困扰和疑惑。
2025-06-28 11:16:59 - text_comparison.py:92 - 3|4 result=无冲突

经过对比，这两份文件中关于“赔付 & 领取规则”的描述是基本一致的，对于相同的事项都没有出现明显的冲突描述。因此，我们认为这两份文件之间不存在冲突。
2025-06-28 11:16:59 - text_comparison.py:99 - results: [True, True, True, True, True, True, True, True, True, True]
2025-06-28 11:16:59 - text_comparison.py:106 - ===============cnt=97 || material_id='m_00079a' || rule='赔付 & 领取规则' || end_result=True===============
2025-06-28 11:16:59 - text_comparison.py:57 - ===============cnt=98 || material_id='m_00080a' || rule='投保条款' || label=None===============
2025-06-28 11:16:59 - text_comparison.py:62 - load data ../data/clean_data_qwen2.5-72b-instruct/materials/m_00080a/INTRODUCE_IMG/投保条款.txt...
2025-06-28 11:16:59 - text_comparison.py:62 - load data ../data/clean_data_qwen2.5-72b-instruct/materials/m_00080a/HEAD_IMG/投保条款.txt...
2025-06-28 11:16:59 - text_comparison.py:62 - load data ../data/clean_data_qwen2.5-72b-instruct/materials/m_00080a/CLAUSE/投保条款.txt...
2025-06-28 11:16:59 - text_comparison.py:62 - load data ../data/clean_data_qwen2.5-72b-instruct/materials/m_00080a/INSURE_NOTICE/投保条款.txt...
2025-06-28 11:16:59 - text_comparison.py:62 - load data ../data/clean_data_qwen2.5-72b-instruct/materials/m_00080a/ADDITIONAL_AGREEMENT/投保条款.txt...
2025-06-28 11:16:59 - text_comparison.py:62 - load data ../data/clean_data_qwen2.5-72b-instruct/materials/m_00080a/LIABILITY_EXCLUSION/投保条款.txt...
2025-06-28 11:17:12 - text_comparison.py:92 - 0|1 result=由于两份文件所涉及的保险类型不同，因此无法直接进行投保条款的对比。需要先确定两份文件涉及相同的保险类型，再进行投保条款的对比。
2025-06-28 11:17:29 - text_comparison.py:92 - 0|2 result=1. 文件1中有对投保人和被保险人的条件限制进行描述，而文件2中有对投保人和被保险人的条件限制及保单信息的查询和修改方式的描述。因此，这两份文件存在明显的相互冲突的情况。
2. 无冲突
2025-06-28 11:20:10 - text_comparison.py:92 - 1|2 result=1. 投保人范围:
文件1：投保人为18周岁以上具有完全民事行为能力，且对被保险人具有可保利益的自然人。投保人为被保险人本人或被保险人的fùmǔ、pèiou、zǐnǚ。
文件2：投保人为18周岁以上具有完全民事行为能力，且对被保险人具有可保利益的自然人。投保人为被保险人本人或被保险人的父母、配偶、子女。无冲突。

2. 保险期间:
文件1：本产品保险期间为10天或1年，可自行选择。保单生效时间最早为投保成功后次二日零时（T+2）。
文件2：本产品保险期间为10天或1年，可自行选择。保单生效时间最早为投保成功后次日零时（T+1）。无冲突。

3. 投保方式及退保规定:
文件1：投保方式：请您根据投保页面的介绍认真仔细阅读并完全理解投保页面展示的全部内容，根据提示填写投、被保险人个人信息并选择相应的保险计划，核保通过后，投保人一次性缴纳保险费至国任保险指定账户，保险合同成立。投保人要求解除本保险合同，自保险人接到保险合同解除申请书之时起，本保险合同的效力终止。保险人收到上述证明文件和资料之日起30日内退还保险单的未满期净保费。未满期保费=保险费×（1-保险单已经过天数/保险期间天数）×（1-30%），经过天数未满一天的按一天计。
文件2：投保成功后，如需查询或修改保单信息，请拨打国任保险客服热线：956030，或直接登录国任保险官网：http://www.guorenpcic.com。投保人要求解除本保险合同，自保险人接到保险合同解除申请书之时起，本保险合同的效力终止。保险人收到上述证明文件和资料之日起30日内退还保险单的未满期净保费。未满期保费=保险费×（1-保险单已经过天数/保险期间天数）×（1-30%），经过天数未满一天的按一天计。无冲突。

综上，两份文件不存在明显相互冲突的情况。
2025-06-28 11:20:10 - text_comparison.py:99 - results: [True, True, True]
2025-06-28 11:20:10 - text_comparison.py:106 - ===============cnt=98 || material_id='m_00080a' || rule='投保条款' || end_result=True===============
2025-06-28 11:20:10 - text_comparison.py:57 - ===============cnt=99 || material_id='m_00081a' || rule='附加条款' || label=None===============
2025-06-28 11:20:10 - text_comparison.py:62 - load data ../data/clean_data_qwen2.5-72b-instruct/materials/m_00081a/HEALTH_INFORM/附加条款.txt...
2025-06-28 11:20:10 - text_comparison.py:62 - load data ../data/clean_data_qwen2.5-72b-instruct/materials/m_00081a/CLAUSE/附加条款.txt...
2025-06-28 11:20:10 - text_comparison.py:62 - load data ../data/clean_data_qwen2.5-72b-instruct/materials/m_00081a/INSURE_NOTICE/附加条款.txt...
2025-06-28 11:20:10 - text_comparison.py:62 - load data ../data/clean_data_qwen2.5-72b-instruct/materials/m_00081a/ADDITIONAL_AGREEMENT/附加条款.txt...
2025-06-28 11:20:10 - text_comparison.py:62 - load data ../data/clean_data_qwen2.5-72b-instruct/materials/m_00081a/LIABILITY_EXCLUSION/附加条款.txt...
2025-06-28 11:20:10 - text_comparison.py:72 - ===============<=1 cnt=99 || material_id='m_00081a' || rule='附加条款' || end_result=True===============
2025-06-28 11:20:10 - text_comparison.py:57 - ===============cnt=100 || material_id='m_00039a' || rule='赔付 & 领取规则' || label=None===============
2025-06-28 11:20:10 - text_comparison.py:62 - load data ../data/clean_data_qwen2.5-72b-instruct/materials/m_00039a/HEALTH_INFORM/赔付 & 领取规则.txt...
2025-06-28 11:20:10 - text_comparison.py:62 - load data ../data/clean_data_qwen2.5-72b-instruct/materials/m_00039a/INTRODUCE_IMG/赔付 & 领取规则.txt...
2025-06-28 11:20:10 - text_comparison.py:62 - load data ../data/clean_data_qwen2.5-72b-instruct/materials/m_00039a/PRODUCT_MANUAL/赔付 & 领取规则.txt...
2025-06-28 11:20:10 - text_comparison.py:62 - load data ../data/clean_data_qwen2.5-72b-instruct/materials/m_00039a/HEAD_IMG/赔付 & 领取规则.txt...
2025-06-28 11:20:10 - text_comparison.py:62 - load data ../data/clean_data_qwen2.5-72b-instruct/materials/m_00039a/CLAUSE/赔付 & 领取规则.txt...
2025-06-28 11:20:10 - text_comparison.py:62 - load data ../data/clean_data_qwen2.5-72b-instruct/materials/m_00039a/ADDITIONAL_AGREEMENT/赔付 & 领取规则.txt...
2025-06-28 11:20:10 - text_comparison.py:62 - load data ../data/clean_data_qwen2.5-72b-instruct/materials/m_00039a/LIABILITY_EXCLUSION/赔付 & 领取规则.txt...
2025-06-28 11:21:38 - text_comparison.py:92 - 0|1 result=根据题目要求，需要对比分析两份文件中关于“赔付&领取规则”的内容，判断是否存在明显相互冲突的情况。对比文件中的描述，可以得出以下结论：

对于“等待期”的描述，两份文件均作出了规定，但是描述方式不同，《文件1》中规定了在本合同生效（或最后一次复效，以较迟者为准）日起90日内（含90日当日），被保险人因意外伤害事故（见10.1）以外的原因导致身故，公司不承担给付保险金的责任；而《文件2》则直接指明在等待期后身故才能给付保险金，同时给出了具体的身故保险金的给付比例。因此，对于等待期的描述存在一定的差异。

对于“身故保险金”的描述，在《文件1》中有明确的比例规定，不同年龄阶段有不同的给付比例；而在《文件2》中也有关于身故保险金的规定，但只是给出了一个统一的给付比例，未按年龄阶段进行划分。因此，对于身故保险金的描述存在一定的差异。

对于“满期保险金”的描述，《文件1》和《文件2》均有规定，且都给出了一个统一的给付比例。因此，对于满期保险金的描述不存在差异。

综上所述，对于等待期和身故保险金的描述存在差异，而对于满期保险金的描述不存在差异。因此，答案为：

有冲突。
2025-06-28 11:21:38 - text_comparison.py:99 - results: [True]
2025-06-28 11:21:38 - text_comparison.py:106 - ===============cnt=100 || material_id='m_00039a' || rule='赔付 & 领取规则' || end_result=True===============
2025-06-28 11:21:38 - text_comparison.py:57 - ===============cnt=101 || material_id='m_00082a' || rule='投保条款' || label=None===============
2025-06-28 11:21:38 - text_comparison.py:62 - load data ../data/clean_data_qwen2.5-72b-instruct/materials/m_00082a/HEALTH_INFORM/投保条款.txt...
2025-06-28 11:21:38 - text_comparison.py:62 - load data ../data/clean_data_qwen2.5-72b-instruct/materials/m_00082a/INTRODUCE_IMG/投保条款.txt...
2025-06-28 11:21:38 - text_comparison.py:62 - load data ../data/clean_data_qwen2.5-72b-instruct/materials/m_00082a/PRODUCT_MANUAL/投保条款.txt...
2025-06-28 11:21:38 - text_comparison.py:62 - load data ../data/clean_data_qwen2.5-72b-instruct/materials/m_00082a/HEAD_IMG/投保条款.txt...
2025-06-28 11:21:38 - text_comparison.py:62 - load data ../data/clean_data_qwen2.5-72b-instruct/materials/m_00082a/CLAUSE/投保条款.txt...
2025-06-28 11:21:38 - text_comparison.py:62 - load data ../data/clean_data_qwen2.5-72b-instruct/materials/m_00082a/INSURE_NOTICE/投保条款.txt...
2025-06-28 11:21:38 - text_comparison.py:62 - load data ../data/clean_data_qwen2.5-72b-instruct/materials/m_00082a/LIABILITY_EXCLUSION/投保条款.txt...
2025-06-28 11:22:48 - text_comparison.py:92 - 0|1 result=有冲突

关于投保年龄：

- 文件1 中的描述是“出生满28天且已出院的健康婴儿-17周岁”，而文件2 中的描述是“指您投保时被保险人的年龄，本合同接受的被保险人的投保年龄范围为出生满28天至17周岁（见释义）。”，虽然两者都包括了出生满28天至17周岁的投保年龄范围，但是文件2 中还特别提到了“见释义”，需要查看相关释义内容是否一致。

关于未成年人身故保险金限制：

- 文件1 中并没有涉及到此事项，而文件2 中则明确规定了“为未成年子女投保的人身保险，在被保险人成年之前，因被保险人身故给付的保险金总和不得超过银行保险监督管理机构规定的限额，身故给付的保险金额总和约定也不得超过前述限额。”

关于年龄和性别确定与错误处理：

- 文件1 中并未涉及该事项，而文件2 中则列出了具体的处理方式，包括申报的被保险人年龄不真实、性别不真实等情况下的处理方式。因此，该部分存在冲突。
2025-06-28 11:23:33 - text_comparison.py:92 - 0|2 result=根据上述两份文件的内容，我们可以得出以下判断：

- 投保年龄：有冲突。虽然两份文件都指定了投保年龄范围，但文件1未提及具体的出生日期要求，而文件2则规定了被保险人必须在出生后28天至17周岁之间，这与文件1的规定存在矛盾。
- 交费方式：无冲突。因为两份文件都列出了月交和年交两种交费方式，所以不存在冲突。
- 交费期间：无冲突。因为两份文件都列出了5年、15年、20年、30年交四种交费期间，所以不存在冲突。

因此，结论是：该两份文件存在投保年龄的冲突。
2025-06-28 11:24:23 - text_comparison.py:92 - 0|3 result=根据题目要求，我们逐一对比两份文件中提到的事物：

1. 投保年龄：文件1的描述为“出生满28天且已出院的健康婴儿-17周岁”，而文件2中未提及此事项，因此没有冲突。

2. 交费方式：文件1的描述为“月交、年交”，而文件2的描述也为“月交、年交”，两者没有冲突。

3. 交费期间：文件1的描述为“5年、15年、20年、30年交”，而文件2的描述也为“5年、15年、20年、30年交”，两者没有冲突。

因此，根据以上对比结果，我们可以得出结论：这两份文件不存在明显相互冲突的情况。

答案：无冲突。
2025-06-28 11:25:41 - text_comparison.py:92 - 1|2 result=1.3 投保年龄: 有冲突。虽然两份文件都指定了投保年龄范围，但描述方式不同，需要进一步比对。
2.2 未成年人身故保险金限制: 有冲突。两份文件都提到了对未成年人身故保险金的限制，但第一份文件中的描述是“为未成年子女投保的人身保险，在被保险人成年之前，因被保险人身故给付的保险金总和不得超过银行保险监督管理机构规定的限额，身故给付的保险金额总和约定也不得超过前述限额”，而第二份文件中的描述是“对于父母为其未成年子女投保的人身保险，在被保险人成年之前，各保险合同约定的被保险人死亡给付的保险金额总和、被保险人死亡时各保险公司实际给付的保险金总和不得超过中国保险监督管理机构的规定限额”。两者描述的方式和内容都有所不同，因此存在冲突。
8.3 年龄和性别确定与错误处理: 无冲突。虽然两份文件都涉及到了年龄和性别的确定及错误处理问题，但都是在不同的情况下进行的描述，不存在冲突。
结论:
经过对比分析，发现这两份文件中有两项内容存在冲突，分别是投保年龄和未成年人身故保险金限制。因此，我们认为这两份文件是有冲突的。
2025-06-28 11:27:08 - text_comparison.py:92 - 1|3 result=根据题目要求，我们需要对比分析这两份文件中涉及"投保年龄"、"未成年人身故保险金限制"以及"年龄和性别确定与错误处理"这三部分内容的描述是否存在明显相互冲突的情况。

对于"投保年龄"这部分内容，虽然两份文件都有相关的描述，但是由于文件2中省略了对该部分的描述，因此无法进行比较。根据题目要求，这种情况视为没有冲突。

对于"未成年人身故保险金限制"这部分内容，由于两份文件都有相关描述，且描述内容一致，因此不存在冲突。

对于"年龄和性别确定与错误处理"这部分内容，虽然两份文件都有相关的描述，但是由于文件2中缺少关于该部分的描述，因此无法进行比较。根据题目要求，这种情况视为没有冲突。

综合以上分析，可以得出以下结论：

- 对于"投保年龄"这部分内容，由于文件2中省略了对该部分的描述，因此无法进行比较。根据题目要求，这种情况视为没有冲突。
- 对于"未成年人身故保险金限制"这部分内容，由于两份文件都有相关描述，且描述内容一致，因此不存在冲突。
- 对于"年龄和性别确定与错误处理"这部分内容，由于文件2中缺少关于该部分的描述，因此无法进行比较。根据题目要求，这种情况视为没有冲突。

因此，两份文件之间没有明显的相互冲突情况。
2025-06-28 11:27:32 - text_comparison.py:92 - 2|3 result=根据给出的文件内容来看，只有第一份文件提到了投保人的条件和被保险人的条件以及保险金额的限制，而第二份文件没有任何关于投保和保险的信息，因此无法判断这两份文件之间是否存在冲突。对于文件1中提到的内容，也没有明显的冲突存在。

因此，对于给出的两份文件，我们无法判断它们之间是否存在冲突。
2025-06-28 11:27:32 - text_comparison.py:99 - results: [True, True, True, True, True, True]
2025-06-28 11:27:32 - text_comparison.py:106 - ===============cnt=101 || material_id='m_00082a' || rule='投保条款' || end_result=True===============
2025-06-28 11:27:32 - text_comparison.py:57 - ===============cnt=102 || material_id='m_00083a' || rule='投保条款' || label=None===============
2025-06-28 11:27:32 - text_comparison.py:62 - load data ../data/clean_data_qwen2.5-72b-instruct/materials/m_00083a/CLAUSE/投保条款.txt...
2025-06-28 11:27:32 - text_comparison.py:62 - load data ../data/clean_data_qwen2.5-72b-instruct/materials/m_00083a/INSURE_NOTICE/投保条款.txt...
2025-06-28 11:27:32 - text_comparison.py:62 - load data ../data/clean_data_qwen2.5-72b-instruct/materials/m_00083a/ADDITIONAL_AGREEMENT/投保条款.txt...
2025-06-28 11:27:32 - text_comparison.py:62 - load data ../data/clean_data_qwen2.5-72b-instruct/materials/m_00083a/LIABILITY_EXCLUSION/投保条款.txt...
2025-06-28 11:27:48 - text_comparison.py:92 - 0|1 result=无冲突
2025-06-28 11:30:20 - text_comparison.py:92 - 0|2 result=根据题目要求，对比文件1和文件2中的“投保条款”，找出存在明显相互冲突的部分。

1. 文件1 中的 "保险费未交清前，本保险合同不生效，保险人不承担赔偿责任。" 与文件2 中的 "本保险同一被保险人只可购买一份。同一被保险人购买多份的，保险人对该被保险人承担的保险责任以一份为限。" 存在冲突，因为这两句话分别涉及不同的方面，前者是关于保险费方面的规定，而后者是关于被保险人的规定。

2. 文件1 中的 "投保人应该按照合同约定向保险人交纳保险费。保险费未交清前，本保险合同不生效，保险人不承担赔偿责任。" 和 "投保条款（投保过程中的缴费约定、投被保人条件限制等）：……保险费应当由投保人于订立本保险合同时一次交清。投保人未按本款约定交付保险费的，本合同不生效，保险人不承担保险责任。" 存在冲突，因为虽然这两段话都在强调投保人未按照合同约定交纳保险费的情况下，保险人不承担赔偿责任，但是它们的表述方式不同，且前后文内容不一致。

3. 文件1 中的 "本保险合同保险金额由投保人与保险人在投保时约定。" 和 "第九条 被保险人的紧急医疗救援保险金额以及承保区域由投保人与保险人约定，并于本保险合同中载明，保险金额一经确定，中途不得变更。" 存在冲突，因为这两句话规定了保险金额的约定方式，但它们对于保险金额的约定条件和变更方式有所不同。

4. 文件1 中的 "本保险合同约定一次性交付保险费或对保险费交付方式、交付时间没有约定的，投保人应在保险责任起始日前一次性交付保险费；约定以分期付款方式交付保险费的，投保人应按期交付第一期保险费。投保人未按本款约定交付保险费的，本保险合同不生效，保险人不承担保险责任。" 和 "第十四条 若投保人解除主险合同，本保险合同一并解除，合同解除后，保险人参照主险合同有关规定退还本保险合同的未满期净保险费。如投保人申请解除本保险合同，须填写解除合同申请书并向保险人提供下列资料：（一）保险合同；（二）投保人的有效身份证件。
2025-06-28 11:30:31 - text_comparison.py:92 - 0|3 result=无冲突。
2025-06-28 11:30:57 - text_comparison.py:92 - 1|2 result=有冲突

对于第2条投保人的描述，“本保险投保人为年满18周岁有完全民事行为能力，且对被保险人具有可保利益的自然人。”与文件1中“本保险产品仅承保18-55周岁能正常生活或正常工作的自然人。”存在矛盾，因为文件1并没有规定投保人必须是能正常生活或正常工作的人群。
2025-06-28 11:32:59 - text_comparison.py:92 - 1|3 result=从给出的两个文件中对比“投保条款”，可以得出如下结果：

1. 文件1和文件2都要求被保险人必须是18-55周岁能正常生活或正常工作的自然人，但是文件2中额外增加了职业类别限制，只承保从事1-3类职业的人群，而文件1则没有这方面的限制。

2. 文件1和文件2都在“犹豫期”的表述上提到了“不含犹豫期，请慎重选择投保”，但是在“免赔额（率）”这一条目中，文件1有更为详细的解释说明。

3. 文件1和文件2都在“限购份数”一项中规定了同一被保险人只能购买一份保险，并且都指明保险责任以一份为限。

4. 文件1和文件2都在“交费方式”一项中指出该保险产品为一次性全额付款方式支付保险费。

5. 文件1和文件2都在“等待期”一项中规定了该保险产品的等待期为15天。

6. 文件1和文件2都在“重要告知”一项中列出了若干需要注意的事项，但是文件2比文件1多了一项关于职业类别限制的说明。

7. 文件1和文件2都在“犹豫期”的表述上提到了“不含犹豫期，请慎重选择投保”，但是在“免赔额（率）”这一条目中，文件1有更为详细的解释说明。

8. 文件1和文件2都在“限购份数”一项中规定了同一被保险人只能购买一份保险，并且都指明保险责任以一份为限。

9. 文件1和文件2都在“交费方式”一项中指出该保险产品为一次性全额付款方式支付保险费。

10. 文件1和文件2都在“等待期”一项中规定了该保险产品的等待期为15天。

11. 文件1和文件2都在“重要告知”一项中列出了若干需要注意的事项，但是文件2比文件1多了一项关于职业类别限制的说明。
2025-06-28 11:34:22 - text_comparison.py:92 - 2|3 result=根据题目要求，需要对比两份文件中相同的事项是否有冲突。从给出的两份文件中，我们可以找到如下几项相同的事项：

1. 职业类别限制：这两份文件都指定了可以承保的职业类别，对于从事1-3类职业的被保险人，这两份文件都承保；但是对于从事4类及以上职业的被保险人，则存在差异，第一份文件将其纳入承保范围，而第二份文件则将此类人群排除在外。

2. 投保地域范围：这两份文件都规定了投保地域范围为中国大陆境内（不含港澳台地区），因此在此方面不存在冲突。

3. 意外身故或残疾保障：这两份文件都提供了意外身故或残疾保障，但在具体细节上存在一些差异，如对私家车的限定、对公共交通工具的限定以及对救援服务的承保范围等。由于这些差异的存在，使得这两份文件在此方面的描述存在冲突。

4. 增加保障责任：第一份文件中指明可以增加高风险活动保障，而第二份文件中则指明可以增加紧急医疗救援保险（C款）条款的附加保障责任，因此在这方面的描述也存在差异。

综上所述，这两份文件在职业类别限制、投保地域范围、意外身故或残疾保障以及增加保障责任等方面均存在一定程度上的冲突。
2025-06-28 11:34:22 - text_comparison.py:99 - results: [True, True, True, True, True, True]
2025-06-28 11:34:22 - text_comparison.py:106 - ===============cnt=102 || material_id='m_00083a' || rule='投保条款' || end_result=True===============
2025-06-28 11:34:22 - text_comparison.py:57 - ===============cnt=103 || material_id='m_00084a' || rule='保障相关时间' || label=None===============
2025-06-28 11:34:22 - text_comparison.py:62 - load data ../data/clean_data_qwen2.5-72b-instruct/materials/m_00084a/PRODUCT_MANUAL/保障相关时间.txt...
2025-06-28 11:34:22 - text_comparison.py:62 - load data ../data/clean_data_qwen2.5-72b-instruct/materials/m_00084a/CLAUSE/保障相关时间.txt...
2025-06-28 11:34:22 - text_comparison.py:62 - load data ../data/clean_data_qwen2.5-72b-instruct/materials/m_00084a/INSURE_NOTICE/保障相关时间.txt...
2025-06-28 11:34:22 - text_comparison.py:62 - load data ../data/clean_data_qwen2.5-72b-instruct/materials/m_00084a/ADDITIONAL_AGREEMENT/保障相关时间.txt...
2025-06-28 11:35:05 - text_comparison.py:92 - 0|1 result=根据上述两份文件，可以得出以下结论：

  * 对于“犹豫期”的描述，在两份文件中均有出现且时间均为“签收本合同当日起15日”，因此不存在冲突。
  * 对于“解除本合同”的描述，在两份文件中均有出现，但是文件2要求需要填写书面申请书并提供有效身份证件，而文件1则没有明确说明是否需要提供书面申请书和有效身份证件，因此存在冲突。
  * 对于“本合同解除后的退款时间”在两份文件中均为“本合同解除后30日内，我们无息退还您已交保险费”，因此不存在冲突。

综合以上情况，可以得出结论：这两份文件之间存在冲突。
2025-06-28 11:35:59 - text_comparison.py:92 - 0|2 result=根据题目要求，需要对比分析两份文件中关于犹豫期和退保条件的描述是否冲突。

对于第一份文件，其中有描述犹豫期为15天，若在犹豫期内解除合同，则可以全额退款；对于第二份文件，其中描述了犹豫期为15天，但并未说明在犹豫期内解除合同时的退款方式，而是说明超过犹豫期后退保的情况。因此，这两份文件的描述存在明显冲突。

根据以上分析，得出如下结果：

| 事项            | 判断依据        | 结果      |
|----------------|---------------|----------|
| 犹豫期          | 同为15天     | 无冲突   |
| 解除合同后的退款 | 文件1中说明犹豫期后退保，文件2中未明确说明或省略说明 | 有冲突   |

因此，这两份文件的描述存在部分冲突。
2025-06-28 11:36:29 - text_comparison.py:92 - 0|3 result=根据题目要求，需要对比两份文件中关于“保障相关时间”的描述是否存在冲突。

对于第一份文件，描述了犹豫期为15天，同时规定在犹豫期内可以解除合同并全额退保；对于第二份文件，则只有犹豫期的描述，但并没有明确说明在什么情况下可以解除合同以及如何退保。因此，无法通过这两份文件直接判断是否有关于解除合同和退保的规定存在冲突。

综合以上情况，对于此问题的回答为：“无冲突”。
2025-06-28 11:37:00 - text_comparison.py:92 - 1|2 result=对于这两份文件的保障相关时间进行比较：

- 对于犹豫期，两份文件均规定为15天，因此不存在冲突。
- 对于解除合同后的退款期限，第一份文件规定为在解除合同后30日内无息退还已交保险费，第二份文件则规定超过15天犹豫期之后退保，保险公司仅退还本合同的现⾦价值。由于这两份文件规定的退款条件不同，因此存在冲突。

因此，结论为：这两份文件存在冲突。
2025-06-28 11:37:29 - text_comparison.py:92 - 1|3 result=保障相关时间的描述存在冲突。

根据文件1，“您于签收本合同当日起，有15日的犹豫期。” 文件1中明确说明了犹豫期的起算时间为签收合同当天；而根据文件2，“合同生效日期的次日将设定为犹豫期的初始日期”，文件2中则说明了犹豫期的起算时间为合同生效的次日。因此，这两份文件对于犹豫期的描述是相互冲突的。

有冲突
2025-06-28 11:37:49 - text_comparison.py:92 - 2|3 result=根据题目要求，我们只需要比较这两份文件中关于犹豫期的描述即可。

对比文件1和文件2，我们可以发现两份文件都在描述犹豫期的相关事项，且描述内容基本一致，只是在表述方式上存在一些差异。因此，对于这份文件，我们认为不存在明显冲突。

结果：无冲突。
2025-06-28 11:37:49 - text_comparison.py:99 - results: [True, True, True, True, True, True]
2025-06-28 11:37:49 - text_comparison.py:106 - ===============cnt=103 || material_id='m_00084a' || rule='保障相关时间' || end_result=True===============
2025-06-28 11:37:49 - text_comparison.py:57 - ===============cnt=104 || material_id='m_00075a' || rule='保障相关时间' || label=None===============
2025-06-28 11:37:49 - text_comparison.py:62 - load data ../data/clean_data_qwen2.5-72b-instruct/materials/m_00075a/INTRODUCE_IMG/保障相关时间.txt...
2025-06-28 11:37:49 - text_comparison.py:62 - load data ../data/clean_data_qwen2.5-72b-instruct/materials/m_00075a/HEAD_IMG/保障相关时间.txt...
2025-06-28 11:37:49 - text_comparison.py:62 - load data ../data/clean_data_qwen2.5-72b-instruct/materials/m_00075a/CLAUSE/保障相关时间.txt...
2025-06-28 11:37:49 - text_comparison.py:62 - load data ../data/clean_data_qwen2.5-72b-instruct/materials/m_00075a/INSURE_NOTICE/保障相关时间.txt...
2025-06-28 11:37:49 - text_comparison.py:62 - load data ../data/clean_data_qwen2.5-72b-instruct/materials/m_00075a/LIABILITY_EXCLUSION/保障相关时间.txt...
2025-06-28 11:37:57 - text_comparison.py:92 - 0|1 result=无冲突。
2025-06-28 11:37:57 - text_comparison.py:99 - results: [True]
2025-06-28 11:37:57 - text_comparison.py:106 - ===============cnt=104 || material_id='m_00075a' || rule='保障相关时间' || end_result=True===============
2025-06-28 11:37:57 - text_comparison.py:57 - ===============cnt=105 || material_id='m_00085a' || rule='赔付 & 领取规则' || label=None===============
2025-06-28 11:37:57 - text_comparison.py:62 - load data ../data/clean_data_qwen2.5-72b-instruct/materials/m_00085a/INTRODUCE_IMG/赔付 & 领取规则.txt...
2025-06-28 11:37:57 - text_comparison.py:62 - load data ../data/clean_data_qwen2.5-72b-instruct/materials/m_00085a/HEAD_IMG/赔付 & 领取规则.txt...
2025-06-28 11:37:57 - text_comparison.py:62 - load data ../data/clean_data_qwen2.5-72b-instruct/materials/m_00085a/CLAUSE/赔付 & 领取规则.txt...
2025-06-28 11:37:57 - text_comparison.py:62 - load data ../data/clean_data_qwen2.5-72b-instruct/materials/m_00085a/INSURE_NOTICE/赔付 & 领取规则.txt...
2025-06-28 11:37:57 - text_comparison.py:62 - load data ../data/clean_data_qwen2.5-72b-instruct/materials/m_00085a/ADDITIONAL_AGREEMENT/赔付 & 领取规则.txt...
2025-06-28 11:37:57 - text_comparison.py:62 - load data ../data/clean_data_qwen2.5-72b-instruct/materials/m_00085a/LIABILITY_EXCLUSION/赔付 & 领取规则.txt...
2025-06-28 11:38:39 - text_comparison.py:92 - 0|1 result=经过分析，这两份文件存在一些相互冲突的情况：

1. 文件1中有两种生存保险金的领取方式（领取方式一和领取方式二），而文件2中只有一种领取方式，且并未提及文件1中的领取方式一和领取方式二，因此对于领取方式一和领取方式二是否有效产生疑问。

2. 文件2中关于"年龄错误"的处理方式与文件1中没有任何对应的内容，这可能会导致在处理年龄错误问题时出现差异。

3. 文件2中最后一条"其他声明"的内容与文件1中没有任何对应的内容，这可能会导致在其他方面也出现差异。

因此，我们认为这两份文件存在相互冲突的情况。
2025-06-28 11:38:39 - text_comparison.py:99 - results: [True]
2025-06-28 11:38:39 - text_comparison.py:106 - ===============cnt=105 || material_id='m_00085a' || rule='赔付 & 领取规则' || end_result=True===============
2025-06-28 11:38:39 - text_comparison.py:57 - ===============cnt=106 || material_id='m_00013a' || rule='续保条款' || label=None===============
2025-06-28 11:38:39 - text_comparison.py:62 - load data ../data/clean_data_qwen2.5-72b-instruct/materials/m_00013a/INTRODUCE_IMG/续保条款.txt...
2025-06-28 11:38:39 - text_comparison.py:62 - load data ../data/clean_data_qwen2.5-72b-instruct/materials/m_00013a/HEAD_IMG/续保条款.txt...
2025-06-28 11:38:39 - text_comparison.py:62 - load data ../data/clean_data_qwen2.5-72b-instruct/materials/m_00013a/CLAUSE/续保条款.txt...
2025-06-28 11:38:39 - text_comparison.py:62 - load data ../data/clean_data_qwen2.5-72b-instruct/materials/m_00013a/INSURE_NOTICE/续保条款.txt...
2025-06-28 11:38:39 - text_comparison.py:62 - load data ../data/clean_data_qwen2.5-72b-instruct/materials/m_00013a/ADDITIONAL_AGREEMENT/续保条款.txt...
2025-06-28 11:38:39 - text_comparison.py:62 - load data ../data/clean_data_qwen2.5-72b-instruct/materials/m_00013a/LIABILITY_EXCLUSION/续保条款.txt...
2025-06-28 11:38:39 - text_comparison.py:72 - ===============<=1 cnt=106 || material_id='m_00013a' || rule='续保条款' || end_result=True===============
2025-06-28 11:38:39 - text_comparison.py:57 - ===============cnt=107 || material_id='m_00055a' || rule='保障责任' || label=None===============
2025-06-28 11:38:39 - text_comparison.py:62 - load data ../data/clean_data_qwen2.5-72b-instruct/materials/m_00055a/INTRODUCE_IMG/保障责任.txt...
2025-06-28 11:38:39 - text_comparison.py:62 - load data ../data/clean_data_qwen2.5-72b-instruct/materials/m_00055a/HEAD_IMG/保障责任.txt...
2025-06-28 11:38:39 - text_comparison.py:62 - load data ../data/clean_data_qwen2.5-72b-instruct/materials/m_00055a/CLAUSE/保障责任.txt...
2025-06-28 11:38:39 - text_comparison.py:62 - load data ../data/clean_data_qwen2.5-72b-instruct/materials/m_00055a/INSURE_NOTICE/保障责任.txt...
2025-06-28 11:38:39 - text_comparison.py:62 - load data ../data/clean_data_qwen2.5-72b-instruct/materials/m_00055a/ADDITIONAL_AGREEMENT/保障责任.txt...
2025-06-28 11:38:39 - text_comparison.py:62 - load data ../data/clean_data_qwen2.5-72b-instruct/materials/m_00055a/LIABILITY_EXCLUSION/保障责任.txt...
2025-06-28 11:40:39 - text_comparison.py:92 - 0|1 result=根据提供的文件，存在明显冲突的地方如下：

1. 文件1中只列出了保障责任，而文件2中除了保障责任外，还包括了"保险责任"。因此，在对比这两份文件时，需要将文件1中的内容扩展到包括"保险责任"部分。

2. 文件1中提到的保障范围是不限疾病或意外，但是文件2中则规定了只有在等待期后因遭受意外伤害事故或罹患疾病才能享受保障。

3. 文件1中提到的赔偿金额是最高单次可享连续8天住院看护服务，而文件2中则是每次住院看护给付天数不超过本合同约定的单次最高给付天数。

4. 文件1中提到的"家庭升级版"保险计划可以为家庭成员不限次数地提供服务，而文件2中则规定了每次住院看护给付天数不超过本合同约定的单次最高给付天数。

5. 文件1中提到的"家庭基础版"保险计划是指家庭成员每人每年享1次看护服务，而文件2中则没有类似的表述。

6. 文件1中提到的"个人基础版"保险计划是指被保险人每年享1次看护服务，而文件2中则没有类似的表述。

7. 文件1中提到的"保险病种"没有限制，而文件2中则规定了只有在等待期后因遭受意外伤害事故或罹患疾病才能享受保障。

8. 文件1中提到的"第三方服务商"是由众安保险合作的，而文件2中则规定了必须经过保险人指定或认可的第三方服务商提供。

9. 文件1中提到的"审核条件"没有明确说明，而文件2中则规定了被保险人经第三方服务商进行住院看护服务前，需按保险人指定流程提交相应材料并通过审核，具体流程见本条款第二十二条“保险金的申请”。

综上所述，共有9处明显冲突的地方。
2025-06-28 11:43:04 - text_comparison.py:92 - 0|2 result=根据题目要求，需要对比分析两份文件中关于“保障责任”的描述内容，找出可能存在的冲突项并输出判断结果。

经过对比，发现两份文件中关于“保障责任”的描述存在如下冲突：

1. 文件1 中的"保障范围广，不限疾病或意外，无健康告知，但投保前已罹患既往症及其并发症不在保障范围，不承担本人及家庭成员投保前所患既往症及等待期内确诊的相关疾病，详细事项见免责说明。"与文件2 中的"(2)给付住院看护费用保险金须同时满足以下条件:...iv. 保险期间届满，若被保险人住院治疗尚未结束，保险人对保险期间届满之日起被保险人住院看护费用不再承担;"中的"保险期间届满之日起被保险人住院看护费用不再承担"描述不一致。

2. 文件1 中的"三种计划灵活选择：
  - 家庭升级版：家庭成员不限次数，单次最高连享8天。
  - 家庭基础版：家庭成员每人每年享1次看护服务。
  - 个人基础版：被保险人每年享1次看护服务。
  - 可为本人、配偶、子女、父母投保。"与文件2 中的"ii. 被保险人多次住院看护的累计给付次数以所选计划约定的次数为限，当累计住院看护费用保险金的给付次数达到累计给付次数时，本合同终止；其中，个人基础版 /家庭基础版累计给付次数以1次为限，家庭升级版累计给付次数以366次为限"中的"累计住院看护费用保险金的给付次数以所选计划约定的次数为限"描述不一致。

因此，对于这两份文件的“保障责任”描述存在冲突的地方是以上两点描述不一致的内容。根据题目要求，输出结果如下：

- 有冲突
- 文件1 中的"保障范围广，不限疾病或意外，无健康告知，但投保前已罹患既往症及其并发症不在保障范围，不承担本人及家庭成员投保前所患既往症及等待期内确诊的相关疾病，详细事项见免责说明。"与文件2 中的"(2)给付住院看护费用保险金须同时满足以下条件:...iv. 保险期间届满，若被保险
2025-06-28 11:44:19 - text_comparison.py:92 - 1|2 result=对于保障责任部分，两份文件描述了在保险期间内，被保险人因意外伤害事故或罹患疾病而在医院接受住院治疗，并且需要第三方服务商提供住院看护服务时，保险公司支付住院看护费用保险金的相关事项。其中包括了保险金的给付条件、给付天数、给付金额、累计给付次数以及保险期间等内容。

在这两份文件中，关于保险责任的描述存在一定的差异。例如，第一份文件规定了单日住院看护费用保险金的限额，而第二份文件则没有明确提及。此外，第一份文件还规定了每次住院看护的最高给付天数为单次最高给付天数，并且对不同投保方案设定了不同的单次最高给付天数，而第二份文件只是规定了每次住院看护给付天数不超过所选计划的单次最高给付天数，并没有对不同投保方案进行区分。这些差异可能会影响保险公司对于不同投保方案的住院看护费用保险金的给付。

因此，对于上述差异，可以得出如下判断：有冲突。
2025-06-28 11:44:19 - text_comparison.py:99 - results: [True, True, True]
2025-06-28 11:44:19 - text_comparison.py:106 - ===============cnt=107 || material_id='m_00055a' || rule='保障责任' || end_result=True===============
2025-06-28 11:44:19 - text_comparison.py:57 - ===============cnt=108 || material_id='m_00086a' || rule='赔付 & 领取规则' || label=None===============
2025-06-28 11:44:19 - text_comparison.py:62 - load data ../data/clean_data_qwen2.5-72b-instruct/materials/m_00086a/HEALTH_INFORM/赔付 & 领取规则.txt...
2025-06-28 11:44:19 - text_comparison.py:62 - load data ../data/clean_data_qwen2.5-72b-instruct/materials/m_00086a/CLAUSE/赔付 & 领取规则.txt...
2025-06-28 11:44:19 - text_comparison.py:62 - load data ../data/clean_data_qwen2.5-72b-instruct/materials/m_00086a/INSURE_NOTICE/赔付 & 领取规则.txt...
2025-06-28 11:44:19 - text_comparison.py:62 - load data ../data/clean_data_qwen2.5-72b-instruct/materials/m_00086a/ADDITIONAL_AGREEMENT/赔付 & 领取规则.txt...
2025-06-28 11:44:19 - text_comparison.py:62 - load data ../data/clean_data_qwen2.5-72b-instruct/materials/m_00086a/LIABILITY_EXCLUSION/赔付 & 领取规则.txt...
2025-06-28 11:44:38 - text_comparison.py:92 - 0|1 result=有冲突。第一份文件中有“恶性肿瘤——重度”这一表述，而在第二份文件中却将其简称为“恶性肿瘤重度”，并且两者对于该疾病的描述也存在一些差异。因此，这两份文件在这方面的描述是有冲突的。
2025-06-28 11:45:35 - text_comparison.py:92 - 0|2 result=文件1中有明显的冲突，因为该文件中提到了两种不同的医疗保险金，分别是恶性肿瘤——重度院外特定药品费用医疗保险金和恶性肿瘤质子重离子医疗保险金。这两项医疗保险金都是针对恶性肿瘤的治疗，但是却分别规定了不同的保险责任、给付比例、适用条件和理赔流程等。因此，在购买这款附加保险时，需要仔细阅读并理解这些不同的条款和约定，避免出现混淆或误解。

文件2没有明显的冲突，因为该文件中列出了四种不同类型的赔付规则，分别是普通门急诊医疗保险金、特定情形门急诊医疗保险金、互联网药品费用医疗保险金和恶性肿瘤医疗保险金。这些规则分别针对不同的医疗场景和治疗方式，不存在重复或矛盾之处。但是需要注意的是，其中一些规则可能受到某些特定条件或限制的影响，例如每日或累计赔偿限额、等待期、适用医院或药店等。
2025-06-28 11:48:01 - text_comparison.py:92 - 1|2 result=由于两份文件中对于某些内容的描述存在差异，因此需要对比它们之间的异同。为了便于分析，可以将每条规则按照描述内容进行拆分，并逐一对比。

1. 文件1中的表述如下：

(1) 免赔额：本产品一般医疗保险责任年免赔额为1万元，其余责任无免赔额。

(2) 赔付比例

(2.1) 一般医疗保险责任：赔付比例100%；
(2.2) 重大疾病医疗保险责任：赔付比例100%；
(2.3) 质子重离子医疗保险责任：赔付比例100%；
(2.4) 院外特定药品费用医疗保险金责任：赔付比例100%。若被保险人以基本医疗保险或公费医疗身份投保，但是未以基本医疗保险或公费医疗身份就诊并结算，赔付比例为60%。

(3) 退保

(4) 保险金额

(4.1) 一般医疗保险责任保险金额：300万元；
(4.2) 重大疾病医疗保险责任保险金额：600万元；
(4.3) 质子重离子医疗保险责任保险金额：600万元
(4.4) 院外特定药品费用医疗保险责任保险金额：300万元；
(4.5) 一般医疗保险金、重大疾病医疗保险金和质子重离子医疗保险金三个责任保单年度合计累计给付限额600万元。

(6) 投保人若发生保险事故时，应在知道或应当知道保险事故发生后10日内通知保险人。因不可抗力或其它不属于投保人、被保险人、受益人的原因导致投保人超过前款约定期限的，投保人应立即通知保险人，并说明有关情况。


2. 文件2中的表述如下：

(1) 本产品一般门急诊医疗保险金每日门急诊医疗扣除100元免赔额后，对于符合当地基本医疗保险政策规定的医疗费用，按照50%给付比例进行赔偿，单日门急诊赔付以300元为限；特定情形门急诊医疗保险金每日门急诊医疗扣除100元免赔额后，按照70%给付比例进行赔偿，单日门急诊赔付以1500元为限；一般门急诊医疗保险金与特定情形门急诊医疗保险金
2025-06-28 11:48:01 - text_comparison.py:99 - results: [True, True, True]
2025-06-28 11:48:01 - text_comparison.py:106 - ===============cnt=108 || material_id='m_00086a' || rule='赔付 & 领取规则' || end_result=True===============
2025-06-28 11:48:01 - text_comparison.py:57 - ===============cnt=109 || material_id='m_00087a' || rule='投保条款' || label=None===============
2025-06-28 11:48:01 - text_comparison.py:62 - load data ../data/clean_data_qwen2.5-72b-instruct/materials/m_00087a/HEALTH_INFORM/投保条款.txt...
2025-06-28 11:48:01 - text_comparison.py:62 - load data ../data/clean_data_qwen2.5-72b-instruct/materials/m_00087a/CLAUSE/投保条款.txt...
2025-06-28 11:48:01 - text_comparison.py:62 - load data ../data/clean_data_qwen2.5-72b-instruct/materials/m_00087a/INSURE_NOTICE/投保条款.txt...
2025-06-28 11:48:01 - text_comparison.py:62 - load data ../data/clean_data_qwen2.5-72b-instruct/materials/m_00087a/ADDITIONAL_AGREEMENT/投保条款.txt...
2025-06-28 11:48:01 - text_comparison.py:62 - load data ../data/clean_data_qwen2.5-72b-instruct/materials/m_00087a/LIABILITY_EXCLUSION/投保条款.txt...
2025-06-28 11:48:07 - text_comparison.py:92 - 0|1 result=以下是对两份文件的冲突分析结果：
没有冲突。
2025-06-28 11:48:07 - text_comparison.py:99 - results: [True]
2025-06-28 11:48:07 - text_comparison.py:106 - ===============cnt=109 || material_id='m_00087a' || rule='投保条款' || end_result=True===============
2025-06-28 11:48:07 - text_comparison.py:57 - ===============cnt=110 || material_id='m_00088a' || rule='赔付 & 领取规则' || label=None===============
2025-06-28 11:48:07 - text_comparison.py:62 - load data ../data/clean_data_qwen2.5-72b-instruct/materials/m_00088a/INTRODUCE_IMG/赔付 & 领取规则.txt...
2025-06-28 11:48:07 - text_comparison.py:62 - load data ../data/clean_data_qwen2.5-72b-instruct/materials/m_00088a/HEAD_IMG/赔付 & 领取规则.txt...
2025-06-28 11:48:07 - text_comparison.py:62 - load data ../data/clean_data_qwen2.5-72b-instruct/materials/m_00088a/CLAUSE/赔付 & 领取规则.txt...
2025-06-28 11:48:07 - text_comparison.py:62 - load data ../data/clean_data_qwen2.5-72b-instruct/materials/m_00088a/INSURE_NOTICE/赔付 & 领取规则.txt...
2025-06-28 11:48:07 - text_comparison.py:62 - load data ../data/clean_data_qwen2.5-72b-instruct/materials/m_00088a/ADDITIONAL_AGREEMENT/赔付 & 领取规则.txt...
2025-06-28 11:48:07 - text_comparison.py:62 - load data ../data/clean_data_qwen2.5-72b-instruct/materials/m_00088a/LIABILITY_EXCLUSION/赔付 & 领取规则.txt...
2025-06-28 11:48:56 - text_comparison.py:92 - 0|1 result=经过对比分析，可以发现两份文件中关于医疗费用的赔付描述存在一定的冲突。虽然在第一条中均提到了医疗费用的赔付，但是描述方式并不一致，例如：

第一份文件中规定：“每次事故扣除免赔额200元后，社保内部分按赔付比例90%赔付，社保外部分按赔付比例30%进行赔付。”

而第二份文件中则规定：“对于每次事故造成的损失，保险人扣除每次事故免赔额后，在每次事故赔偿限额内计算赔偿。”并没有明确提及社保内外的区分和具体的赔付比例。

因此，针对医疗费用的赔付，这两份文件存在一定的冲突。建议对医疗费用的赔付方式进行统一和明确的约定，以便在出现理赔需求时能够更加清晰地进行处理。
2025-06-28 11:50:06 - text_comparison.py:92 - 0|2 result=经过对比和分析，我们发现这两份文件的"赔付 & 领取规则"存在以下冲突：

1. 文件1 中关于电动车意外医疗的描述与文件2 中的描述存在矛盾。文件1 中每次事故扣除免赔额 200 元后，对于符合当地社会基本医疗保险规定的可报销的部分按赔付比例 90% 进行赔付，对于超出当地社会基本医疗保险规定部分按赔付比例 30% 进行赔付。而文件2 中的描述则没有提到扣除免赔额和赔付比例的问题，而是规定了单次事故赔偿限额和保单累计赔偿限额。

2. 文件2 中的某些表述过于简单，缺乏相关解释，例如"(10) 本保险仅承保被保险人驾驶电动车的过程中对第三者造成财产损失的责任……"，需要进一步补充具体解释才能理解其含义。

3. 文件2 中的条款数量较多，可能容易出现理解错误，建议进行简化和整合，提高易读性和易懂性。
2025-06-28 11:51:30 - text_comparison.py:92 - 0|3 result=经过对比分析，这两份文件的描述存在如下冲突：

(1) 对于“电动车骑行意外医疗”的描述，在第一份文件中是“每次事故扣除免赔额200元后，社保内部分按赔付比例90%赔付，社保外部分按赔付比例30%进行赔付。”而在第二份文件中则没有相应的描述，而是分别对“电动车骑行意外医疗、限二级及以上公立医院普通部医疗费用”、“电动车骑行三者意外医疗，限二级及以上公立医院社保内费用”进行了描述。

(2) 对于“保险责任的期限”方面，在第二份文件的“（7）保险期间”中写明：“自本合同生效之日起至本保险单记载的终止日期24小时之内（若本保险单载明的起始日期早于保险生效日期，则保险期间自保险生效日期起至本保险单记载的终止日期24小时之内）。”但在第一份文件中并没有类似的描述。

(3) 对于“赔偿限额”的描述，在第一份文件中规定了每次事故的赔偿限额和累计赔偿限额，而在第二份文件中只是对不同版本的产品设定了不同的赔偿限额，但没有描述每次事故的赔偿限额和累计赔偿限额。

因此，根据上述分析，可以得出结论：存在冲突的描述包括“电动车骑行意外医疗”的描述、保险责任的期限、赔偿限额。
2025-06-28 11:54:02 - text_comparison.py:92 - 1|2 result=1. 第一条保险责任中，关于"意外伤害事故"的定义，两款文件的表述是相同的。
2. 第二条保险责任中，文件1中没有关于"被保险人在从事与该保险合同载明的职业相关的活动"的限制，而文件2中有此限制。
3. 第三条保险责任中，两款文件都是对被保险人在保险期间內发生医疗费用的承担，但是文件1并没有对免赔额的表述，而文件2中有对免赔额的明确规定。
4. 第四条保险责任中，文件1没有对每次事故的免赔额进行表述，而文件2有明确的每次事故免赔额的规定。
5. 第五条保险责任中，文件1没有对"法律费用"的定义，而文件2有明确的"法律费用"定义。
6. 第六条保险责任中，文件1没有对每次事故的免赔额进行表述，而文件2有明确的每次事故免赔额的规定。
7. 第七条保险责任中，两款文件的表述是相同的。
8. 第八条保险责任中，文件1没有对每次事故的免赔额进行表述，而文件2有明确的每次事故免赔额的规定。
9. 第九条保险责任中，两款文件的表述是相同的。
10. 第十条保险责任中，文件1没有对每次事故的免赔额进行表述，而文件2有明确的每次事故免赔额的规定。
11. 第十一条保险责任中，文件1没有对每次事故的免赔额进行表述，而文件2有明确的每次事故免赔额的规定。
12. 第十二条保险责任中，文件1没有对每次事故的免赔额进行表述，而文件2有明确的每次事故免赔额的规定。
13. 第十三条保险责任中，文件1没有对每次事故的免赔额进行表述，而文件2有明确的每次事故免赔额的规定。
14. 第十四条保险责任中，文件1没有对每次事故的免赔额进行表述，而文件2有明确的每次事故免赔额的规定。
15. 第十五条保险责任中，文件1没有对每次事故的免赔额进行表述，而文件2有明确的每次事故免赔额的规定。
16. 第十六条保险责任中，文件1没有对每次事故的免赔额进行表述，而文件2有
2025-06-28 11:55:12 - text_comparison.py:92 - 1|3 result=根据提供的信息，我们可以看到有两个不同的文件，分别是保险条款和附加协议，因此我们将分别对它们进行分析。

保险条款的第四个条目规定了在保险期间，被保险人在驾驶保险合同中载明类型的非机动车过程中发生意外伤害事故的，保险公司应该按照保险合同约定的赔偿限额对被保险人进行赔偿。但是这里并没有提及“医疗费用”的内容，因此我们可以得出结论，这个文件没有关于“医疗费用”的相关规定。

附加协议的第一条是关于“意外医疗费用”的，它定义了意外医疗费用的概念，并指明了被保险人在发生此类事故时所能得到的赔偿。因此，我们可以在附加协议中找到关于“医疗费用”的相关描述。

综合来看，虽然保险条款没有专门针对“医疗费用”的规定，但是在附加协议中有相关的描述。因此，对于这个特定问题，保险条款和附加协议之间存在一定的冲突，即保险条款中没有涉及“医疗费用”，而在附加协议中却有关于“医疗费用”的描述。在这种情况下，我们应该遵循附加协议中的规定来处理“医疗费用”的问题。
2025-06-28 11:56:02 - text_comparison.py:92 - 2|3 result=（3）两款文件的"赔付 & 领取规则"内容存在较多明显的相互冲突之处，例如：

  * 对于意外医疗费用的赔偿，两款文件都在条款中约定了免赔额和赔付比例，但是具体的赔偿限额和累计赔偿限额却存在差异。
  * 对于被盗抢责任的赔偿，两款文件都在条款中约定了赔偿限额和免赔额，但是在具体的事后处理方面，两款文件有所不同。
  * 对于第三者责任的赔偿范围，两款文件都在条款中列举了一些不包含的财产类型，但是还有一项财产并未列举，因此可能需要根据其他相关条款来判断是否属于保险责任。

建议仔细对比分析这两款保险产品的条款，了解它们之间的区别和联系，以便更好地选择适合自己的保险方案。
2025-06-28 11:56:02 - text_comparison.py:99 - results: [True, True, True, True, True, True]
2025-06-28 11:56:02 - text_comparison.py:106 - ===============cnt=110 || material_id='m_00088a' || rule='赔付 & 领取规则' || end_result=True===============
2025-06-28 11:56:02 - text_comparison.py:57 - ===============cnt=111 || material_id='m_00089a' || rule='附加条款' || label=None===============
2025-06-28 11:56:02 - text_comparison.py:62 - load data ../data/clean_data_qwen2.5-72b-instruct/materials/m_00089a/INTRODUCE_IMG/附加条款.txt...
2025-06-28 11:56:02 - text_comparison.py:62 - load data ../data/clean_data_qwen2.5-72b-instruct/materials/m_00089a/PRODUCT_MANUAL/附加条款.txt...
2025-06-28 11:56:02 - text_comparison.py:62 - load data ../data/clean_data_qwen2.5-72b-instruct/materials/m_00089a/HEAD_IMG/附加条款.txt...
2025-06-28 11:56:02 - text_comparison.py:62 - load data ../data/clean_data_qwen2.5-72b-instruct/materials/m_00089a/CLAUSE/附加条款.txt...
2025-06-28 11:56:02 - text_comparison.py:62 - load data ../data/clean_data_qwen2.5-72b-instruct/materials/m_00089a/INSURE_NOTICE/附加条款.txt...
2025-06-28 11:56:02 - text_comparison.py:62 - load data ../data/clean_data_qwen2.5-72b-instruct/materials/m_00089a/ADDITIONAL_AGREEMENT/附加条款.txt...
2025-06-28 11:56:02 - text_comparison.py:62 - load data ../data/clean_data_qwen2.5-72b-instruct/materials/m_00089a/LIABILITY_EXCLUSION/附加条款.txt...
2025-06-28 11:56:02 - text_comparison.py:72 - ===============<=1 cnt=111 || material_id='m_00089a' || rule='附加条款' || end_result=True===============
2025-06-28 11:56:02 - text_comparison.py:57 - ===============cnt=112 || material_id='m_00005a' || rule='保障相关时间' || label=None===============
2025-06-28 11:56:02 - text_comparison.py:62 - load data ../data/clean_data_qwen2.5-72b-instruct/materials/m_00005a/HEALTH_INFORM/保障相关时间.txt...
2025-06-28 11:56:02 - text_comparison.py:62 - load data ../data/clean_data_qwen2.5-72b-instruct/materials/m_00005a/INTRODUCE_IMG/保障相关时间.txt...
2025-06-28 11:56:02 - text_comparison.py:62 - load data ../data/clean_data_qwen2.5-72b-instruct/materials/m_00005a/PRODUCT_MANUAL/保障相关时间.txt...
2025-06-28 11:56:02 - text_comparison.py:62 - load data ../data/clean_data_qwen2.5-72b-instruct/materials/m_00005a/HEAD_IMG/保障相关时间.txt...
2025-06-28 11:56:02 - text_comparison.py:62 - load data ../data/clean_data_qwen2.5-72b-instruct/materials/m_00005a/CLAUSE/保障相关时间.txt...
2025-06-28 11:56:02 - text_comparison.py:62 - load data ../data/clean_data_qwen2.5-72b-instruct/materials/m_00005a/INSURE_NOTICE/保障相关时间.txt...
2025-06-28 11:56:02 - text_comparison.py:62 - load data ../data/clean_data_qwen2.5-72b-instruct/materials/m_00005a/ADDITIONAL_AGREEMENT/保障相关时间.txt...
2025-06-28 11:56:02 - text_comparison.py:62 - load data ../data/clean_data_qwen2.5-72b-instruct/materials/m_00005a/LIABILITY_EXCLUSION/保障相关时间.txt...
2025-06-28 11:57:01 - text_comparison.py:92 - 0|1 result=根据题目要求，需要对比分析两份文件中关于“保障相关时间”的描述，找出是否存在明显相互冲突的情况。

针对该问题，我们可以先逐一对比两份文件中的每条描述，若存在描述不一致的地方，则认为存在冲突。具体步骤如下：

1. 对比文件1和文件2中的第一条描述“等待期”，发现两者描述不同，文件1中为30天，而文件2中为15天和30天（续约保单无等待期），因此第一条描述存在冲突。

2. 文件1中第二条描述为空，因此无需与文件2进行比较。

3. 对比文件1和文件2中的第三条描述“宽限期”，发现两者描述相同，因此第三条描述不存在冲突。

综合以上分析，我们得出以下结果：

| 作出判断的简易理由 | 有冲突|
|---|---|
| 等待期的描述不一致 | 有冲突|
| 宽限期的描述一致 | 无冲突|
2025-06-28 11:57:21 - text_comparison.py:92 - 0|2 result=恶性肿瘤-重度：存在冲突

原因：虽然两份文件都在描述等待期后罹患恶性肿瘤的处理方式，但是文件2中的描述更为详细，包括了特定药品的种类、购买流程、慈善援助等方面的限制条件，而文件1中并没有这些具体描述，因此存在冲突。
2025-06-28 11:58:51 - text_comparison.py:92 - 0|3 result=1. 文件1和文件2都没有明确说明关于犹豫期的描述，因此对于犹豫期不存在冲突。
2. 对于等待期，虽然两个文件都有描述，但是描述的方式不同，文件1中只有“等待期：30天”的简短说明，而文件2中有更为详细的描述并且存在多种情况，因此可以认为两者之间存在冲突。
3. 对于宽限期，两个文件都有描述，但是描述的方式也不同，文件1中只有“自缴费日零时起30天为宽限期”的说明，而文件2中的描述更为详细并且包含特定条件下的限制，因此可以认为两者之间存在冲突。
4. 对于退保，两个文件描述的方式也不同，文件1中只有“保单生效后十五天内申请退保并递交齐全退保资料的，将退还您已缴纳的保费。若您在保单生效十五天后申请退保的，将退还未满期净保费，您会损失部分保费。”的简单说明，而文件2中的描述更为详细并且包含特定条件下的限制，因此可以认为两者之间存在冲突。

|  <thing> | 做出判断的简易理由 </thing> | <result> |
|:---:|:---:| 有冲突|
| 等待期 | 两个文件的描述方式不同，存在冲突 |  |
| 宽限期 | 两个文件的描述方式不同，存在冲突 |  |
| 退保 | 两个文件的描述方式不同，存在冲突 |  |
2025-06-28 11:59:27 - text_comparison.py:92 - 0|4 result=根据上述两份文件的描述，“保障相关时间”方面存在如下冲突：

【文件1】中只有关于等待期的描述：“等待期：30天”，而【文件2】中有关于首次投保等待期、续保等待期以及宽限期的描述，因此与【文件1】不存在冲突。

【文件2】中关于等待期、宽限期和犹豫期的描述是相同的，但缺少关于续保等待期是否需要支付额外费用的说明，因此与【文件1】存在一定冲突。

综上所述，这两份文件在“保障相关时间”方面存在一定程度的冲突。
2025-06-28 12:00:20 - text_comparison.py:92 - 1|2 result=对比上述两份文件，“保障相关时间”的描述没有明显冲突。

【文件1】中，犹豫期为15天，等待期为30天（首次或非续保费本保险时适用），宽限期为自缴费日零时起30天。

【文件2】中，对于恶性肿瘤的等待期为30天（首次或非续保费本保险时适用）。对于恶性肿瘤特定药品费用，保险人在扣除免赔额后，按照本保险合同约定的给付比例给付保险金，且给付金额之和以本保险合同约定的保险金额为限，保险人一次或累计赔偿的金额达到本保险合同约定的保险金额时，本保险合同效力终止。没有关于宽限期的描述。

因此，根据上述信息，可以得出结论：这两份文件存在等待期的描述冲突，但对于其他方面的描述没有冲突。
2025-06-28 12:01:01 - text_comparison.py:92 - 1|3 result=【判断结果】

| 保障相关时间 | 文件1    | 文件2     | 做出判断的简易理由                     |
|----------|--------|-------|--------------------------------------|
| 犹豫期      | 15天   |        | 文件2 未提及犹豫期                 |
| 宽限期      | 30天   | 30天  | 同为30天，不存在冲突               |
| 等待期      |        | 30天  | 文件1 没有提及等待期，无法比较        |

综合以上情况，文件1 和文件2 在犹豫期、等待期和宽限期间方面存在冲突。
2025-06-28 12:01:58 - text_comparison.py:92 - 1|4 result=有冲突

具体冲突内容如下：

1. 等待期的描述不同：虽然两份文件都有关于等待期的说明，但是文件1中规定了在首次投保和续保时的等待期不同，在首次投保时设置30天的等待期，而续保时没有等待期；而文件2中则统一规定了30天的等待期，不论是否是首次投保还是续保。
2. 宽限期的描述不同：虽然两份文件都有关于宽限期的描述，但是文件1中只是简单地规定了自缴费日零时起30天为宽限期，而文件2中除了规定了宽限期外，还规定了在宽限期内发生保险事故时的处理方式。
3. 犹豫期的描述不同：虽然两份文件中都规定了犹豫期为15天，但是文件2中还补充规定了在犹豫期内退保时的操作方式。
2025-06-28 12:03:01 - text_comparison.py:92 - 2|3 result=【文件1】中涉及了等待期和特定药品费用保险金两个方面：

  * 等待期：自保险合同生效之日起30天为等待期，续保定额无等待期。
  * 特定药品费用保险金：被保险人确诊“恶性肿瘤-重度”后，需要在等待期后经过本保险合同约定的医疗机构的专科医生初次确诊，并且所需药品符合国家药品监督管理局批准的药品说明书中的适应症和用法用量等条件才能获得保险金支付。

【文件2】中涉及了等待期和退保两个方面：

  * 等待期：首次投保设等待期30天，续保保单无等待期。
  * 退保：保单生效后十五天内申请退保并递交齐全退保资料的，将退还已缴纳的保费；在保单生效十五天后申请退保的，将退还未满期净保费，会损失部分保费。

综合分析，这两份文件之间没有明显的相互冲突的地方。
2025-06-28 12:04:06 - text_comparison.py:92 - 2|4 result=恶性肿瘤 - 重度的等待期在两份文件中都是30天，不存在冲突。
院外购药直付用药流程在文件1中被提及，但在文件2中没有被提及，因此存在冲突。
首次投保和续保的等待期在两份文件中规定不同，存在冲突。
文件1中规定了保险期间届满时保险责任的延长，而文件2中没有类似的规定，存在冲突。
综上所述，两份文件存在的冲突如下：

| 事 项   | 判断依据 |
|-------|----------|
| 恶性肿瘤 - 重度的等待期 | 两份文件中都是30天，不存在冲突。    |
| 院外购药直付用药流程 | 文件1中被提及，但文件2中没有被提及，存在冲突。    |
| 首次投保和续保的等待期 | 规定不同，存在冲突。        |
| 保险期间届满时保险责任的延长 | 文件1中有规定，但文件2中没有，存在冲突。     |
2025-06-28 12:04:16 - text_comparison.py:92 - 3|4 result=无冲突
2025-06-28 12:04:16 - text_comparison.py:99 - results: [True, True, True, True, True, True, True, True, True, True]
2025-06-28 12:04:16 - text_comparison.py:106 - ===============cnt=112 || material_id='m_00005a' || rule='保障相关时间' || end_result=True===============
2025-06-28 12:04:16 - text_comparison.py:57 - ===============cnt=113 || material_id='m_00017a' || rule='保障相关时间' || label=None===============
2025-06-28 12:04:16 - text_comparison.py:62 - load data ../data/clean_data_qwen2.5-72b-instruct/materials/m_00017a/CLAUSE/保障相关时间.txt...
2025-06-28 12:04:16 - text_comparison.py:62 - load data ../data/clean_data_qwen2.5-72b-instruct/materials/m_00017a/INSURE_NOTICE/保障相关时间.txt...
2025-06-28 12:04:16 - text_comparison.py:62 - load data ../data/clean_data_qwen2.5-72b-instruct/materials/m_00017a/ADDITIONAL_AGREEMENT/保障相关时间.txt...
2025-06-28 12:04:16 - text_comparison.py:62 - load data ../data/clean_data_qwen2.5-72b-instruct/materials/m_00017a/LIABILITY_EXCLUSION/保障相关时间.txt...
2025-06-28 12:06:41 - text_comparison.py:92 - 0|1 result=以下是对于给出的两份文件的保障相关时间的比较结果：

| 事物描述 | 文件1描述 | 文件2描述 | 判断 |
| --- | --- | --- | --- |
| 犹豫期 | 本合同生效后，自您收到保险单的次日零时起，您享有 15 日的犹豫期，以便您在此期间阅读合同。如果您认为合同不符合您的需要，您可在该 15 日的犹豫期内要求解除合同。您需填写解除合同申请书，并连同您的有效身份证件，以及您所能提供的其他与解除合同有关的材料，一起在该犹豫期内送达给我们。自您向我们书面申请解除合同之日起，本合同即被解除，我们自始不承担保险责任。我们将无息退还您已交的全部保险费。 | 犹豫期: 保险合同生效后，自签收日次日起算犹豫期，投保人享有 15 日的犹豫期，以便投保人在此期间阅读合同。如果投保人认为合同不符合投保人的需要，投保人可在该 15 日的犹豫期内要求解除合同。自投保人向本公司书面申请解除合同之日起，本合同即被解除，本公司自始不承担保险责任。我们将无息退还投保人已交的全部保险费。投保人在犹豫期后解除合同会遭受一定的损失。 | 有冲突 | 因两份文件中关于犹豫期的描述不一致，包括期限、原因和退保条件等 |
| 等待期 | 等待期是指被保险人因疾病原因导致保险事故发生，我们不承担保险责任的一段期间。除另有约定外，本合同等待期为 90 日，自本合同生效日次日零时或每一次合同效力恢复之日次日零时起算。等待期内被保险人被确诊为本合同约定的原位癌、“恶性肿瘤——轻度”或“恶性肿瘤——重度”，我们不承担保险责任，我们向您无息返还本合同已交付的保险费，本合同终止。 | 等待期: 等待期是指被保险人因疾病原因导致保险事故发生，本公司不承担保险责任的一段期间。除另有约定外，本合同等待期为 180 日，自本合同生效日次日零时或每一次合同效力恢复之日次日零时起算。等待期内被保险人被确诊为本合同约定
2025-06-28 12:07:57 - text_comparison.py:92 - 0|2 result=根据上述两份文件对比：

1. 对于犹豫期的描述，文件1中规定犹豫期为15天，从客户收到保险单的次日开始计算，而文件2中则规定犹豫期为15天，但从电子保单发出之日起计算。由于两份文件对于犹豫期的起始时间不同，因此可以判定这两份文件存在冲突。

2. 对于等待期的描述，两份文件都是90天，不存在冲突。

3. 对于宽限期的描述，在文件1中规定若客户未按时交付续期保险费，则从约定交付日次日零时起60天为宽限期；而在文件2中则没有关于宽限期的描述。由于文件2中没有规定宽限期，因此可以判定这两份文件存在冲突。

综合以上判断，这两份文件存在的冲突如下所示：
有冲突

|    | 文件1         | 文件2             |
|----|--------------|------------------|
| 犹豫期 | 自您收到保险单的次日零时起算，共15天 | 从电子保单发出之日起算，共15天 |
| 宽限期 | 若客户未按时交付续期保险费，则从约定交付日次日零时起60天为宽限期 | 无此规定 |
2025-06-28 12:08:48 - text_comparison.py:92 - 1|2 result=根据题目要求，我们需要对比分析这两份文件中的保障相关时间内容。具体步骤如下：

1. 找出两份文件中都有的描述内容：犹豫期、等待期、宽限期。
2. 对这些内容在两份文件中的描述进行逐一对比，找出是否存在明显相互冲突的情况。

经过对比，我们可以发现这两份文件在以下几个方面的描述存在冲突：

(1) 犹豫期的计算方式不同：第一份文件从保险合同生效的次日起算犹豫期，第二份文件从电子保单发出的次日起算犹豫期。
(2) 宽限期限规定不同：第一份文件规定了60天的宽限期，而第二份文件没有明确说明宽限期限的规定。

因此，我们可以得出结论：这两份文件在犹豫期和宽限期限的描述上存在冲突。
2025-06-28 12:08:48 - text_comparison.py:99 - results: [True, True, True]
2025-06-28 12:08:48 - text_comparison.py:106 - ===============cnt=113 || material_id='m_00017a' || rule='保障相关时间' || end_result=True===============
2025-06-28 12:08:48 - text_comparison.py:57 - ===============cnt=114 || material_id='m_00090a' || rule='附加条款' || label=None===============
2025-06-28 12:08:48 - text_comparison.py:62 - load data ../data/clean_data_qwen2.5-72b-instruct/materials/m_00090a/INTRODUCE_IMG/附加条款.txt...
2025-06-28 12:08:48 - text_comparison.py:62 - load data ../data/clean_data_qwen2.5-72b-instruct/materials/m_00090a/HEAD_IMG/附加条款.txt...
2025-06-28 12:08:48 - text_comparison.py:62 - load data ../data/clean_data_qwen2.5-72b-instruct/materials/m_00090a/CLAUSE/附加条款.txt...
2025-06-28 12:08:48 - text_comparison.py:62 - load data ../data/clean_data_qwen2.5-72b-instruct/materials/m_00090a/INSURE_NOTICE/附加条款.txt...
2025-06-28 12:08:48 - text_comparison.py:62 - load data ../data/clean_data_qwen2.5-72b-instruct/materials/m_00090a/ADDITIONAL_AGREEMENT/附加条款.txt...
2025-06-28 12:08:48 - text_comparison.py:62 - load data ../data/clean_data_qwen2.5-72b-instruct/materials/m_00090a/LIABILITY_EXCLUSION/附加条款.txt...
2025-06-28 12:08:56 - text_comparison.py:92 - 0|1 result=由于给出的文件内容为空，因此无法进行附加条款的冲突分析。请提供有效的文件内容以便进行比较。
2025-06-28 12:09:14 - text_comparison.py:92 - 0|2 result=经过对比分析，发现以下事项存在冲突：

【文件1】中没有涉及到关于“附加条款”的内容，而【文件2】则对此有详细的描述，并列出了相关的保险责任和赔付标准等信息。

因此，对于此问题，我们得出结论：有冲突。
2025-06-28 12:09:32 - text_comparison.py:92 - 0|3 result=由于您未提供任何具体文件内容，我无法为您执行此任务。 请提供详细的信息和文件内容以获取准确的结果。
2025-06-28 12:10:22 - text_comparison.py:92 - 1|2 result=【附加条款】

【重要告知】

4.8. 本保险优选医疗计划急性肠胃炎医疗责任赔付标准为：符合当地基本医疗保险主管部门规定可报销的、必要、合理的医疗费用扣除第三方赔付后的支出，我司按照约定扣除100元免赔额之后：1）若被保险人以参加基本医疗保险或其他费用补偿型医疗保险身份接受治疗并结算的，按100%赔付医疗保险金。2）若被保险人未参加基本医疗保险或其他费用补偿型医疗保险身份接受治疗并结算的，按60%赔付医疗保险金。

4.11. 本保险意外伤害骨折、关节脱位保险金的赔付评定标准及计算方式参照本保险《平安产险意外伤害保险（互联网版）》及所附《骨折或关节脱位给付比例表》。
2025-06-28 12:10:39 - text_comparison.py:92 - 1|3 result=对于给出的两份文件，由于没有提供具体的文件内容，无法进行附加条款的分析和比较。请提供具体的文件内容以便进行冲突分析。
2025-06-28 12:11:17 - text_comparison.py:92 - 2|3 result=对于给出的两个文件，由于文件二为空文件，因此我们只需要对文件一进行分析。

根据文件一所提供的附加条款内容，我们可以得出以下结论：

- 关于急性肠胃炎医疗责任的赔付标准，有两个选项可选：在参加了基本医疗保险或其他费用补偿型医疗保险后，可以按照100%的比例进行赔付；如果没有参加，则只能按照60%的比例进行赔付。因此，存在冲突。
- 文件中没有关于意外伤害骨折、关节脱位保险金的描述，因此不存在相关冲突。

因此，对于给出的这两个文件，存在冲突的情况是：急性肠胃炎医疗责任的赔付标准。
2025-06-28 12:11:17 - text_comparison.py:99 - results: [True, True, True, True, True, True]
2025-06-28 12:11:17 - text_comparison.py:106 - ===============cnt=114 || material_id='m_00090a' || rule='附加条款' || end_result=True===============
2025-06-28 12:11:17 - text_comparison.py:57 - ===============cnt=115 || material_id='m_00091a' || rule='保障责任' || label=None===============
2025-06-28 12:11:17 - text_comparison.py:62 - load data ../data/clean_data_qwen2.5-72b-instruct/materials/m_00091a/PRODUCT_MANUAL/保障责任.txt...
2025-06-28 12:11:17 - text_comparison.py:62 - load data ../data/clean_data_qwen2.5-72b-instruct/materials/m_00091a/CLAUSE/保障责任.txt...
2025-06-28 12:11:17 - text_comparison.py:62 - load data ../data/clean_data_qwen2.5-72b-instruct/materials/m_00091a/INSURE_NOTICE/保障责任.txt...
2025-06-28 12:11:17 - text_comparison.py:62 - load data ../data/clean_data_qwen2.5-72b-instruct/materials/m_00091a/ADDITIONAL_AGREEMENT/保障责任.txt...
2025-06-28 12:11:17 - text_comparison.py:62 - load data ../data/clean_data_qwen2.5-72b-instruct/materials/m_00091a/LIABILITY_EXCLUSION/保障责任.txt...
2025-06-28 12:11:57 - text_comparison.py:92 - 0|1 result=【文件1】和【文件2】的描述存在明显的冲突。主要表现在对于某些保险责任的描述内容不一致，例如：

1. 文件1中提到“生存保险金”的描述，而文件2中并没有相关描述。
2. 文件2中提到“满期保险金”的描述，但是缺少了保险金额给付的相关条件和方式。
3. 文件2中提到“保证给付保险金”的描述，但是在出现时间方面存在矛盾，即倒数第三个合同生效日对应日前还是倒数第二个合同生效日对应日后。

因此，基于以上冲突情况，可以判断这两份文件存在相互冲突的地方。
2025-06-28 12:11:57 - text_comparison.py:99 - results: [True]
2025-06-28 12:11:57 - text_comparison.py:106 - ===============cnt=115 || material_id='m_00091a' || rule='保障责任' || end_result=True===============
2025-06-28 12:11:57 - text_comparison.py:57 - ===============cnt=116 || material_id='m_00036a' || rule='责任免除' || label=None===============
2025-06-28 12:11:57 - text_comparison.py:62 - load data ../data/clean_data_qwen2.5-72b-instruct/materials/m_00036a/HEALTH_INFORM/责任免除.txt...
2025-06-28 12:11:57 - text_comparison.py:62 - load data ../data/clean_data_qwen2.5-72b-instruct/materials/m_00036a/INTRODUCE_IMG/责任免除.txt...
2025-06-28 12:11:57 - text_comparison.py:62 - load data ../data/clean_data_qwen2.5-72b-instruct/materials/m_00036a/HEAD_IMG/责任免除.txt...
2025-06-28 12:11:57 - text_comparison.py:62 - load data ../data/clean_data_qwen2.5-72b-instruct/materials/m_00036a/CLAUSE/责任免除.txt...
2025-06-28 12:11:57 - text_comparison.py:62 - load data ../data/clean_data_qwen2.5-72b-instruct/materials/m_00036a/INSURE_NOTICE/责任免除.txt...
2025-06-28 12:11:57 - text_comparison.py:62 - load data ../data/clean_data_qwen2.5-72b-instruct/materials/m_00036a/ADDITIONAL_AGREEMENT/责任免除.txt...
2025-06-28 12:11:57 - text_comparison.py:62 - load data ../data/clean_data_qwen2.5-72b-instruct/materials/m_00036a/LIABILITY_EXCLUSION/责任免除.txt...
2025-06-28 12:12:35 - text_comparison.py:92 - 0|1 result=根据给出的两份文件，存在明显的责任免除条款描述上的冲突。比如，虽然这两份文件都在责任免除条款中列出了由于被保险人酒后驾驶等原因导致事故的免责情况，但是在不同的文件中对于责任免除条款的描述是不一样的。因此，我们无法直接比较这些冲突，需要分别分析每种情况的描述。例如，在第一份文件中，责任免除条款包括由于被保险人受到酒精、毒品等影响期间导致的事故的免责情况，而在第二份文件中则没有列出这种情况下保险公司不承担责任。因此，我们可以得出结论，这两份文件的责任免除条款存在冲突。
2025-06-28 12:15:18 - text_comparison.py:92 - 0|2 result=经过对比，以下是对所列出的两份文件关于“责任免除”的描述是否存在明显相互冲突的判断：

第一份文件中的责任免除内容包括：
1. 被保险人要求；
2. 投保人；
3. 保险人认可的医院；
4. 附加意外伤害医疗费用；
5. 附加意外伤害住院津贴；
6. 附加意外伤害重症监护住院津贴；
7. 意外伤害医疗费用；
8. 猝死；
9. 公共交通工具意外伤害身故/伤残；
10. 被保险人因溺水、高空坠落（离地2米以上）、一氧化碳中毒以及违反交通法规导致交通意外事故导致身故伤残的；
11. 被保险人未违反交通法规但在交通事故中须承担全部责任或主要责任的；
12. “个人人身意外伤害身故/伤残”保险责任对投保时年龄在50-60周岁（含60周岁）的被保险人保额减半；
13. 若被保险人同时持有多张生效意外险保单；
14. 根据国务院保险监督管理机构的规定。

第二份文件中的责任免除内容包括：
1. 被保险人要求；
2. 本保险产品仅承保职业类别为1-6类人员（不含无固定工作人员）；
3. 投保人；
4. 保险人认可的医院；
5. 附加意外伤害医疗费用；
6. 附加意外伤害住院津贴；
7. 附加意外伤害重症监护住院津贴；
8. 意外伤害医疗费用；
9. 猝死；
10. 公共交通工具意外伤害身故/伤残；
11. 被保险人因溺水、高空坠落（离地2米以上）、一氧化碳中毒以及违反交通法规导致交通意外事故导致身故伤残的；
12. 被保险人未违反交通法规但在交通事故中须承担全部责任或主要责任的；
13. “个人人身意外伤害身故/伤残”保险责任对投保时年龄在50-60周岁（含60周岁）的被保险人保额减半；
14. 若被保险人同时持有多张生效意外险保单；
15. 根据国务院保险监督管理机构的规定。

综合比较
2025-06-28 12:15:48 - text_comparison.py:92 - 0|3 result=【文件1】中没有描述任何需要与【文件2】进行比较的内容，因此与【文件2】不存在冲突。

【文件2】中关于保险责任免除的描述存在一些冲突：

1. 对于被保险人因违反交通法规导致的交通意外事故，保险人的赔付比例不同，存在冲突。
2. 对于未成年人作为被保险人的人身保险，保险金额的限制条件存在冲突。

综上所述，【文件2】中的保险责任免除存在冲突情况。
2025-06-28 12:18:19 - text_comparison.py:92 - 0|4 result=第一部分：两份文件中的"责任免除"对比

| 文件1 | 文件2 |
|-------|-------|
| (一)因下列情形之一，直接或间接造成被保险人身故或伤残的，保险人不承担给付保险金的责任：（1）投保人的故意行为；（2）被保险人自致伤害或自杀，但被保险人自杀时为无民事行为能力人的除外；（3）因被保险人挑衅或故意行为而导致的打斗、被袭击或被谋杀；（4）被保险人犯罪或者抗拒依法采取的刑事强制措施；（5）被保险人醉酒；（6）被保险人服用、吸食、注射毒品或服用影响行为能力的相关药品或受管制的药品；（7）被保险人未遵医嘱，私自服用、涂用、注射药物；（8）被保险人妊娠、流产、分娩（但因遭受意外伤害事故所致不在此限）；（9）被保险人受细菌、病毒或寄生虫感染（但因意外伤害事故致伤口感染者除外），或被保险人中暑、猝死、药物过敏、食物中毒；（10）被保险人因精神错乱或失常而导致的意外；（11）被保险人因接受检查、麻醉、整容手术及其它内外科手术、药物治疗等导致的事故；（12）被保险人因意外事故、自然灾害以外的原因失踪而被法院宣告死亡的；（13）任何生物、化学、原子武器、原子能或核能爆炸、辐射或污染；（14）被保险人自杀时为无民事行为能力人的除外；（15）被保险人从事潜水、跳伞、攀岩、探险活动、武术比赛、摔跤比赛、特技表演、赛马、赛车等高风险运动或活动期间；（16）被保险人作为职业运动员在参加训练或比赛期间；（17）被保险人作为军人(含特种兵)、警务人员(含防暴警察)在训练或执行公务期间；（18）战争（无论宣战与否）、内战、军事行动、恐怖活动、暴乱或其它类似的武装叛乱期间。（一）在下列情形下或期间内，被保险人遭受意外伤害事故，直接或间接导致被保险人身故或伤残的，保险人不承担给付保险金责任：（1）被保险人被依法拘留、服刑期间；（2)
2025-06-28 12:19:15 - text_comparison.py:92 - 1|2 result=根据提供的信息，可以得出如下结论：

1. 文件1 中第六条列出了十一种责任免除的情况，其中包括投保人的故意行为、被保险人自杀（无民事行为能力人除外）、因被保险人挑衅或故意行为而导致的打斗、被袭击或被谋杀等。此外，还包括犯罪、醉酒、服用药物、妊娠、流产、分娩、感染、精神病、手术、失踪、放射性物质或污染等原因导致的被保险人身故或伤残情况，保险人不承担给付保险金的责任。
2. 文件2 中没有列出具体的责任免除情况，但是规定了一些限制条件，例如被保险人要求、投保人资格、保险人认可的医院、意外伤害医疗费用的范围等等。
3. 综上所述，这两份文件存在一定的冲突，因为它们各自列出了不同的责任免除情况，所以在比较时需要逐一对比才能作出准确的判断。
2025-06-28 12:19:41 - text_comparison.py:92 - 1|3 result=有冲突
在文件1中，责任免除包括了13项条款，而在文件2中，责任免除只有6项条款。虽然有些内容在两份文件中是相同的，但是文件1中列出的责任免除情况更加详细，例如有针对被保险人犯罪或抗拒依法采取的刑事强制措施、被保险人饮酒、服用药物等相关情况的描述。因此，这两份文件存在明显的冲突。
2025-06-28 12:20:02 - text_comparison.py:92 - 1|4 result=根据提供的信息，我们无法确定第一件事的责任免除情况，因为您并没有给出具体的问题描述。请提供详细的问题描述，以便我能够为您提供更准确的答案。
2025-06-28 12:22:29 - text_comparison.py:92 - 2|3 result=根据提供的文本，以下是关于“责任免除（约定该产品不承担保险责任的情形,险人不承担给付保险金的责任）”的信息：

1. **被保险人要求**：
   - 文件1：被保险人须为身体健康，能正常工作或正常生活的自然人，须未患过癫痫、精神和行为障碍（含抑郁症）、脑中风、终末期肾病、冠心病、心肌梗死、心绞痛、肺源性心脏病、心脏瓣膜病、心房/心室扑动或颤动、风湿性心脏病、心肌病、先天性心脏病、心功能不全、恶性肿瘤疾病，近1年内未长期服药（有规律服药持续超过3个月）、长期卧床以及住院经历，否则视为不实告知，保险人不承担上述保险责任。
   - 文件2：被保险人须为身体健康，能正常工作或正常生活的自然人，须未患过癫痫、精神和行为障碍（含抑郁症）、脑中风、终末期肾病、冠心病、心肌梗死、心绞痛、肺源性心脏病、心脏瓣膜病、心房/心室扑动或颤动、风湿性心脏病、心肌病、先天性心脏病、心功能不全、恶性肿瘤疾病，近1年内未长期服药（有规律服药持续超过3个月）、长期卧床以及住院经历，否则视为不实告知，保险人不承担上述保险责任。

2. **本保险产品仅承保职业类别为1-6类人员（不含无固定工作人员）**：
   - 文件1：未提及。
   - 文件2：未提及。

3. **投保人**：
   - 文件1：投保人须为被保险人本人或被保险人的子女、配偶及父母（含配偶父母），否则投保无效。
   - 文件2：未提及。

4. **保险人认可的医院**：
   - 文件1：为中华人民共和国境内二级及以上公立医院或保险人认可的医疗机构，且仅限上述医院的普通部。保险人不承担在下述医院治疗时发生的医疗费和住院津贴的赔偿责任：河南省、内蒙古赤峰市、吉林省长春市、四平市、辽宁省铁岭市、山东省烟台市、济宁市、菏泽市、聊城市、潍坊市、淄博市、泰安市宁阳县、江苏省徐州市、四川省宜宾市、
2025-06-28 12:25:03 - text_comparison.py:92 - 2|4 result=1. 保险责任免除（第一段）
  * 被保险人要求
  * 保险人认可的医院
  * 附加意外伤害医疗费用
  * 附加意外伤害住院津贴

2. 被保险人限制
  * 年龄在50-60周岁（含60周岁）的被保险人，投保高额保额的保险产品会受到一定限制。
  * 如果被保险人同时持有多份生效意外险保单，则只能获得一份保险公司的赔偿。

3. 文件2中的额外责任免除内容如下：
  * 投保人的故意行为
  * 被保险人自致伤害或自杀（但被保险人自杀时为无民事行为能力人）
  * 因被保险人挑衅或故意行为而导致的打斗、被袭击或被谋杀
  * 被保险人犯罪或者抗拒依法采取的刑事强制措施
  * 被保险人醉酒
  * 被保险人服用、吸食、注射毒品或服用影响行为能力的相关药品或受管制的药品
  * 被保险人未遵医嘱，私自服用、涂用、注射药物
  * 被保险人妊娠、流产、分娩（但因遭受意外伤害所致不在此限）
  * 被保险人受细菌、病毒或寄生虫感染（但因意外伤害事故致伤口感染者除外），或被保险人中暑、猝死、药物过敏、食物中毒
  * 被保险人因精神错乱或失常而导致的意外
  * 被保险人因接受检查、麻醉、整容手术及其它内外科手术、药物治疗等导致的事故
  * 被保险人因意外事故、自然灾害以外的原因失踪而被法院宣告死亡的
  * 任何生物、化学、原子武器、原子能或核能爆炸、辐射或污染
  * 被保险人乘坐公共交通工具违反乘运人关于安全乘坐的规定而导致事故发生的
  * 被保险人酒后驾驶、无有效驾驶证驾驶，或驾驶无有效行驶证的机动交通工具期间
  * 被保险人违反法律法规或交通管理部门的规定搭乘交通工具或搭乘未经当地相关政府部门登记许可的交通工具期间
  * 被保险人因受酒精、毒品、管制药品的影响期间
  * 战争（无论
2025-06-28 12:25:57 - text_comparison.py:92 - 3|4 result=1. 同一件事物的描述在两份文件中均出现，但是文件一的描述更为详细，例如责任免除的范围更加具体。
2. 文件二中有一些责任免除的事项是文件一所没有的，例如被保险人酒后驾驶、无有效驾驶证驾驶，或驾驶无有效行驶证的机动交通工具期间，或无有效操作证操作施工设备期间等。
3. 文件二的某些责任免除事项比文件一的描述更为严格，例如文件二中规定了被保险人违法搭乘未经当地相关政府部门登记许可的交通工具期间属于责任免除范围，而文件一中并未明确规定这一点。
4. 文件二新增加了一些特定人群的特殊条款，例如文件二中有针对军人(含特种兵)、警务人员(含防暴警察)在训练或执行公务期间的责任免除条款。
2025-06-28 12:25:57 - text_comparison.py:99 - results: [True, True, True, True, True, True, True, True, True, True]
2025-06-28 12:25:57 - text_comparison.py:106 - ===============cnt=116 || material_id='m_00036a' || rule='责任免除' || end_result=True===============
2025-06-28 12:25:57 - text_comparison.py:57 - ===============cnt=117 || material_id='m_00092a' || rule='赔付 & 领取规则' || label=None===============
2025-06-28 12:25:57 - text_comparison.py:62 - load data ../data/clean_data_qwen2.5-72b-instruct/materials/m_00092a/INTRODUCE_IMG/赔付 & 领取规则.txt...
2025-06-28 12:25:57 - text_comparison.py:62 - load data ../data/clean_data_qwen2.5-72b-instruct/materials/m_00092a/HEAD_IMG/赔付 & 领取规则.txt...
2025-06-28 12:25:57 - text_comparison.py:62 - load data ../data/clean_data_qwen2.5-72b-instruct/materials/m_00092a/CLAUSE/赔付 & 领取规则.txt...
2025-06-28 12:25:57 - text_comparison.py:62 - load data ../data/clean_data_qwen2.5-72b-instruct/materials/m_00092a/INSURE_NOTICE/赔付 & 领取规则.txt...
2025-06-28 12:25:57 - text_comparison.py:62 - load data ../data/clean_data_qwen2.5-72b-instruct/materials/m_00092a/ADDITIONAL_AGREEMENT/赔付 & 领取规则.txt...
2025-06-28 12:25:57 - text_comparison.py:62 - load data ../data/clean_data_qwen2.5-72b-instruct/materials/m_00092a/LIABILITY_EXCLUSION/赔付 & 领取规则.txt...
2025-06-28 12:27:14 - text_comparison.py:92 - 0|1 result=【文件1】

1. 受益人: 不涉及赔付&领取规则
2. 保险责任的赔付: 有冲突
   - 文件1描述了“意外伤害住院医疗保险金”和“意外伤害门急诊医疗保险金”，而文件2描述的是“意外伤害住院医疗责任”和“意外伤害门诊急诊医疗责任”，两者描述的保险责任不完全一致。
3. 领取方式: 不涉及

【文件2】

1. 受益人: 不涉及赔付&领取规则
2. 保险责任的赔付: 无冲突
   - 文件1和文件2都描述了意外伤害住院医疗和门诊急诊医疗各自的保险责任和赔付比例，不存在明显冲突。
3. 领取方式: 不涉及
2025-06-28 12:28:00 - text_comparison.py:92 - 0|2 result=1. 对于文件1和文件2中相同的描述内容，如“意外伤害住院医疗保险金”、“意外伤害门急诊医疗保险金”、“意外伤害事故”、“住院治疗”、“必需且合理的医疗费用”等，两者描述不存在明显冲突；
2. 文件1中提到了“免赔额”的概念，而文件2中则描述了免赔额的计算方式和抵扣条件。由于两份文件中关于免赔额的规定不同，因此存在冲突；
3. 文件1中对“保险金额”的描述是“保险人承担给付保险金责任的最高限额”，而文件2中则是“国内医疗总保险金额为5万元”。这两者描述存在冲突。
2025-06-28 12:29:40 - text_comparison.py:92 - 1|2 result=根据题目要求，需要对比分析这两份文件中关于赔付&领取规则的部分，找出是否存在明显相互冲突的情况。

对比文件1和文件2，我们发现以下内容存在明显冲突：

1. 文件1 中的"意外伤害住院医疗责任"部分中规定了"对于被保险人获得补偿后的医疗费用的余额按100%的赔付比例给付本项保险金；未获得基本医疗保险或公费医疗补偿的，本项保险金赔付比例调整为60%"，而文件2 中则将该部分修改为"获得基本医疗保险或公费医疗补偿的，对被保险人获得补偿后的医疗费用的余额按50%的赔付比例给付本项保险金；未获得基本医疗保险或公费医疗补偿的，本项保险金赔付比例调整为30%";
2. 文件1 中的"意外伤害门诊急诊医疗责任"部分中规定了"在扣除每次意外事故导致的意外伤害门诊急诊医疗免赔额100元后，获得基本医疗保险或公费医疗补偿的，对被保险人获得补偿后的医疗费用的余额按50%的赔付比例给付本项保险金；未获得基本医疗保险或公费医疗补偿的，本项保险金赔付比例调整为30%"，而文件2 中则将该部分修改为"获得基本医疗保险或公费医疗补偿的，对被保险人获得补偿后的医疗费用的余额按50%的赔付比例给付本项保险金；未获得基本医疗保险或公费医疗补偿的，本项保险金赔付比例调整为30%";

因此，以上两项内容存在明显的矛盾和差异。

结果：有冲突
2025-06-28 12:29:40 - text_comparison.py:99 - results: [True, True, True]
2025-06-28 12:29:40 - text_comparison.py:106 - ===============cnt=117 || material_id='m_00092a' || rule='赔付 & 领取规则' || end_result=True===============
2025-06-28 12:29:40 - text_comparison.py:57 - ===============cnt=118 || material_id='m_00093a' || rule='投保条款' || label=None===============
2025-06-28 12:29:40 - text_comparison.py:62 - load data ../data/clean_data_qwen2.5-72b-instruct/materials/m_00093a/HEALTH_INFORM/投保条款.txt...
2025-06-28 12:29:40 - text_comparison.py:62 - load data ../data/clean_data_qwen2.5-72b-instruct/materials/m_00093a/INTRODUCE_IMG/投保条款.txt...
2025-06-28 12:29:40 - text_comparison.py:62 - load data ../data/clean_data_qwen2.5-72b-instruct/materials/m_00093a/HEAD_IMG/投保条款.txt...
2025-06-28 12:29:40 - text_comparison.py:62 - load data ../data/clean_data_qwen2.5-72b-instruct/materials/m_00093a/CLAUSE/投保条款.txt...
2025-06-28 12:29:40 - text_comparison.py:62 - load data ../data/clean_data_qwen2.5-72b-instruct/materials/m_00093a/INSURE_NOTICE/投保条款.txt...
2025-06-28 12:29:40 - text_comparison.py:62 - load data ../data/clean_data_qwen2.5-72b-instruct/materials/m_00093a/ADDITIONAL_AGREEMENT/投保条款.txt...
2025-06-28 12:29:40 - text_comparison.py:62 - load data ../data/clean_data_qwen2.5-72b-instruct/materials/m_00093a/LIABILITY_EXCLUSION/投保条款.txt...
2025-06-28 12:31:52 - text_comparison.py:92 - 0|1 result=根据题目要求，需要对两份文件中涉及投保条款的内容进行对比，找出是否存在明显相互冲突的情况。对比过程中需要注意的是，只比较相同条件下两份文件的描述是否冲突，如果对某件事物，其中一份文件未明确说明、或者省略说明时不必进行比较，即表示没有冲突。

首先看文件1和文件2中共同涉及的条款内容：

1. 投保范围

两份文件都指定了投保年龄范围为0周岁至70周岁，并且都以周岁计算，因此该部分描述不存在冲突。

2. 保险费的支付

两份文件都指出了保险费的支付方式和交费期间需要由投保人和保险公司约定并在保险单上载明，但是并未对分期支付保险费时在支付首期保险费后如何支付当期应交保险费作出明确规定。因此，此处存在冲突。

3. 宽限期

两份文件都指出了宽限期为60天，并且都在宽限期内保险公司仍然承担保险责任，只是在给付保险金时会扣减欠交的保险费，因此该部分描述不存在冲突。

4. 效力中止与恢复

两份文件在该部分描述基本一致，只是在表述上略有差异，因此该部分描述不存在冲突。

5. 年龄错误的处理

两份文件对该部分的处理方式不同。文件1中指出了在申请投保时应将与有效身份证件相符的被保险人的出生日期填明，如果发生错误则分别有不同的处理方式；而文件2中未提及出生日期填明的要求，也未对年龄错误的处理方式进行说明，因此该部分描述存在冲突。

综合以上分析，我们可以得出结论：这两份文件在投保条款方面存在明显的冲突，主要集中在第2和5部分的描述上。对于第2部分，两份文件均指出了保险费的支付方式和交费期间需要由投保人和保险公司约定并在保险单上载明，但是在分期支付保险费时如何支付当期应交保险费的规定上存在矛盾；对于第5部分，文件1中指出了年龄错误的不同处理方式，而文件2中未对此进行说明，因此该部分描述存在冲突。除此之外，两份文件的其他内容描述不存在冲突。
2025-06-28 12:32:53 - text_comparison.py:92 - 0|2 result=【文件1】中有如下描述：“3.2 宽限期……如果保单宽限期结束之时您仍未支付保险费，则本合同自宽限期满的次日零时起效力中止。”

【文件2】中有如下描述：“9.2保险事故发生时的保险金给付若被保险人在保险期间内不幸发生意外伤害事故，并导致其身体残疾、疾病或身故，则我们依据本合同的相应保险责任给付保险金。如同时符合多项保险责任的，我们按照各单项保险责任所对应的给付标准分别给付，但累计给付总额不得超过该被保险人身故时我们应当给付的保险金额。”

对比来看，这两份文件中关于保险责任的描述是相互补充的，不存在冲突。但是，由于文件1中缺少关于“宽限期”的详细说明，因此无法确定其在何种情况下会将保险合同的效力中止。在这种情况下，建议对文件1进行补充，以便更好地理解其条款内容。
2025-06-28 12:33:47 - text_comparison.py:92 - 1|2 result=《文件1》和《文件2》中都有涉及投保人的年龄限制和投保金额的描述，但是在具体描述上存在差异，因此存在冲突。以下是具体的判断依据：

  * 文件1中规定投保人不得为未成年人投保超过20万/10周岁以下或者50万/10周岁以上的人寿保险。但是文件2中没有对投保人投保的金额作出限制，只是说明了父母为未成年人投保的身故保险金总额不能超过50万。
  * 文件1中并未规定投保人需要提供家庭收入情况，而文件2中则要求投保人声明投保金额不超过家庭年收入的一定比例。由于这两个文件是针对不同的保险公司和产品，因此可能有不同的规范和要求，但是在投保过程中应当遵循相关法规，避免违规操作。对于同一款产品而言，应该遵循更严格的规定。

因此，根据上述信息，我们认为这两份文件存在冲突。
2025-06-28 12:33:47 - text_comparison.py:99 - results: [True, True, True]
2025-06-28 12:33:47 - text_comparison.py:106 - ===============cnt=118 || material_id='m_00093a' || rule='投保条款' || end_result=True===============
2025-06-28 12:33:47 - text_comparison.py:57 - ===============cnt=119 || material_id='m_00034a' || rule='投保条款' || label=None===============
2025-06-28 12:33:47 - text_comparison.py:62 - load data ../data/clean_data_qwen2.5-72b-instruct/materials/m_00034a/INTRODUCE_IMG/投保条款.txt...
2025-06-28 12:33:47 - text_comparison.py:62 - load data ../data/clean_data_qwen2.5-72b-instruct/materials/m_00034a/HEAD_IMG/投保条款.txt...
2025-06-28 12:33:47 - text_comparison.py:62 - load data ../data/clean_data_qwen2.5-72b-instruct/materials/m_00034a/CLAUSE/投保条款.txt...
2025-06-28 12:33:47 - text_comparison.py:62 - load data ../data/clean_data_qwen2.5-72b-instruct/materials/m_00034a/INSURE_NOTICE/投保条款.txt...
2025-06-28 12:33:47 - text_comparison.py:62 - load data ../data/clean_data_qwen2.5-72b-instruct/materials/m_00034a/LIABILITY_EXCLUSION/投保条款.txt...
2025-06-28 12:34:42 - text_comparison.py:92 - 0|1 result=保险人的责任开始前，投保人要求解除保险合同的，应当按照合同约定向保险人支付手续费，保险人应当退还保险费；保险责任开始后，投保人要求解除保险合同的，自书面通知保险人之日起，保险合同解除。保险人按短期费率收取自保险责任开始之日起至合同解除之日止期间的保险费，不足一个月的按一个月收取，并退还剩余的部分保险费。保险人亦可发出解约通知书解除本保险合同。保险人按日费率收取自保险责任开始之日起至合同解除之日止期间的保险费，并退还剩余的部分保险费。
2025-06-28 12:34:51 - text_comparison.py:92 - 0|2 result=【燃气保险】

做出判断的简易理由: 文件1和文件2都没有关于燃气保险的描述

结果: 无冲突
2025-06-28 12:34:58 - text_comparison.py:92 - 1|2 result=无冲突
2025-06-28 12:34:58 - text_comparison.py:99 - results: [True, True, True]
2025-06-28 12:34:58 - text_comparison.py:106 - ===============cnt=119 || material_id='m_00034a' || rule='投保条款' || end_result=True===============
2025-06-28 12:34:58 - text_comparison.py:57 - ===============cnt=120 || material_id='m_00094a' || rule='责任免除' || label=None===============
2025-06-28 12:34:58 - text_comparison.py:62 - load data ../data/clean_data_qwen2.5-72b-instruct/materials/m_00094a/INTRODUCE_IMG/责任免除.txt...
2025-06-28 12:34:58 - text_comparison.py:62 - load data ../data/clean_data_qwen2.5-72b-instruct/materials/m_00094a/HEAD_IMG/责任免除.txt...
2025-06-28 12:34:58 - text_comparison.py:62 - load data ../data/clean_data_qwen2.5-72b-instruct/materials/m_00094a/CLAUSE/责任免除.txt...
2025-06-28 12:34:58 - text_comparison.py:62 - load data ../data/clean_data_qwen2.5-72b-instruct/materials/m_00094a/INSURE_NOTICE/责任免除.txt...
2025-06-28 12:34:58 - text_comparison.py:62 - load data ../data/clean_data_qwen2.5-72b-instruct/materials/m_00094a/ADDITIONAL_AGREEMENT/责任免除.txt...
2025-06-28 12:34:58 - text_comparison.py:62 - load data ../data/clean_data_qwen2.5-72b-instruct/materials/m_00094a/LIABILITY_EXCLUSION/责任免除.txt...
2025-06-28 12:35:32 - text_comparison.py:92 - 0|1 result=【文件1】中仅有一处与【文件2】中的责任免除内容相同，即“保单一旦生效，不接受退保，亦不接受任何原因导致的航班信息变更及改签”，因此存在冲突。

- <thing>作出判断的简易理由</thing>: 只比较相同条件下两份文件的描述是否冲突，如果对某件事物，其中一份文件未明确说明、或者省略说明时不必进行比较，即表示没有冲突。
- <result>有冲突</result>
2025-06-28 12:37:35 - text_comparison.py:92 - 0|2 result=对于上述两个文件，我会根据您提供的规则来判断它们之间的冲突情况。

首先，我会忽略掉一些无需比较的情况，例如：
- 文件1 中第8条和文件2 中第(六)条均指明了某些情况下保险公司不承担保险责任，但是这两条都是类似的描述，因此不需要进行比较。
- 文件1 中第5条和文件2 中第(二)条都涉及到了"退票、改签、作废、失效的"四种情况，因此可以进行比较。 

接下来，我会将相同的条件进行对比：

1. 文件1 中第1条和文件2 中第(一)条都指明了保险公司不承担保险责任的情况之一是"被保险人非以乘客身份搭乘航班"，因此存在冲突。
2. 文件1 中第3条和文件2 中第(五)条都指明了保险公司不承担保险责任的情况之一是"被保险人预订的航班于预定起飞时间前已经被宣告取消的"，因此存在冲突。
3. 文件1 中第7条和文件2 中第(七)条都指明了保险公司不承担保险责任的情况之一是"国家机关的执法或司法行为"，因此存在冲突。

最后，我会按照提供的格式输出结果：

| 作出判断的简易理由 | 有冲突|
|---|---|
| 文件1 中第1条和文件2 中第(一)条都指明了保险公司不承担保险责任的情况之一是"被保险人非以乘客身份搭乘航班"，因此存在冲突。 | |
| 文件1 中第3条和文件2 中第(五)条都指明了保险公司不承担保险责任的情况之一是"被保险人预订的航班于预定起飞时间前已经被宣告取消的"，因此存在冲突。 | |
| 文件1 中第7条和文件2 中第(七)条都指明了保险公司不承担保险责任的情况之一是"国家机关的执法或司法行为"，因此存在冲突。 | |

因此，我可以得出结论：这两个文件存在冲突。
2025-06-28 12:40:03 - text_comparison.py:92 - 0|3 result=根据给出的两份文件，以下是它们关于责任免除部分的描述的比较结果：

(1) 对于第一项责任免除描述，两份文件存在冲突。虽然这两份文件都规定了保险产品仅适用于国际民航定期航班，但是文件一明确规定排除了泰国东方航空航班，而文件二则没有明确提到这一点。

(2) 对于第二项责任免除描述，两份文件不存在冲突。因为这两份文件都在同样情况下进行了相同的描述，即仅承保保单生效当天起飞的1个航段，每张保单最高赔付限额为300元。

(3) 对于第三项责任免除描述，两份文件不存在冲突。因为这两份文件都在同样情况下进行了相同的描述，即保险最早生效时间为投保成功后的次日零时，当日航班无法承保。

(4) 对于第四项责任免除描述，两份文件不存在冲突。因为这两份文件都没有明确提到或者规定在什么情况下可以进行退保或者更改航班信息。

(5) 对于第五项责任免除描述，两份文件存在冲突。虽然这两份文件都在同样情况下进行了相同的描述，即若投保的单一航段发生了延误，但其对应的客票发生原定起飞时间后的改签、退票、任何原因的作废或未使用的，保险公司不承担保险责任并且不退还任何费用。但是在文件一中还有一条额外的规定，即保单一旦生效，不接受退保，亦不接受任何原因导致的航班信息变更及改签。因此，这两份文件在这个问题上的描述是相互冲突的。

(6) 对于第六项责任免除描述，两份文件存在冲突。虽然这两份文件都在同样情况下进行了相同的描述，即若发生航班取消/备降/返航的，保险公司不承担保险责任。但是文件一中还有一条额外的规定，即本保险仅包含单一航段延误保障，若发生航班取消/备降/返航的，不承担保险责任；而文件二中则没有这条额外的规定，只是说明了本保险产品仅包含单一航段延误保障，若被保险人投保的航段发生航班取消/备降/返航的，保险公司不承担保险责任。因此，这两份文件在这个问题上的描述是相互冲突的。

(7) 对于第七项责任免除描述，两份文件存在冲突。虽然这两份文件都在同样情况下进行了相同的描述，即若本保险合同载
2025-06-28 12:42:18 - text_comparison.py:92 - 0|4 result=对于文件1和文件2中相同的描述内容，我们进行如下比较：

对于[文件1]中的"责任免除"部分，共有8条相关条款；而对于[文件2]中的"保险人不承担赔偿责任"部分，共有7条相关条款。可见，这两份文件虽然都是针对类似的事物进行描述，但是它们描述的内容是有差异的。

对于这些差异，我们可以逐一对比[文件1]和[文件2]中的每一条款：

1. 对于第1条描述，[文件1]中指出本保险产品仅限国际民航定期航班，而[文件2]中并未明确排除特定航空公司，因此存在冲突。

2. 对于第2条描述，[文件1]规定每张保单最高赔付限额为300元，而[文件2]中没有相关描述，因此存在冲突。

3. 对于第3条描述，[文件1]指出保险最早生效时间为投保成功后的次日零时，而[文件2]没有明确相关限制，因此存在冲突。

4. 对于第4条描述，[文件1]规定保单一旦生效不接受退保和更改航班等信息，而[文件2]中也有类似的描述，因此不存在冲突。

5. 对于第5条描述，[文件1]规定若投保的单一航段发生了延误，但是未实际乘坐该航段则不承担保险责任，而[文件2]也没有相关的描述，因此存在冲突。

6. 对于第6条描述，[文件1]指出本保险仅包含单一航段延误保障，而[文件2]中指出了多种情况不承担赔偿责任，因此存在冲突。

7. 对于第7条描述，[文件1]指出航班延误的标准为自原定起飞时间开始计算至实际起飞时间为止，而[文件2]没有相关描述，因此存在冲突。

综上所述，经过对比分析，可以得出结论：文件1与文件2存在冲突的情况包括：

- 保险责任范围不同，例如仅限国际民航定期航班、不包括泰国东方航空航班，以及排除了某些特殊情况下的航班等。
- 赔偿金额限额存在差异。
- 保险生效时间和保险责任期间有所不同。
- 对于航班延误情况的解释不一致。

因此，这两份文件存在冲突。
2025-06-28 12:42:54 - text_comparison.py:92 - 1|2 result=有冲突

- 文件1中列举的是保险人不承担赔偿责任的情况，而文件2中列举的则是被保险人不能获得赔偿的情况。虽然这两份文件都是关于航班保险的，但是它们描述的是不同的方面，因此存在冲突。
- 在文件1中，第(六)条列出了“预订机票时，已获知可能导致其预定搭乘的航班延误或取消的情况或条件”这一情况下的免责条款，但是在文件2中并没有出现类似的内容。
- 因此，根据上述对比结果，可以得出结论，这两份文件存在明显的冲突。
2025-06-28 12:45:11 - text_comparison.py:92 - 1|3 result=根据题目要求，需要对比分析这两份文件中关于责任免除的描述，对于相同的条款内容，需要判断是否出现明显的相互冲突。

针对给出的两份文件，我们首先将它们的责任免除条款进行了提取和整理：

文件1：
- (四)战争、军事活动、劫机、罢工、骚乱、暴动或恐怖活动；
- (五)被保险人预定的航班于预定起飞时间前已经被宣告取消的；
- (六)被保险人预订机票时，已获知可能导致其预定搭乘的航班延误或取消的情况或条件，包括但不限于任何罢工或其它工人抗议活动、任何自然灾害、旅行目的地突发传染病、或军事演习；
- (七)国家机关的执法或司法行为；
- (八)航班所属的航空公司破产。

文件2：
- (3) 本保险产品须在投保航班计划起飞前1日进行投保，对于当日航班，不可投保本保险产品;若投保，本公司不承担保险责任；
- (5) 若投保的单一航段发生了延误，但其对应的客票发生原定起飞时间后的改签、退票、任何原因的作废或未使用的，本公司不承担保险责任并不退还任何费用;
- (6) 本保险产品仅包含单一航段延误保障，若被保险人投保的航段发生航班取消/备降/返航的，本公司不承担保险责任；
- (7) 若本保险合同载明的航段满足延误赔付条件但被保险人未实际乘坐该航段，则本公司不承担保险责任；
- (8) 航班延误标准: 自被保险人保险单载明的航段始发地的原定起飞时间开始计算，至该航段实际起飞时间为止，以第三方数据为准;若该航班有经停且在经停的地方发生起飞延误的，本公司不承担保险责任并不退还任何费用。

比较这两份文件的责任免除条款可以发现，除了文件2 中的第(3)、(5)、(6)、(7)条外，其他条款都是重复的。因此，这两份文件的责任免除描述之间存在明显的冲突。

因此，对于这两份文件的描述结果如下：

责任免除描述存在明显冲突！

以上是对于题目要求的分析与解答。
2025-06-28 12:45:54 - text_comparison.py:92 - 1|4 result=有冲突

根据题目要求，需要对比分析这两份文件中对于"责任免除"的描述。在对比过程中，只比较相同条件下两份文件的描述是否冲突。

在这两份文件中，虽然有一些类似的条款描述，但是也存在一些差异。例如：

(四) 中，第一份文件描述为 "战争、军事活动、劫机、罢工、骚乱、暴动或恐怖活动"，而第二份文件描述为 "战争、军shi活动、劫机、罢工、骚动、暴动或恐布活动"，其中将"恐怖活动"与"恐布活动"进行了区分，因此这两份文件存在冲突。

因此，最终判断为有冲突。
2025-06-28 12:46:23 - text_comparison.py:92 - 2|3 result=无冲突

根据题目要求，只需要比较相同条件下的两份文件描述是否冲突即可。对比文件1和文件2，可以发现它们都没有出现重复的描述，因此可以判断这两份文件之间不存在明显相互冲突的情况。

对于某些情况，其中一份文件未明确说明或者省略说明时不必进行比较，即表示没有冲突。因此，在比较中可以忽略这些描述。

根据上述规则，我们可以得出结论：这两份文件之间不存在明显的冲突。
2025-06-28 12:46:40 - text_comparison.py:92 - 2|4 result=有冲突

文件1与文件2中对于免赔责任的描述基本一致，但在第六条中存在细微差别，文件1中使用的是"旅行目的地突发传染病"，而文件2中使用的是"任何自然灾害"。因此，这两份文件存在冲突。
2025-06-28 12:47:36 - text_comparison.py:92 - 3|4 result=根据题目要求，我们需要比较文件1和文件2中相同条件下的描述是否存在冲突。对比两份文件中的描述，我们发现以下情况存在冲突：

(3) 文件1中规定：“若投保的单一航段发生了延误，但其对应的客票发生原定起飞时间后的改签、退票、任何原因的作废或未使用的，本公司不承担保险责任并不退还任何费用”，而文件2中却规定：“任何情况下被保险人持有的客票状态为退票、改签、作废、失效的，保险人不承担赔偿责任”。由于文件1中仅指明单一航段延误的情况下，对于相应的客票发生上述情况的不承担保险责任，而文件2中则将范围扩大到了所有情况下的退票、改签等行为，因此这两份文件在此处存在冲突。

其他部分的描述不存在冲突。

根据以上分析，得出如下结果：

- 有冲突
2025-06-28 12:47:36 - text_comparison.py:99 - results: [True, True, True, True, True, True, True, True, True, True]
2025-06-28 12:47:36 - text_comparison.py:106 - ===============cnt=120 || material_id='m_00094a' || rule='责任免除' || end_result=True===============
2025-06-28 12:47:36 - text_comparison.py:57 - ===============cnt=121 || material_id='m_00095a' || rule='退保条款' || label=None===============
2025-06-28 12:47:36 - text_comparison.py:62 - load data ../data/clean_data_qwen2.5-72b-instruct/materials/m_00095a/CLAUSE/退保条款.txt...
2025-06-28 12:47:36 - text_comparison.py:62 - load data ../data/clean_data_qwen2.5-72b-instruct/materials/m_00095a/INSURE_NOTICE/退保条款.txt...
2025-06-28 12:47:36 - text_comparison.py:62 - load data ../data/clean_data_qwen2.5-72b-instruct/materials/m_00095a/ADDITIONAL_AGREEMENT/退保条款.txt...
2025-06-28 12:47:36 - text_comparison.py:62 - load data ../data/clean_data_qwen2.5-72b-instruct/materials/m_00095a/LIABILITY_EXCLUSION/退保条款.txt...
2025-06-28 12:47:36 - text_comparison.py:72 - ===============<=1 cnt=121 || material_id='m_00095a' || rule='退保条款' || end_result=True===============
2025-06-28 12:47:36 - text_comparison.py:57 - ===============cnt=122 || material_id='m_00096a' || rule='基础产品销售信息' || label=None===============
2025-06-28 12:47:36 - text_comparison.py:62 - load data ../data/clean_data_qwen2.5-72b-instruct/materials/m_00096a/HEALTH_INFORM/基础产品销售信息.txt...
2025-06-28 12:47:36 - text_comparison.py:62 - load data ../data/clean_data_qwen2.5-72b-instruct/materials/m_00096a/INTRODUCE_IMG/基础产品销售信息.txt...
2025-06-28 12:47:36 - text_comparison.py:62 - load data ../data/clean_data_qwen2.5-72b-instruct/materials/m_00096a/HEAD_IMG/基础产品销售信息.txt...
2025-06-28 12:47:36 - text_comparison.py:62 - load data ../data/clean_data_qwen2.5-72b-instruct/materials/m_00096a/CLAUSE/基础产品销售信息.txt...
2025-06-28 12:47:36 - text_comparison.py:62 - load data ../data/clean_data_qwen2.5-72b-instruct/materials/m_00096a/INSURE_NOTICE/基础产品销售信息.txt...
2025-06-28 12:47:36 - text_comparison.py:62 - load data ../data/clean_data_qwen2.5-72b-instruct/materials/m_00096a/ADDITIONAL_AGREEMENT/基础产品销售信息.txt...
2025-06-28 12:47:36 - text_comparison.py:62 - load data ../data/clean_data_qwen2.5-72b-instruct/materials/m_00096a/LIABILITY_EXCLUSION/基础产品销售信息.txt...
2025-06-28 12:50:01 - text_comparison.py:92 - 0|1 result=对于该保险产品的基础配置信息，有两个文件提供了不同的描述和表达。我会根据提供的规则来判断这两份文件是否存在明显相互冲突的情况。

首先，我会忽略掉文件中没有明确说明或者省略说明的事项，因为这些内容不需要进行比较。根据这个规则，我们可以排除一些描述，例如适用条款、生效时间、投保人要求、被保险人年龄、被保险人职业类别、持续失能收入损失保险金给付日、保险费、保险期间、犹豫期、基本保险金额、保险责任及除外责任、住院失能收入损失保险金约定的特定手术、给付限额与给付月数、退保损失、保单现金价值、宽限期等。

经过筛选后，我们需要对比的描述如下：

1. 适用条款：《XXXXX失能收入损失保险》条款（报备编号：XXXXX、条款编码：XXXXX）

2. 被保险人职业类别：被保险人为以下职业的不得投保：（1）矿工、采石工、采砂工、爆破工、高压电工程设施人员、海洋船员、潜水员、火药炸药制造及处理人、特技演员、驯兽师、防暴警察、特种兵、战地记者、高空作业人员、脚手架上工作人员、桥梁隧道施工人员、空中杂技人员、钢结构工人、大货车司机。（根据您的需求修改)

3. 功能损伤失能收入损失保险金

4. 给付月数：我们每月限给付一次失能收入损失保险金且给付金额不超过本合同约定的基本保险金额。如果被保险人同时符合本保险条款第2.4.1至2.4.3条所约定的三项失能收入损失保险金保险责任中的两项及两项以上时，我们仅按应给付的保险金金额最高的一项责任承担该次给付保险金的责任。无论我们在本保险条款第2.4.1至2.4.3条约定的责任范围内给付何种失能收入损失保险金，我们累计给付失能收入损失保险金的给付月数最长为100个月。当我们累计给付失能收入损失保险金的给付月数达到100个月时，本合同保险责任终止，我们不再承担给付保险金的责任。

根据上述内容对比，我发现两个文件的描述是相互矛盾的。具体而言，文件
2025-06-28 12:50:01 - text_comparison.py:99 - results: [True]
2025-06-28 12:50:01 - text_comparison.py:106 - ===============cnt=122 || material_id='m_00096a' || rule='基础产品销售信息' || end_result=True===============
2025-06-28 12:50:01 - text_comparison.py:57 - ===============cnt=123 || material_id='m_00046a' || rule='责任免除' || label=None===============
2025-06-28 12:50:01 - text_comparison.py:62 - load data ../data/clean_data_qwen2.5-72b-instruct/materials/m_00046a/CLAUSE/责任免除.txt...
2025-06-28 12:50:01 - text_comparison.py:62 - load data ../data/clean_data_qwen2.5-72b-instruct/materials/m_00046a/INSURE_NOTICE/责任免除.txt...
2025-06-28 12:50:01 - text_comparison.py:62 - load data ../data/clean_data_qwen2.5-72b-instruct/materials/m_00046a/ADDITIONAL_AGREEMENT/责任免除.txt...
2025-06-28 12:50:01 - text_comparison.py:62 - load data ../data/clean_data_qwen2.5-72b-instruct/materials/m_00046a/LIABILITY_EXCLUSION/责任免除.txt...
2025-06-28 12:51:00 - text_comparison.py:92 - 0|1 result=根据题目要求，我们只需要比较这两份文件中关于“责任免除”的内容。从文件1中可以看出，该产品的责任免除主要包括投保前已有的疾病、先天性疾病、遗传性疾病、各种手术及并发症、非治疗性行为、特殊医疗行为、矫形、整容等。从文件2中可以看出，该产品的责任免除主要包括投保前的疾病、先天性疾病、遗传性疾病、精神疾病、精神病、已知的疾病和症状等。因此，我们可以得出以下结论：
对于某些疾病的描述，两份文件均有责任免除条款，但在具体疾病种类上有所差异，因此存在明显冲突。对于非治疗性行为及特殊医疗行为，只有文件1中有责任免除条款，而文件2中并未涉及，因此不存在冲突。此外，两份文件均规定了保险金给付责任以一份为限，因此也存在一定的相似性。综上所述，我们可以将责任免除描述的简易理由输出为：“有冲突”。
2025-06-28 12:51:58 - text_comparison.py:92 - 0|2 result=【责任免除】方面，两个文件中都有列出一些情况，但在某些条款上有明显的差异。例如，在第一个文件中，“被保险人流产（但因遭受意外伤害所致不在此限）”是责任免除的事项之一，但在第二个文件中却将“被保险人流产、堕胎、分娩、不孕症、避孕或绝育手术、变性手术、人体试验和人工生殖，及由此而引起的并发症”列为责任免除的事项之一，因此这两个条款之间可能存在一定的冲突。另外，在第一个文件中，“用于矫形、整容、美容、心理咨询、器官移植、角膜屈光成形手术或修复、安装及购买残疾用具（如轮椅、假肢、助听器、假眼、假牙、配镜等）的费用”，而在第二个文件中则没有类似的描述，这也可能构成了两个文件之间的冲突。综上所述，这两个文件可能存在一定程度上的责任免除方面的冲突。
2025-06-28 12:54:36 - text_comparison.py:92 - 0|3 result=保险责任与责任免除部分对比结果如下：

文件1 中涉及到的责任免除事项有：
(一) 被保险人生病所支付的费用；
(二) 被保险人健康护理(含体检、健康体检、疗养、特别护理或静养)等非治疗性的行为及无客观病征证明其不健康及以捐献身体器官为目的的医疗行为；
(三) 被保险人流产（但因遭受意外伤害所致不在此限）、堕胎、分娩、不孕症、避孕或绝育手术、变性手术、人体试验和人工生殖，及由此而引起的并发症；
(四) 被保险人发生的护理（陪住）费、取暖费、交通费、误工费、空调费、膳食费、特需服务费、营养性药品等需要自理的费用；
(五) 用于矫形、整容、美容、心理咨询、器官移植、角膜屈光成形手术或修复、安装及购买残疾用具（如轮椅、假肢、助听器、假眼、假牙、配镜等）的费用；
(六) 被保险人在家自设病床治疗；
(七) 被保险人在非认可的医疗机构治疗发生的医疗费用或保险单签发地社会医疗保险主管部门规定的自费项目；
(八) 主险合同中列明的“责任免除”事项；
(九) 其它在保险单或保险凭证中载明的责任免除事项及免赔额、免赔率。

文件2 中涉及到的责任免除事项有：
1. 投保人的故意行为；
2. 被保险人自致伤害或自杀，但被保险人自杀时为无民事行为能力人的除外；
3. 被保险人受酒精、药物或麻醉品影响而导致的损伤；
4. 被保险人从事犯罪活动期间；
5. 被保险人从事恐怖主义活动期间；
6. 被保险人参与任何非法行为期间；
7. 被保险人从事潜水、跳伞、滑雪、赛马、赛车等危险运动期间；
8. 被保险人参加拳击、散打、柔道、跆拳道、武术比赛期间；
9. 被保险人感染艾滋病病毒或患有艾滋病期间；
10. 被保险人因整容手术、性别重置手术等原因改变生理
2025-06-28 12:55:22 - text_comparison.py:92 - 1|2 result=【文件1】中的责任免除与【文件2】中的特别约定存在冲突。具体表现为：

  * 【文件1】中第七条列明了被保险人首次投保前所患疾病及先天性、遗传性疾病和已有伤残导致的保险事故为除外责任，而【文件2】中的第九条则规定了被保险人在出险后应到指定医院就诊，如在出险地或经常居住地以外就医必须经保险公司书面同意，否则保险公司不承担赔偿责任。
  * 【文件2】中的第十四条虽然也规定了同一保险期间内保险人对其承担的保险金给付责任以壹份为限，但是比【文件1】更为具体，指出了在保险事故发生后如何处理的问题。

因此，这两份文件存在冲突。
2025-06-28 12:55:38 - text_comparison.py:92 - 1|3 result=【thing】责任免除内容对比 【result】有冲突
2025-06-28 12:56:08 - text_comparison.py:92 - 2|3 result=【特别约定】 中关于“被保险人首次投保前所患疾病及先天性、遗传性疾病和已有伤残导致的保险事故为除外责任”的描述与文件2中的“投保前罹患的疾病和症状，以及与此相关的疾病和症状，保险人不承担给付保险金的责任”存在明显的冲突。另外，“已知怀孕的妇女”也在文件2的责任免除事项中列出，但在文件1中并没有类似的描述。因此，这两份文件存在冲突。
2025-06-28 12:56:08 - text_comparison.py:99 - results: [True, True, True, True, True, True]
2025-06-28 12:56:08 - text_comparison.py:106 - ===============cnt=123 || material_id='m_00046a' || rule='责任免除' || end_result=True===============
2025-06-28 12:56:08 - text_comparison.py:57 - ===============cnt=124 || material_id='m_00097a' || rule='附加条款' || label=None===============
2025-06-28 12:56:08 - text_comparison.py:62 - load data ../data/clean_data_qwen2.5-72b-instruct/materials/m_00097a/INTRODUCE_IMG/附加条款.txt...
2025-06-28 12:56:08 - text_comparison.py:62 - load data ../data/clean_data_qwen2.5-72b-instruct/materials/m_00097a/HEAD_IMG/附加条款.txt...
2025-06-28 12:56:08 - text_comparison.py:62 - load data ../data/clean_data_qwen2.5-72b-instruct/materials/m_00097a/CLAUSE/附加条款.txt...
2025-06-28 12:56:08 - text_comparison.py:62 - load data ../data/clean_data_qwen2.5-72b-instruct/materials/m_00097a/INSURE_NOTICE/附加条款.txt...
2025-06-28 12:56:08 - text_comparison.py:62 - load data ../data/clean_data_qwen2.5-72b-instruct/materials/m_00097a/ADDITIONAL_AGREEMENT/附加条款.txt...
2025-06-28 12:56:08 - text_comparison.py:62 - load data ../data/clean_data_qwen2.5-72b-instruct/materials/m_00097a/LIABILITY_EXCLUSION/附加条款.txt...
2025-06-28 12:56:08 - text_comparison.py:72 - ===============<=1 cnt=124 || material_id='m_00097a' || rule='附加条款' || end_result=True===============
2025-06-28 12:56:08 - text_comparison.py:57 - ===============cnt=125 || material_id='m_00016a' || rule='投保条款' || label=None===============
2025-06-28 12:56:08 - text_comparison.py:62 - load data ../data/clean_data_qwen2.5-72b-instruct/materials/m_00016a/INTRODUCE_IMG/投保条款.txt...
2025-06-28 12:56:08 - text_comparison.py:62 - load data ../data/clean_data_qwen2.5-72b-instruct/materials/m_00016a/HEAD_IMG/投保条款.txt...
2025-06-28 12:56:08 - text_comparison.py:62 - load data ../data/clean_data_qwen2.5-72b-instruct/materials/m_00016a/CLAUSE/投保条款.txt...
2025-06-28 12:56:08 - text_comparison.py:62 - load data ../data/clean_data_qwen2.5-72b-instruct/materials/m_00016a/INSURE_NOTICE/投保条款.txt...
2025-06-28 12:56:08 - text_comparison.py:62 - load data ../data/clean_data_qwen2.5-72b-instruct/materials/m_00016a/ADDITIONAL_AGREEMENT/投保条款.txt...
2025-06-28 12:56:08 - text_comparison.py:62 - load data ../data/clean_data_qwen2.5-72b-instruct/materials/m_00016a/LIABILITY_EXCLUSION/投保条款.txt...
2025-06-28 12:56:17 - text_comparison.py:92 - 0|1 result=无冲突
2025-06-28 12:57:48 - text_comparison.py:92 - 0|2 result=根据题目要求，我们需要对比分析两份文件中关于“投保条件”、“承保年龄范围”、“保险期间”、“同一被保险人投保份数限制”、“保险金额限制”的描述是否冲突。

对于“投保条件”，文件1没有相关描述，而文件2中列出了详细的投保条件要求；因此，在这个方面，两份文件存在冲突。

对于“承保年龄范围”，文件1没有相关描述，而文件2中针对不同计划分别规定了不同的承保年龄范围；因此，在这个方面，两份文件存在冲突。

对于“保险期间”，文件1没有相关描述，而文件2中规定保险期间必须覆盖被保险人离开及返回日常生活、工作所在地的旅行期间；因此，在这个方面，两份文件存在冲突。

对于“同一被保险人投保份数限制”，文件1没有相关描述，而文件2中规定本产品在同一保险期限内每一被保险人投保以壹份为限；因此，在这个方面，两份文件存在冲突。

对于“保险金额限制”，文件1没有相关描述，而文件2中针对未成年人作为被保险人的人身保险，规定了在被保险人成年之前，各保险公司实际给付的保险金总和的上限；因此，在这个方面，两份文件存在冲突。

综合以上分析，我们可以得出结论：

投保条件的描述、承保年龄范围的描述、保险期间的描述、同一被保险人投保份数限制的描述、保险金额限制的描述都存在冲突。

因此，我们给出的判断结果是“有冲突”。
2025-06-28 12:58:18 - text_comparison.py:92 - 0|3 result=【文件1】中没有明确说明的事项，与【文件2】中的内容相比，不存在明显冲突的情况。

对于【文件2】中的内容，根据描述，“意外身故、伤残”类、“附加猝死保险”和“医疗费用”类的保险金额在不同年龄段有不同的规定，这与文件中的其他描述相符，因此不视为冲突。

根据以上比较结果，对于相同条件的描述，这两份文件之间不存在冲突。因此，结论为“无冲突”。
2025-06-28 12:58:52 - text_comparison.py:92 - 0|4 result=根据题目要求，需要对比分析两份文件中关于“投保过程中的缴费约定、投被保人条件限制等”的描述，对于相同条件的描述进行比较，如果存在明显不一致的地方，则认为存在冲突。

对于文件1和文件2，由于没有给出具体的投保条款内容，因此无法进行对比分析，也无法得出结论。建议提供具体的投保条款内容以便于进行分析。

参考格式： 
[thing] 投保人在购买保险时需满足一定的条件，如投被保人的身份限制等。 [result] 无冲突。
2025-06-28 12:58:55 - text_comparison.py:92 - 1|2 result=无冲突。
2025-06-28 12:58:57 - text_comparison.py:92 - 1|3 result=无冲突。
2025-06-28 12:59:28 - text_comparison.py:92 - 1|4 result=第一份文件中有描述存在明显冲突的情况：

- 第五条：关于保险费的支付方式描述与第四条重复；
- 第十四条：对于保险事故发生前后的保险责任描述矛盾，根据该描述，在投保人未按照约定支付分期保费且保险合同终止前发生保险事故的情况下，保险人应当扣除欠交的保险费后按照保险合同约定承担保险责任；但是，对于本保险合同终止后发生的保险事故，保险人不承担保险责任。

第二份文件中不存在明显冲突的情况。
2025-06-28 13:01:32 - text_comparison.py:92 - 2|3 result=1. "投保年龄范围"有冲突，因为虽然两份文件都指定了投保年龄范围，但是对上限的描述不一致，文件1中是90周岁，而文件2中是不含90周岁。因此，对于超过90周岁的被保险人来说，存在冲突。

2. 文件1："根据国务院保险监督管理机构的规定，除航空意外身故责任和重大自然灾害意外身故责任对应的保险金额外，对于未成年人作为被保险人的人身保险，在被保险人成年之前，被保险人死亡时各保险公司实际给付的保险金总和按以下限额执行：（一）对于被保险人不满10周岁的，不得超过人民币20万元。（二）对于被保险人已满10周岁但未满18周岁的，不得超过人民币50万元。"
 文件2："根据国务院保险监督管理机构的规定，除航空意外身故责任和重大自然灾害意外身故责任对应的保险金额外，对于未成年人作为被保险人的人身保险，在被保险人成年之前，被保险人死亡时各保险公司实际给付的保险金总和按以下限额执行：（一）对于被保险人不满10周岁的，不得超过人民币20万元。（二）对于被保险人已满10周岁但未满18周岁的，不得超过人民币50万元。"

根据以上内容，这两份文件关于投保年龄范围和未成年人身故保险金限额方面的描述都是相同的，不存在冲突。

3. 文件1："保险期间必须完整覆盖被保险人离开及返回到日常生活、工作所在地的旅行期间。"
 文件2："保险期间必须完整覆盖被保险人离开及返回到日常生活、工作所在地的旅行期间。"

根据以上内容，这两份文件关于保险期间的描述都是相同的，不存在冲突。

结论：这两份文件在投保年龄范围和保险期间方面不存在冲突，但是在投保条件限制方面存在冲突（文件1规定保险期间必须覆盖被保险人离开及返回日常生活/工作所在地的旅行期间，而文件2则没有这个要求），建议双方进行沟通协商以达成一致意见。
2025-06-28 13:04:03 - text_comparison.py:92 - 2|4 result=根据题目要求，需要对比分析两份文件中提到的"投保期限"、"承保年龄范围"以及"保险金额"等方面的内容。

1. 投保期限方面，两份文件都要求投保人在离开境内日常居住地或日常工作地前投保，并且保险期间必须完整覆盖被保险人离开及返回到日常生活、工作所在地的旅行期间，因此不存在明显冲突。

2. 承保年龄范围方面，文件1中分为两个不同的保障计划，每个计划的承保年龄范围不同；而文件2则只有承保年龄范围的描述，没有细分不同的保障计划，但是两个文件所涉及的年龄范围都是1周岁至90周岁，因此在这一方面也不存在明显冲突。

3. 保险金额方面，文件1中有明确的规定，对于未成年人作为被保险人的人身保险，在被保险人成年之前，被保险人死亡时各保险公司实际给付的保险金总和不能超过规定的限额；而文件2中并没有涉及保险金额的描述，因此在保险金额方面存在明显差异。

综上所述，对于投保期限和承保年龄范围这两方面的内容，两份文件不存在明显冲突；而对于保险金额方面，存在明显差异。
2025-06-28 13:04:22 - text_comparison.py:92 - 3|4 result=以下是对于给出的两份文件的冲突分析结果：

无冲突。

这两份文件都在强调保障计划的投保条件和保险期间的要求，但对于其他内容如承保年龄范围、保险金额、赔偿金额等方面都没有明显的冲突。因此，根据题目要求，我们可以判断这两份文件之间没有冲突。
2025-06-28 13:04:22 - text_comparison.py:99 - results: [True, True, True, True, True, True, True, True, True, True]
2025-06-28 13:04:22 - text_comparison.py:106 - ===============cnt=125 || material_id='m_00016a' || rule='投保条款' || end_result=True===============
2025-06-28 13:04:22 - text_comparison.py:57 - ===============cnt=126 || material_id='m_00063a' || rule='附加条款' || label=None===============
2025-06-28 13:04:22 - text_comparison.py:62 - load data ../data/clean_data_qwen2.5-72b-instruct/materials/m_00063a/HEALTH_INFORM/附加条款.txt...
2025-06-28 13:04:22 - text_comparison.py:62 - load data ../data/clean_data_qwen2.5-72b-instruct/materials/m_00063a/INTRODUCE_IMG/附加条款.txt...
2025-06-28 13:04:22 - text_comparison.py:62 - load data ../data/clean_data_qwen2.5-72b-instruct/materials/m_00063a/HEAD_IMG/附加条款.txt...
2025-06-28 13:04:22 - text_comparison.py:62 - load data ../data/clean_data_qwen2.5-72b-instruct/materials/m_00063a/CLAUSE/附加条款.txt...
2025-06-28 13:04:22 - text_comparison.py:62 - load data ../data/clean_data_qwen2.5-72b-instruct/materials/m_00063a/INSURE_NOTICE/附加条款.txt...
2025-06-28 13:04:22 - text_comparison.py:62 - load data ../data/clean_data_qwen2.5-72b-instruct/materials/m_00063a/ADDITIONAL_AGREEMENT/附加条款.txt...
2025-06-28 13:04:22 - text_comparison.py:62 - load data ../data/clean_data_qwen2.5-72b-instruct/materials/m_00063a/LIABILITY_EXCLUSION/附加条款.txt...
2025-06-28 13:04:22 - text_comparison.py:72 - ===============<=1 cnt=126 || material_id='m_00063a' || rule='附加条款' || end_result=True===============
2025-06-28 13:04:22 - text_comparison.py:57 - ===============cnt=127 || material_id='m_00098a' || rule='出险条款' || label=None===============
2025-06-28 13:04:22 - text_comparison.py:62 - load data ../data/clean_data_qwen2.5-72b-instruct/materials/m_00098a/INTRODUCE_IMG/出险条款.txt...
2025-06-28 13:04:22 - text_comparison.py:62 - load data ../data/clean_data_qwen2.5-72b-instruct/materials/m_00098a/HEAD_IMG/出险条款.txt...
2025-06-28 13:04:22 - text_comparison.py:62 - load data ../data/clean_data_qwen2.5-72b-instruct/materials/m_00098a/CLAUSE/出险条款.txt...
2025-06-28 13:04:22 - text_comparison.py:62 - load data ../data/clean_data_qwen2.5-72b-instruct/materials/m_00098a/INSURE_NOTICE/出险条款.txt...
2025-06-28 13:04:22 - text_comparison.py:62 - load data ../data/clean_data_qwen2.5-72b-instruct/materials/m_00098a/ADDITIONAL_AGREEMENT/出险条款.txt...
2025-06-28 13:04:22 - text_comparison.py:62 - load data ../data/clean_data_qwen2.5-72b-instruct/materials/m_00098a/LIABILITY_EXCLUSION/出险条款.txt...
2025-06-28 13:04:47 - text_comparison.py:92 - 0|1 result=无冲突。
2025-06-28 13:06:02 - text_comparison.py:92 - 0|2 result=根据题目要求，需要对比分析这两份文件中关于“出险条款”的描述，判断是否存在明显相互冲突的情况。

在第一份文件中，描述了三种出险情况：漏水、中毒、驾驶或乘坐机动车发生单车事故或从层高3楼或10米以上的高空发生坠落；而在第二份文件中，也描述了类似的四种出险情况：溺水、中毒、驾驶或乘坐机动车发生单车事故或从层高3楼或10米以上的高空发生坠落。可以看到，这两份文件中描述的出险情况是基本一致的，但在保额计算方面存在差异。因此，对于该问题，可以得出如下判断：

- 有冲突

具体而言，在第一份文件中，只有当被保险人因漏水、驾驶或乘坐机动车发生单车事故或从层高3楼或10米以上的高空发生坠落导致死亡或残疾时，保险人按照合同约定保额的50%计算赔付；而在第二份文件中，则将溺水也纳入了该保险责任范围，并且对于所有四种出险情况，保险人均按照合同约定保额的50%计算赔付。因此，这两份文件在这方面的描述存在明显冲突。

综上所述，对于该问题，判断结果为“有冲突”。
2025-06-28 13:07:17 - text_comparison.py:92 - 1|2 result=以下是对两份文件的冲突分析结果：
有冲突的事项：
- 文件1中的第（一）项保险责任中，对于被保险人自该事故发生之日起一百八日内因该事故身故的，保险人按意外伤害保险金额给付身故保险金；而文件2中规定，对于被保险人因溺水、中毒、驾驶或乘坐机动车发生单车事故或从层高3楼或10米以上的高空发生坠落导致死亡或残疾，保险人对于此情形下的意外身故保险金额和意外伤残保险金额按合同约定保额的50%计算赔付。因此，在某些情况下，这两份文件可能会产生冲突。
- 文件1中的第（二）项保险责任中规定了意外伤害保险金的给付比例，而在文件2中则没有类似的约定，可能会产生差异。
无冲突的事项：
- 文件1中的第一条、第三条和第四条在第二份文件中均没有出现，因此不存在冲突。
- 文件2中的第一条、第二条和第五条在第一份文件中均没有出现，因此不存在冲突。
2025-06-28 13:07:17 - text_comparison.py:99 - results: [True, True, True]
2025-06-28 13:07:17 - text_comparison.py:106 - ===============cnt=127 || material_id='m_00098a' || rule='出险条款' || end_result=True===============
2025-06-28 13:07:17 - text_comparison.py:57 - ===============cnt=128 || material_id='m_00067a' || rule='退保条款' || label=None===============
2025-06-28 13:07:17 - text_comparison.py:62 - load data ../data/clean_data_qwen2.5-72b-instruct/materials/m_00067a/INTRODUCE_IMG/退保条款.txt...
2025-06-28 13:07:17 - text_comparison.py:62 - load data ../data/clean_data_qwen2.5-72b-instruct/materials/m_00067a/PRODUCT_MANUAL/退保条款.txt...
2025-06-28 13:07:17 - text_comparison.py:62 - load data ../data/clean_data_qwen2.5-72b-instruct/materials/m_00067a/HEAD_IMG/退保条款.txt...
2025-06-28 13:07:17 - text_comparison.py:62 - load data ../data/clean_data_qwen2.5-72b-instruct/materials/m_00067a/CLAUSE/退保条款.txt...
2025-06-28 13:07:17 - text_comparison.py:62 - load data ../data/clean_data_qwen2.5-72b-instruct/materials/m_00067a/INSURE_NOTICE/退保条款.txt...
2025-06-28 13:07:17 - text_comparison.py:62 - load data ../data/clean_data_qwen2.5-72b-instruct/materials/m_00067a/ADDITIONAL_AGREEMENT/退保条款.txt...
2025-06-28 13:07:44 - text_comparison.py:92 - 0|1 result=【 thing 】: 退保条款
【 result 】: 有冲突
虽然两份文件都涉及到了退保问题，但是它们对于不同情况下的退保处理方式有所不同。文件1中只提到了犹豫期后的退保会有所损失，而文件2则列出了几种不同的退保情况以及相应的处理方式，包括犹豫期后退保、特殊解除合同等情况。因此，这两份文件存在冲突。
2025-06-28 13:07:46 - text_comparison.py:92 - 0|2 result=无冲突
2025-06-28 13:08:14 - text_comparison.py:92 - 0|3 result=关于“退保条款（约定退保相关信息，包括但不限于退保条件、退保手续费等）”的描述存在明显冲突的情况。主要表现为对于犹豫期后退保的处理方式不同，第一份文件规定犹豫期后退保会遭受一定损失，而第二份文件则规定超过15天犹豫期之后退保，保险公司仅退还本合同的现金价值。因此，这两份文件关于退保条款的描述存在冲突。
2025-06-28 13:08:53 - text_comparison.py:92 - 1|2 result=对于退保条件，两份文件都有相关的描述。但是，文件1更为详细地列出了不同保单年度下的现金价值以及特殊解除合同的政策，而文件2则只是简单地列出了犹豫期后的退保处理方式以及特殊解除合同的条件。因此，对于退保条件的描述存在一定的冲突。
对于退保手续费，两份文件都没有相关描述。因此，在这个问题上，两份文件之间不存在冲突。
综合来看，针对退保条件这一问题，由于两份文件的描述存在一定的差异，因此可以认为存在冲突。而对于退保手续费，由于两份文件都没有相关描述，因此不存在冲突。
2025-06-28 13:09:13 - text_comparison.py:92 - 1|3 result=特殊的退保政策有冲突。因为虽然两个文件都提到了在特定情况下可以申请特殊退保并退回个人账户价值，但是文件2中还规定了在申请特殊退保时还需要提供医疗机构的诊断书或者鉴定机构的伤残程度鉴定书，而文件1中没有提及这一点。
2025-06-28 13:10:12 - text_comparison.py:92 - 2|3 result=以下是对于两份文件中退保条款的冲突分析结果：
有冲突
这两份文件中的确存在一些相互矛盾或不一致的地方，比如：
- 文件1中规定了犹豫期为15天，在犹豫期内解除合同可以无息退款；而文件2中则没有明确说明犹豫期的具体时间长度。
- 文件1中规定了在犹豫期后至个人账户注销之前申请解除合同的条件和流程；而文件2中没有明确说明这一点，也没有提到个人账户注销的相关内容。
- 文件1中规定了现金价值的计算公式，但在文件2中并没有出现“现金价值”的概念，而是提到了“个人账户价值”和“账户累计收益”，并且规定的计算方式也有所不同。
- 文件2中规定了在特定情况下可以申请特殊解除合同并获得一定的退款，但文件1中并未提及这个特殊解除合同的政策。
因此，综合来看，这两份文件的退保条款确实存在一定的冲突和差异。
2025-06-28 13:10:12 - text_comparison.py:99 - results: [True, True, True, True, True, True]
2025-06-28 13:10:12 - text_comparison.py:106 - ===============cnt=128 || material_id='m_00067a' || rule='退保条款' || end_result=True===============
2025-06-28 13:10:12 - text_comparison.py:57 - ===============cnt=129 || material_id='m_00099a' || rule='投保条款' || label=None===============
2025-06-28 13:10:12 - text_comparison.py:62 - load data ../data/clean_data_qwen2.5-72b-instruct/materials/m_00099a/HEAD_IMG/投保条款.txt...
2025-06-28 13:10:12 - text_comparison.py:62 - load data ../data/clean_data_qwen2.5-72b-instruct/materials/m_00099a/CLAUSE/投保条款.txt...
2025-06-28 13:10:12 - text_comparison.py:62 - load data ../data/clean_data_qwen2.5-72b-instruct/materials/m_00099a/INSURE_NOTICE/投保条款.txt...
2025-06-28 13:10:12 - text_comparison.py:62 - load data ../data/clean_data_qwen2.5-72b-instruct/materials/m_00099a/ADDITIONAL_AGREEMENT/投保条款.txt...
2025-06-28 13:10:12 - text_comparison.py:62 - load data ../data/clean_data_qwen2.5-72b-instruct/materials/m_00099a/LIABILITY_EXCLUSION/投保条款.txt...
2025-06-28 13:10:53 - text_comparison.py:92 - 0|1 result=有冲突

事由1：对于投保范围的描述，两份文件存在差异。虽然两份文件都描述了投保人的年龄限制和可选投保人，但是文件1并未提及被保险人可以是投保人本身，而文件2则明确说明被保险人可以是投保人本身。

事由2：对于保险费的交付方式描述，两份文件存在差异。虽然都是分期交付保险费的，但是在交费期间、交付方式以及支付方式上存在差异。文件1描述了可以选择的交付方式和支付方式，而文件2则仅描述了可供选择的交费期间和交付方式，没有涉及支付方式的描述。
2025-06-28 13:11:02 - text_comparison.py:92 - 0|2 result=无冲突
2025-06-28 13:11:10 - text_comparison.py:92 - 1|2 result=有冲突

 insured-interest 关系为本人与父母为其未成年子女投保的人身保险是不同的。
2025-06-28 13:11:10 - text_comparison.py:99 - results: [True, True, True]
2025-06-28 13:11:10 - text_comparison.py:106 - ===============cnt=129 || material_id='m_00099a' || rule='投保条款' || end_result=True===============
2025-06-28 13:11:10 - text_comparison.py:57 - ===============cnt=130 || material_id='m_00052a' || rule='保障相关时间' || label=None===============
2025-06-28 13:11:10 - text_comparison.py:62 - load data ../data/clean_data_qwen2.5-72b-instruct/materials/m_00052a/HEALTH_INFORM/保障相关时间.txt...
2025-06-28 13:11:10 - text_comparison.py:62 - load data ../data/clean_data_qwen2.5-72b-instruct/materials/m_00052a/INTRODUCE_IMG/保障相关时间.txt...
2025-06-28 13:11:10 - text_comparison.py:62 - load data ../data/clean_data_qwen2.5-72b-instruct/materials/m_00052a/HEAD_IMG/保障相关时间.txt...
2025-06-28 13:11:10 - text_comparison.py:62 - load data ../data/clean_data_qwen2.5-72b-instruct/materials/m_00052a/CLAUSE/保障相关时间.txt...
2025-06-28 13:11:10 - text_comparison.py:62 - load data ../data/clean_data_qwen2.5-72b-instruct/materials/m_00052a/INSURE_NOTICE/保障相关时间.txt...
2025-06-28 13:11:10 - text_comparison.py:62 - load data ../data/clean_data_qwen2.5-72b-instruct/materials/m_00052a/ADDITIONAL_AGREEMENT/保障相关时间.txt...
2025-06-28 13:11:10 - text_comparison.py:62 - load data ../data/clean_data_qwen2.5-72b-instruct/materials/m_00052a/LIABILITY_EXCLUSION/保障相关时间.txt...
2025-06-28 13:11:47 - text_comparison.py:92 - 0|1 result=无冲突

根据提供的文档内容，以下是关于“保障相关时间（约定该产品的各类时间信息，包括但不限于犹豫期、等待期、宽限期等）”的信息：

- 对于犹豫期，两份文件都规定为15天，因此没有冲突。
- 对于等待期，两份文件的规定都是90天，因此也没有冲突。
- 对于宽限期，文件1中规定为60天，而文件2中没有明确说明，因此可以认为没有宽限期或者宽限期不由保险公司决定，因此没有冲突。

综上所述，两份文件在保障相关时间方面没有明显冲突。
2025-06-28 13:11:56 - text_comparison.py:92 - 0|2 result=无冲突

犹豫期：15日 等待期：90日 宽限期：未提及具体的宽限期信息
2025-06-28 13:13:04 - text_comparison.py:92 - 1|2 result=文件1 中犹豫期的描述是：在犹豫期内要求解除合同的，在保险公司收齐相关文件和资料的次日零时，合同即被解除，保险公司自始不承担保险责任。保险公司将无息退还已交保险费的80%（如果你申请了纸质保单的，保险公司将扣除10元工本费后，退还已交保险费）。
文件2 中犹豫期的描述是：您在收到本合同并签收之日起可享有10日的犹豫期，在犹豫期内要求解除本合同的，我们自始不承担保险责任，无息退还已交保险费。
比较两个文件关于犹豫期的描述可以得出结论：存在明显冲突，因为两个文件中规定的犹豫期天数不同。
对于“等待期”的描述，文件1中没有提及，而文件2中有如下描述：“自本合同生效日零时起90日为等待期。如果本合同曾一次或多次恢复效力，则自每次合同效力恢复之日零时起90日均为等待期。”因此，对于等待期这个事项，两个文件不存在冲突。
2025-06-28 13:13:04 - text_comparison.py:99 - results: [True, True, True]
2025-06-28 13:13:04 - text_comparison.py:106 - ===============cnt=130 || material_id='m_00052a' || rule='保障相关时间' || end_result=True===============
2025-06-28 13:13:04 - text_comparison.py:57 - ===============cnt=131 || material_id='m_00100a' || rule='保障责任' || label=None===============
2025-06-28 13:13:04 - text_comparison.py:62 - load data ../data/clean_data_qwen2.5-72b-instruct/materials/m_00100a/INTRODUCE_IMG/保障责任.txt...
2025-06-28 13:13:04 - text_comparison.py:62 - load data ../data/clean_data_qwen2.5-72b-instruct/materials/m_00100a/HEAD_IMG/保障责任.txt...
2025-06-28 13:13:04 - text_comparison.py:62 - load data ../data/clean_data_qwen2.5-72b-instruct/materials/m_00100a/CLAUSE/保障责任.txt...
2025-06-28 13:13:04 - text_comparison.py:62 - load data ../data/clean_data_qwen2.5-72b-instruct/materials/m_00100a/INSURE_NOTICE/保障责任.txt...
2025-06-28 13:13:04 - text_comparison.py:62 - load data ../data/clean_data_qwen2.5-72b-instruct/materials/m_00100a/ADDITIONAL_AGREEMENT/保障责任.txt...
2025-06-28 13:13:04 - text_comparison.py:62 - load data ../data/clean_data_qwen2.5-72b-instruct/materials/m_00100a/LIABILITY_EXCLUSION/保障责任.txt...
2025-06-28 13:13:07 - text_comparison.py:92 - 0|1 result=有冲突
2025-06-28 13:13:59 - text_comparison.py:92 - 0|2 result=有冲突

根据题目要求，需要比较两份文件中都提到的同一件事物的描述和表达，因此需要逐条对比。通过对比发现，

- 文件1中有「每次门急诊费用赔付上限300元」的描述，而文件2中则规定「单次事故门急诊费用赔付不超过 300 元」，存在差异，因此判定为有冲突。
- 文件1中有「单次事故最高赔付15天」的描述，而文件2中则规定「单次事故赔付不超过 15 天」，存在差异，因此判定为有冲突。
- 文件1中有「免赔额100元」的描述，而文件2中则规定「单次事故免赔 100 元」，存在差异，因此判定为有冲突。

综上所述，该两份文件存在冲突。
2025-06-28 13:14:49 - text_comparison.py:92 - 0|3 result=根据题目要求，我们只比较相同条件下两份文件的描述是否冲突。

对于文件1和文件2中的描述，我们可以看到以下内容是有冲突的：

- 对于「运动意外医疗」责任，文件1中分别有两个版本的描述，而文件2只描述了一个版本。因此，这部分内容存在冲突。
- 文件2中的「猝死」责任描述与文件1中的对应内容相比，缺少了「定义为突发急性病、且在疾病发生48小时内身故」这个条件。因此，这部分内容也存在冲突。

因此，根据以上分析，我们认为这两份文件存在冲突。

| thing      | 做出判断的简易理由                       | result       |
| -------- | ---------------------------------------- | ------------ |
| 有冲突   | 对比两份文件后发现部分内容描述不一致 | 有冲突      |
2025-06-28 13:15:36 - text_comparison.py:92 - 0|4 result=根据题目要求，需要对比分析两份文件中相同的保障责任部分是否存在冲突。

对比文件1和文件2，可以发现两份文件都在描述以下内容：
- 运动意外身故伤残的最高保额分别为50万和30万；
- 猝死的最高保额分别为5万和3万；
- 骨折定性一次性津贴的最高保额分别为2万和1万；
- 故障车费用的最高保额分别为1000元和500元。

因此，以上内容不存在冲突。对于其他部分，由于文件1和文件2都没有明确说明或省略说明，因此不需要进行比较。

结论：对于相同的保障责任部分，文件1和文件2之间不存在冲突。
2025-06-28 13:15:50 - text_comparison.py:92 - 1|2 result=无冲突
2025-06-28 13:17:44 - text_comparison.py:92 - 1|3 result=根据上述文件内容，我们对两份文件中的“保障责任”进行了分析。经过对比，我们发现以下情况：

1. 文件1与文件2都涉及到了意外医疗责任和住院津贴责任，但是它们对于免赔额、给付比例以及赔付限额的规定是不同的。例如，文件1中规定单次事故免赔额为100元，而文件2中则没有明确规定免赔额；文件1中规定意外医疗费用按照80%比例赔付，而文件2中则是按照一定的给付比例进行赔付。因此，这两份文件在这个方面的描述存在明显冲突。

2. 文件1与文件2都涉及到了意外身故保险责任，但是它们对于身故的定义和保险金的给付方式是不同的。例如，文件1中规定只有在意外发生之后180日内因该意外而身故才给予保险金，而文件2中则没有这样的限制条件。因此，这两份文件在这个方面的描述也存在明显冲突。

3. 文件1与文件2都没有涉及到运动意外这个方面，因此在这方面不存在冲突。

4. 文件1与文件2都涉及到了保险责任的终止条件，但是在某些情况下，它们的描述是不同的。例如，文件1中规定只有在达到保险金额上限时才会终止保险责任，而文件2中则没有这样的规定。因此，这两份文件在这个方面的描述也存在一定程度上的冲突。

综上所述，根据对两份文件的保障责任的分析，可以得出以下结论：

1. 文件1与文件2之间存在明显的冲突；
2. 文件1与文件2之间的差异主要在于保险责任的描述和保险金的给付方式；
3. 文件1与文件2在部分条款上存在一定程度的差异，但在某些情况下它们的描述也是相一致的；
4. 文件1与文件2在保险责任的终止条件方面存在一定程度的差异。
2025-06-28 13:17:53 - text_comparison.py:92 - 1|4 result=无冲突
2025-06-28 13:19:23 - text_comparison.py:92 - 2|3 result=根据题目要求，对比文件1和文件2中相同的保障责任描述，可以得到以下结果：

- 运动意外医疗责任: 有冲突
  - 文件1中仅描述了单次事故免赔额、赔付比例和单次事故门急诊费用的最高赔付限额，而文件2中对此进行了更加详细的描述
  - 文件2中增加了累计赔偿限额以责任对应的保险金额为限的描述

- 运动意外住院津贴责任: 无冲突
  - 文件1和文件2中的描述完全一致

- 猝死: 有冲突
  - 文件1中只说明了猝死的定义和保险责任，而文件2中除了猝死的定义外，还增加了因投保前已存在的疾病及其并发症导致被保险人死亡的，保险人不承担给付保险金的责任的描述

因此，综合以上情况，得出结论如下：

|   | 运动意外医疗责任 | 运动意外住院津贴责任 | 猝死     |
|---|------------------|----------------------|--------|
| 结果| 有冲突            | 无冲突                | 有冲突  |

| 作出判断的简易理由 |
|------------------------|
| 文件1与文件2中针对该事物的描述存在差异，部分差异会影响保险责任的具体内容和范围。 | 文件1与文件2中关于该事物的描述完全一致，没有冲突。 | 文件1与文件2中关于该事物的描述存在差异，部分差异可能会影响保险责任的具体内容和范围。 |
2025-06-28 13:20:37 - text_comparison.py:92 - 2|4 result=对于文件2中未给出任何保障责任的描述，因此无法与文件1进行比较。只有文件1中有描述的部分才会存在冲突。根据文件1的描述，“本产品运动意外医疗责任单次事故免赔额为100元，按照80%比例赔付，单次事故门急诊费用赔付不超过300元，累计赔偿限额以责任对应的保险金额为限。” 和 “本产品运动意外住院津贴责任单次事故免赔3天，单次事故赔付不超过15天，累计给付天数不超过90天。”不存在冲突；但是，“本产品猝死是指突发急性病、且在疾病发生48小时内身故。因投保前已存在的疾病及其并发症导致被保险人死亡的，保险人不承担给付保险金的责任。”与“本产品×××责任”部分可能存在冲突。因此，输出如下：

有冲突

理由：文件1中描述了保险责任的细节，而文件2中未给出任何描述，因此无法得出结论。只有文件1中有描述的部分才会存在冲突。在文件1中，对于“本产品猝死是指突发急性病、且在疾病发生48小时内身故”的描述可能与保险责任中的其他部分存在冲突。
2025-06-28 13:21:53 - text_comparison.py:92 - 3|4 result=根据题目要求，需要对文件1和文件2中涉及到的保障责任进行比较。

1. 对比文件1和文件2中关于运动意外医疗责任的描述，可以发现两者在免赔额、赔付比例、单次事故最高赔付金额以及累计赔偿限额的规定上均一致，因此对于该事项的判断为无冲突；
2. 文件1中规定了运动意外住院津贴责任的免赔天数、单次事故最高给付天数和累计给付天数的限制，而文件2中对该项责任的描述为空或尚未涉及，因此对于该事项的判断为无冲突；
3. 文件1中明确规定了猝死责任的定义及保险责任，而文件2中对该项责任的描述为空或尚未涉及，因此对于该事项的判断为有冲突。

综上所述，得出如下结果：

| 事项          | 做出判断的简易理由                        | result |
|-----------|--------------------------------------|-------|
| 运动意外医疗责任   | 同样描述，没有冲突                    | 无冲突 |
| 运动意外住院津贴责任 | 一项描述空或未涉及，另一项有具体描述 | 无冲突 |
| 猝死            | 具体描述与另一项描述不同               | 有冲突 |
2025-06-28 13:21:53 - text_comparison.py:99 - results: [True, True, True, True, True, True, True, True, True, True]
2025-06-28 13:21:53 - text_comparison.py:106 - ===============cnt=131 || material_id='m_00100a' || rule='保障责任' || end_result=True===============
2025-06-28 13:21:53 - text_comparison.py:57 - ===============cnt=132 || material_id='m_00101a' || rule='保障责任' || label=None===============
2025-06-28 13:21:53 - text_comparison.py:62 - load data ../data/clean_data_qwen2.5-72b-instruct/materials/m_00101a/HEALTH_INFORM/保障责任.txt...
2025-06-28 13:21:53 - text_comparison.py:62 - load data ../data/clean_data_qwen2.5-72b-instruct/materials/m_00101a/INTRODUCE_IMG/保障责任.txt...
2025-06-28 13:21:53 - text_comparison.py:62 - load data ../data/clean_data_qwen2.5-72b-instruct/materials/m_00101a/HEAD_IMG/保障责任.txt...
2025-06-28 13:21:53 - text_comparison.py:62 - load data ../data/clean_data_qwen2.5-72b-instruct/materials/m_00101a/CLAUSE/保障责任.txt...
2025-06-28 13:21:53 - text_comparison.py:62 - load data ../data/clean_data_qwen2.5-72b-instruct/materials/m_00101a/INSURE_NOTICE/保障责任.txt...
2025-06-28 13:21:53 - text_comparison.py:62 - load data ../data/clean_data_qwen2.5-72b-instruct/materials/m_00101a/ADDITIONAL_AGREEMENT/保障责任.txt...
2025-06-28 13:21:53 - text_comparison.py:62 - load data ../data/clean_data_qwen2.5-72b-instruct/materials/m_00101a/LIABILITY_EXCLUSION/保障责任.txt...
2025-06-28 13:22:05 - text_comparison.py:92 - 0|1 result=根据文件1和文件2，这两份文件都没有明确说明“保障责任”的内容是否相互冲突。因此，我们无法判断这两份文件是否存在明显相互冲突的情况。
2025-06-28 13:22:14 - text_comparison.py:92 - 0|2 result=无冲突。
2025-06-28 13:24:39 - text_comparison.py:92 - 0|3 result=根据题目要求，需要对比分析两份文件中涉及到的保障责任是否存在明显的相互冲突情况。

对比文件1和文件2，可以发现两者在以下几个方面的描述存在差异：

- 文件1中有针对“侵蚀性葡萄胎、前置胎盘、宫外孕、胎盘早剥、妊娠期糖尿病、子宫破裂、羊水栓塞、子宫翻出”的保障，但文件2中没有类似的描述。
- 文件1中有针对“新生儿黄疸、早产儿、低出生体重、新生儿子医疗保障、新生儿皮肤感染、肺炎、新生儿吸入胎粪、ABO溶血”的保障，但文件2中没有类似的描述。
- 文件1中有针对“妊娠并发症住院医疗保障适用的等待期为15天，其他保障无等待期”的描述，但文件2中没有类似的描述。
- 文件1中有针对“妊娠并发症住院医疗保障、新生儿先天性疾病住院手术医疗保障、新生儿一般住院医疗保障共用1万元免赔额”的描述，但文件2中没有类似的描述。
- 文件2中有针对“本保险项下妊娠并发症住院医疗保障、新生儿先天性疾病住院手术医疗保障、新生儿一般住院医疗保障适用医疗费用补偿原则”的描述，但文件1中没有类似的描述。
- 文件2中有针对“本保险项下的流产医疗保障是指若主被保险人在保险期间内经医院检查发现腹中胎儿生长发育异常、畸形或死亡，则对于其因此接受人工流产终止妊娠而产生的合理且必需的医疗费用，保险公司按照保险单所载本保障对应适用的保险金额给付保险金”的描述，但文件1中没有类似的描述。

综合以上信息，我们可以得出以下结论：

- 对于“侵蚀性葡萄胎、前置胎盘、宫外孕、胎盘早剥、妊娠期糖尿病、子宫破裂、羊水栓塞、子宫翻出”的保障，文件1中有描述，但文件2中没有类似描述，存在明显冲突。
- 对于“新生儿黄疸、早产儿、低出生体重、新生儿子医疗保障、新生儿皮肤感染、肺炎、新生儿吸入胎粪、ABO溶血”的保障，文件1中有描述，但文件2中没有类似描述，存在明显冲突。
- 对于“妊娠并发症住院医疗保障适用的等待期为15天，其他保障无等待期”的描述，文件1中有描述，但文件2中没有类似描述，存在明显冲突。
- 对于“妊娠并发症住院
2025-06-28 13:27:14 - text_comparison.py:92 - 0|4 result=[判断结果]

在文件1中，保障责任的描述清楚明了，对于妊娠并发症、新生儿一般住院医疗保障、新生儿特定先天疾病、新生儿住院手术医疗保障、新生儿特定先天疾病手术津贴以及流产医疗保障等方面进行了详细的说明。而在文件2中，虽然也提到了一些保障责任，但是由于部分保障责任后面加上了“等待期15天”的说明，因此需要对比文件1中的相应保障责任看是否有关于等待期的描述。综上所述，我们只需要比较文件1和文件2中相同的保障责任即可。

对于文件1和文件2中涉及到的保障责任如下：

1. 妊娠并发症住院医疗保障
- 文件1：适用于15天等待期，对于经公费医疗/社保结算的和未经公费医疗/社保结算的都有不同的赔付比例和最高赔付额，没有说明是否有限制理赔次数
- 文件2：适用于15天等待期，对于经公费医疗/社保结算的和未经公费医疗/社保结算的都有不同的赔付比例和最高赔付额，没有说明是否有限制理赔次数

2. 新生儿特定先天疾病住院手术医疗保障
- 文件1：适用于15天等待期，对于经公费医疗/社保结算的和未经公费医疗/社保结算的都有不同的赔付比例和最高赔付额，没有说明是否有限制理赔次数
- 文件2：适用于15天等待期，对于经公费医疗/社保结算的和未经公费医疗/社保结算的都有不同的赔付比例和最高赔付额，没有说明是否有限制理赔次数

3. 新生儿一般住院医疗保障
- 文件1：适用于15天等待期，对于经公费医疗/社保结算的和未经公费医疗/社保结算的都有不同的赔付比例和最高赔付额，没有说明是否有限制理赔次数
- 文件2：适用于15天等待期，对于经公费医疗/社保结算的和未经公费医疗/社保结算的都有不同的赔付比例和最高赔付额，没有说明是否有限制理赔次数

4. 新生儿先天性疾病异地手术津贴
- 文件1：适用于15天等待期，对于经公费医疗/社保结算的和未经公费医疗/社保结算的有不同的赔付标准和最高额度，没有说明是否有限制理赔次数
- 文件2：没有此项责任

5. 流产医疗保障
2025-06-28 13:27:39 - text_comparison.py:92 - 1|2 result=[有冲突]
根据两份文件中的描述，“保障责任”的具体条目和内容是不同的。例如，在第一份文件中列出了30多项可扣除的医疗费用项目，而在第二份文件中只有几项不承保的事项。此外，两份文件中也没有对“保险金额”、“赔偿比例”等作出相同的描述，因此可以判定这两份文件存在冲突。
2025-06-28 13:28:42 - text_comparison.py:92 - 1|3 result=1. 有冲突
  2. 文件1中列出了19条责任免除事项，而文件2中列出了12条责任免除事项。虽然有些条目是相同的，但是它们的排列顺序不同，而且文件2还增加了一些新的责任免除事项，如“对非自然牙进行的任何治疗”和“任何过敏反应、药物过敏或其他医疗导致的伤害”。此外，文件2还规定了妊娠并发症、新生儿先天性疾病和新生儿一般住院医疗的保障原则和例外情况，而文件1中没有明确说明这些内容。因此，这两份文件存在明显的冲突。
  3. 保险责任: 妊娠并发症、新生儿先天性疾病、新生儿一般住院医疗的保障原则和例外情况；赔偿金额: 若被保险人从其他社会福利机构或任何其他第三方、或依任何医疗保险取得补偿，保险公司仅给付剩余的部分；责任免除: 任何过敏反应、药物过敏或其他医疗导致的伤害；对非自然牙进行的任何治疗；中草药、中药材或任何传统中医治疗等。
2025-06-28 13:29:16 - text_comparison.py:92 - 1|4 result=以下是对这两个文件的保障责任的比较结果:

  * 对于"妊娠并发症住院医疗责任"，两份文件都有明确的描述并且没有明显的冲突。
  * 对于"赔偿金额"，两份文件都没有明确说明，因此无法进行比较。
  * 对于"保险病种"，两份文件都有明确的描述并且没有明显的冲突。

综上所述，对于"妊娠并发症住院医疗责任"这两份文件没有冲突，对于"赔偿金额"和"保险病种"这两份文件没有描述，无法进行比较。
2025-06-28 13:30:36 - text_comparison.py:92 - 2|3 result=【文件1】中的保障责任与【文件2】中的保障责任存在以下冲突：

1. 关于保险责任的描述，虽然两份文件均表示保险责任以适用保险条款所载为准，但是【文件1】中还规定了保险金额、免赔额、赔偿比例及等待期以投保页面保障明细所载为准，而【文件2】中并没有这样的表述。
2. 关于适用医院方面，【文件1】规定了流产医疗保障适用的医院为中国境内经卫生部门审核认定的二级或以上的公立医院，不限普通部，而其他保障适用的医院为中国境内经卫生部门审核认定的二级或以上的公立医院的普通部。而【文件2】并没有关于适用医院的描述。
3. 关于保险期间，两份文件都规定为一年，但是在同一保险期间，每一主被保险人投保本保险限投一份的限制条件，只有在【文件1】中有描述，而在【文件2】中则没有描述。
4. 关于等待期，两份文件都规定了保险责任等待期的起算时间为保障计划生效日，但是【文件1】中还规定了保险费与投保人员的投保年龄有关，而【文件2】中并没有这样的表述。

综上所述，由于上述四点存在明显的描述差异，因此可以判断这两份文件存在冲突。
2025-06-28 13:31:15 - text_comparison.py:92 - 2|4 result=根据以上两份文件描述内容，对比分析其中的保障责任，可以得出以下结论：

第一份文件中有描述冲突的事项如下：

- 文件1 中有 "同一保险期间，每一主被保险人投保本保险限投一份" 的表述，而文件2中没有关于同一保险期间每人只能投保一次的描述，因此这里存在冲突。

第二份文件中有描述冲突的事项如下：

- 文件2 中列出了许多不在妊娠并发症住院医疗责任内的疾病,但是文件1中没有这些疾病排除在外的描述，因此这里存在冲突。

因此，根据以上对比分析，我们可以判断这两份文件存在明显的冲突。
2025-06-28 13:31:49 - text_comparison.py:92 - 3|4 result=[ thing:保障责任 ]
存在明显冲突的情况： 文件1中有描述为"妊娠并发症住院医疗保障、新生儿先天性疾病住院手术医疗保障、新生儿一般住院医疗保障适用医疗费用补偿原则。若被保险人从其他社会福利机构或任何其他第三方、或依任何医疗保险取得补偿，保险公司仅给付剩余的部分。"但是，在文件2中并没有对这些保障责任进行描述，而是描述了其他的保障责任和免责条款。因此，可以判断这两份文件存在明显的保障责任冲突。

[ result: 有冲突 ]
2025-06-28 13:31:49 - text_comparison.py:99 - results: [True, True, True, True, True, True, True, True, True, True]
2025-06-28 13:31:49 - text_comparison.py:106 - ===============cnt=132 || material_id='m_00101a' || rule='保障责任' || end_result=True===============
2025-06-28 13:31:49 - text_comparison.py:57 - ===============cnt=133 || material_id='m_00102a' || rule='出险条款' || label=None===============
2025-06-28 13:31:49 - text_comparison.py:62 - load data ../data/clean_data_qwen2.5-72b-instruct/materials/m_00102a/INTRODUCE_IMG/出险条款.txt...
2025-06-28 13:31:49 - text_comparison.py:62 - load data ../data/clean_data_qwen2.5-72b-instruct/materials/m_00102a/HEAD_IMG/出险条款.txt...
2025-06-28 13:31:49 - text_comparison.py:62 - load data ../data/clean_data_qwen2.5-72b-instruct/materials/m_00102a/CLAUSE/出险条款.txt...
2025-06-28 13:31:49 - text_comparison.py:62 - load data ../data/clean_data_qwen2.5-72b-instruct/materials/m_00102a/INSURE_NOTICE/出险条款.txt...
2025-06-28 13:31:49 - text_comparison.py:62 - load data ../data/clean_data_qwen2.5-72b-instruct/materials/m_00102a/LIABILITY_EXCLUSION/出险条款.txt...
2025-06-28 13:32:19 - text_comparison.py:92 - 0|1 result=根据给出的两份文件，我们可以看到以下内容：

第一份文件没有任何内容。

第二份文件是紫金财产保险股份有限公司的报案要求，其中包括了需要提供的信息和报案方式。其中并未涉及任何与第一份文件相关的内容，因此可以得出结论：这两份文件之间不存在冲突。

因此，我们得出如下结果：

| 事 物 | 做出判断的简易理由 | 结 果 |
| --- | --- | --- |
|  |  | 无冲突 |
2025-06-28 13:32:19 - text_comparison.py:99 - results: [True]
2025-06-28 13:32:19 - text_comparison.py:106 - ===============cnt=133 || material_id='m_00102a' || rule='出险条款' || end_result=True===============
2025-06-28 13:32:19 - text_comparison.py:57 - ===============cnt=134 || material_id='m_00103a' || rule='基础产品销售信息' || label=None===============
2025-06-28 13:32:19 - text_comparison.py:62 - load data ../data/clean_data_qwen2.5-72b-instruct/materials/m_00103a/INTRODUCE_IMG/基础产品销售信息.txt...
2025-06-28 13:32:19 - text_comparison.py:62 - load data ../data/clean_data_qwen2.5-72b-instruct/materials/m_00103a/HEAD_IMG/基础产品销售信息.txt...
2025-06-28 13:32:19 - text_comparison.py:62 - load data ../data/clean_data_qwen2.5-72b-instruct/materials/m_00103a/CLAUSE/基础产品销售信息.txt...
2025-06-28 13:32:19 - text_comparison.py:62 - load data ../data/clean_data_qwen2.5-72b-instruct/materials/m_00103a/INSURE_NOTICE/基础产品销售信息.txt...
2025-06-28 13:32:19 - text_comparison.py:62 - load data ../data/clean_data_qwen2.5-72b-instruct/materials/m_00103a/ADDITIONAL_AGREEMENT/基础产品销售信息.txt...
2025-06-28 13:32:19 - text_comparison.py:62 - load data ../data/clean_data_qwen2.5-72b-instruct/materials/m_00103a/LIABILITY_EXCLUSION/基础产品销售信息.txt...
2025-06-28 13:32:48 - text_comparison.py:92 - 0|1 result=结果：有冲突
原因：上述两段文件中都提到了“保险金额”，但是它们的描述方式不同，第一份文件中的“保险金额”是指主险合同和附加险合同中的一个概念，而第二份文件中的“保险金额”是指主险合同、附加医疗费用保险和附加突发急性病医疗保险中的一个概念。因此，这两段文件中的“保险金额”描述是不一样的，存在冲突。
2025-06-28 13:33:20 - text_comparison.py:92 - 0|2 result=无冲突
2025-06-28 13:34:50 - text_comparison.py:92 - 0|3 result=1. 基础产品销售信息分析如下：

（1）产品名：未明确提及具体产品名称。

（2）附加的条款信息：

优点：

- 凡出生满30天至70周岁身体健康，能正常工作或者正常生活，在境内常住，将基于旅游、探亲、访友、学习、培训或者其他合法目的前往境外进行旅行的人员（不包括派驻境外工作的人员），可作为被保险人。
- 最晚投保时间为被保险人出行前一日。
- 对于不同年龄段的被保险人有不同的保障方案。
- 涉及到的保障内容较为全面，包括旅行意外伤害、医疗、身故、残疾等方面的保障。

缺点：

- 文件中没有明确指出具体产品名称。

（3）销售限制：

- 每人最多购买一份保险。
- 对未成年人和老年人的购买有特殊规定。
- 有特定的投保时间限制。
- 不承保高风险运动以及尼泊尔登山等活动。
- 对产品责任范围作出了明确的限制。

2. 根据上述分析，《文件1》和《文件2》之间存在以下冲突：

- 文件1 中提到的部分内容在文件2中没有体现，例如对于旅行过程中出现各种情况的应对措施。
- 文件1 和文件2 都没有明确指出产品名称。
- 文件2 中的销售限制比文件1更为严格，例如不承保尼泊尔登山活动，而文件1并未明确限制。
2025-06-28 13:35:40 - text_comparison.py:92 - 0|4 result=根据题目要求，我们逐一对两个文件进行比较。

对于“基础产品销售信息”的描述，两个文件都进行了较为详细的说明，但是在某些方面存在一定的差异。例如，文件1列出了7个附加条款和8个销售限制，而文件2则列出了19个附加条款和2个销售限制。因此，我们认为这两份文件在此方面的描述存在明显冲突。

对于“赔偿金额”的描述，两个文件都没有提及，因此无法判断是否存在冲突。

对于“保险病种”的描述，由于两个文件的销售限制中均包含了对战争、军事行动等地区的排除情况，因此可以认为在这方面的描述不存在冲突。

综上所述，通过比较，我们可以发现这两个文件的“基础产品销售信息”存在明显冲突，“赔偿金额”的描述无法判断是否存在冲突，“保险病种”的描述不存在冲突。
2025-06-28 13:35:42 - text_comparison.py:106 - ===============cnt=134 || material_id='m_00103a' || rule='基础产品销售信息' || end_result=False===============
2025-06-28 13:35:42 - text_comparison.py:57 - ===============cnt=135 || material_id='m_00104a' || rule='续保条款' || label=None===============
2025-06-28 13:35:42 - text_comparison.py:62 - load data ../data/clean_data_qwen2.5-72b-instruct/materials/m_00104a/INTRODUCE_IMG/续保条款.txt...
2025-06-28 13:35:42 - text_comparison.py:62 - load data ../data/clean_data_qwen2.5-72b-instruct/materials/m_00104a/HEAD_IMG/续保条款.txt...
2025-06-28 13:35:42 - text_comparison.py:62 - load data ../data/clean_data_qwen2.5-72b-instruct/materials/m_00104a/CLAUSE/续保条款.txt...
2025-06-28 13:35:42 - text_comparison.py:62 - load data ../data/clean_data_qwen2.5-72b-instruct/materials/m_00104a/INSURE_NOTICE/续保条款.txt...
2025-06-28 13:35:42 - text_comparison.py:62 - load data ../data/clean_data_qwen2.5-72b-instruct/materials/m_00104a/ADDITIONAL_AGREEMENT/续保条款.txt...
2025-06-28 13:35:42 - text_comparison.py:62 - load data ../data/clean_data_qwen2.5-72b-instruct/materials/m_00104a/LIABILITY_EXCLUSION/续保条款.txt...
2025-06-28 13:35:42 - text_comparison.py:72 - ===============<=1 cnt=135 || material_id='m_00104a' || rule='续保条款' || end_result=True===============
2025-06-28 13:35:42 - text_comparison.py:57 - ===============cnt=136 || material_id='m_00105a' || rule='投保条款' || label=None===============
2025-06-28 13:35:42 - text_comparison.py:62 - load data ../data/clean_data_qwen2.5-72b-instruct/materials/m_00105a/PRODUCT_MANUAL/投保条款.txt...
2025-06-28 13:35:42 - text_comparison.py:62 - load data ../data/clean_data_qwen2.5-72b-instruct/materials/m_00105a/CLAUSE/投保条款.txt...
2025-06-28 13:35:42 - text_comparison.py:62 - load data ../data/clean_data_qwen2.5-72b-instruct/materials/m_00105a/INSURE_NOTICE/投保条款.txt...
2025-06-28 13:35:42 - text_comparison.py:62 - load data ../data/clean_data_qwen2.5-72b-instruct/materials/m_00105a/ADDITIONAL_AGREEMENT/投保条款.txt...
2025-06-28 13:36:18 - text_comparison.py:92 - 0|1 result=以下是对于给出的两个文件中"投保条款"内容的冲突分析结果：

- 对于"保险费的交纳"部分，两个文件都作出了描述，没有冲突。
- 对于"投保范围"部分，两个文件都做出了描述，没有冲突。
- 对于"定期追加保险费"部分，两个文件都做出了描述，但是有一些细微差别。在文件2中增加了关于"定期追加保险费变更"的描述，这个描述在文件1中没有出现，因此这部分存在冲突。

综合以上分析，可以得出结论：这两个文件存在冲突的部分是"定期追加保险费"部分。
2025-06-28 13:38:22 - text_comparison.py:92 - 0|2 result=以下是对于给出的两份文件的投保条款的对比结果：
  
  * 投保年龄：文件2中指出了投保年龄为18-70周岁，而文件1中没有明确说明，因此此处没有冲突。
  * 保险期间：两份文件都提到了保险期间为终身或长期，因此此处没有冲突。
  * 投保范围：文件1中指出了投保人需具有完全民事行为能力且对被保险人具有保险利益，而文件2中则指出了投保年龄为18-70周岁，因此这里的描述是互斥的，存在冲突。
  * 被保险人：文件1中指出了被保险人需出生28日（含）以上、85周岁（含）以下且符合公司规定，而文件2中则指出了投保年龄为18-70周岁，因此这里的描述也是互斥的，存在冲突。
  * 养老年金领取起始日：文件2中指出了养老年金领取起始日的约定以及变更养老年金领取起始日的条件，而文件1中未涉及相关内容，因此此处没有冲突。
  * 养老年金领取方式及类型：文件2中列出了养老年金领取方式为按年（或月）分期领取，养老年金领取类型为保证返还账户价值终身领取、固定期限10（或15、20、25）年领取，而文件1中未涉及相关内容，因此此处没有冲突。
  * 保险费的交纳：两份文件中都对保险费的交纳进行了描述，但在一些细节上存在差异。例如，文件1中指出首次保险费的具体金额需要在投保时约定并在保险单上载明，而文件2中未提及这一点，因此此处存在冲突。另外，文件1中指出在个人账户注销之前可以定期或不定期追加保险费，而文件2中也提供了类似的内容，但同时还有额外的规定，因此此处也存在冲突。

综合来看，这两份文件在投保范围、被保险人的年龄要求等方面存在冲突。
2025-06-28 13:38:44 - text_comparison.py:92 - 0|3 result=无冲突

根据题目要求，只比较相同条件下两份文件的描述是否冲突。对比文件1和文件2，虽然它们都涉及到了投保人的条件限制，但是文件2中的提示内容只是特别提醒，而非具体的投保条件，因此不会与文件1中的投保人条件限制产生冲突。因此，判断这两份文件之间不存在明显冲突。
2025-06-28 13:39:29 - text_comparison.py:92 - 1|2 result=【文件1】中有提到“定期追加保险费”，而【文件2】中有更详细的关于“定期追加保险费”的描述，因此需要将两者进行比较。

投保人在投保时或者在个人账户注销之前可以申请定期追加保险费，定期追加保险费的金额、交费频率和定期追加保险费开始交纳日由投保人在申请时与保险公司约定并在保险合同中载明。对于定期追加保险费的申请，保险公司提供三次机会，投保人可以在申请时选择增加或者减少定期追加保险费金额。如果投保人在连续三个定期追加保险费约定交纳日均未交纳定期追加保险费，将被视作自动停止交纳以后各期的定期追加保险费。在个人账户注销之前，投保人可以申请停止定期追加保险费。
2025-06-28 13:40:23 - text_comparison.py:92 - 1|3 result=3.2 定期追加保险费: 有冲突。因为虽然两份文件都提到了定期追加保险费的概念，但是文件1中指定了交费方式为“定期追加保险费的金额、交费频率和定期追加保险费开始交纳日由您在申请时与我们约定并在保险合同中载明。约定的金额须符合我们当时的规定。”而文件2中则没有明确说明交费方式。

7.1 投保范围: 有冲突。因为虽然两份文件都提到了投保范围，但是文件1中规定了投保人的条件：“投保人：须具有完全民事行为能力且对被保险人具有保险利益。”而文件2中则没有明确说明投保人的条件。

特别提示: 无冲突。因为该内容不属于投保过程中的缴费约定、投被保人条件限制等，无需进行比较。

结论：存在明显相互冲突的情况。
2025-06-28 13:42:25 - text_comparison.py:92 - 2|3 result=无冲突。
2025-06-28 13:42:25 - text_comparison.py:99 - results: [True, True, True, True, True, True]
2025-06-28 13:42:25 - text_comparison.py:106 - ===============cnt=136 || material_id='m_00105a' || rule='投保条款' || end_result=True===============
2025-06-28 13:42:25 - text_comparison.py:57 - ===============cnt=137 || material_id='m_00065a' || rule='投保条款' || label=None===============
2025-06-28 13:42:25 - text_comparison.py:62 - load data ../data/clean_data_qwen2.5-72b-instruct/materials/m_00065a/HEALTH_INFORM/投保条款.txt...
2025-06-28 13:42:25 - text_comparison.py:62 - load data ../data/clean_data_qwen2.5-72b-instruct/materials/m_00065a/INTRODUCE_IMG/投保条款.txt...
2025-06-28 13:42:25 - text_comparison.py:62 - load data ../data/clean_data_qwen2.5-72b-instruct/materials/m_00065a/PRODUCT_MANUAL/投保条款.txt...
2025-06-28 13:42:25 - text_comparison.py:62 - load data ../data/clean_data_qwen2.5-72b-instruct/materials/m_00065a/HEAD_IMG/投保条款.txt...
2025-06-28 13:42:25 - text_comparison.py:62 - load data ../data/clean_data_qwen2.5-72b-instruct/materials/m_00065a/CLAUSE/投保条款.txt...
2025-06-28 13:42:25 - text_comparison.py:62 - load data ../data/clean_data_qwen2.5-72b-instruct/materials/m_00065a/INSURE_NOTICE/投保条款.txt...
2025-06-28 13:42:25 - text_comparison.py:62 - load data ../data/clean_data_qwen2.5-72b-instruct/materials/m_00065a/LIABILITY_EXCLUSION/投保条款.txt...
2025-06-28 13:42:34 - text_comparison.py:92 - 0|1 result=无冲突。
2025-06-28 13:43:10 - text_comparison.py:92 - 0|2 result=（一）投保范围：存在冲突。虽然两份文件都规定了投保年龄限制，但文件2中还规定了投保关系的限制以及交费方式的选择，而文件1中没有涉及这些内容。
（二）交费方式：存在冲突。虽然两份文件都规定了交费方式，但文件2中规定了投保人分期支付保险费的情况和宽限期、中止、恢复合同效力等条款，而文件1中没有涉及这些内容。
（三）投保保额限制：无冲突。
综上所述，存在冲突的事项是投保范围和交费方式。
2025-06-28 13:45:23 - text_comparison.py:92 - 1|2 result=1. 被保险人范围：存在冲突，两份文件中对于被保险人年龄范围的描述不同。虽然都是出生满28天至55周岁的个人可以作为被保险人，但文件2特别规定了“本产品的投保关系可以为本人、配偶、子女、父母”，这与文件1中仅限本人的规定是相冲突的。
2. 投保人分期支付保险费的，在交纳首期保险费后，应当在保险费约定交纳日或之前交纳以后各期的保险费。若投保人到期未支付保险费，自保险费约定交纳日的次日零时起60日为宽限期。如果被保险人在宽限期内发生保险事故，本公司仍承担保险责任，但在给付保险金时须扣除投保人所欠交的保险费。如果宽限期届满时投保人仍未支付保险费，自宽限期满日的次日零时起合同效力中止。在本合同效力中止期间发生保险事故的，本公司不承担保险责任。自本合同效力中止之日起2年内，投保人可向本公司申请恢复合同效力。本公司有权对被保险人的身体状况进行核保。经本公司与投保人协商并达成协议，自投保人补足所欠的保险费和利息的次日零时起，本合同效力恢复。但是，自本合同效力中止之日起满2年双方未达成协议的，本公司有权解除本合同。本公司解除合同时，向投保人退还本合同的现金价值。：（投保人未明确说明）

3. 投保人申报的被保险人年龄不真实，并且其真实年龄不符合本合同约定投保年龄限制的，本公司有权解除合同，并对合同解除前发生的保险事故不承担给付保险金的责任。解除本合同的，本公司向投保人退还本合同的现金价值。（投保人未明确说明）
4. 现金价值：无冲突
5. 保险事故的定义：无冲突
6. 保险病种的描述：无冲突
7. 身体健康证明的要求：无冲突
8. 保险费的交纳日：无冲突

结论：这两份文件存在一些冲突，主要集中在被保险人范围和保险费缴纳方面。
2025-06-28 13:45:23 - text_comparison.py:99 - results: [True, True, True]
2025-06-28 13:45:23 - text_comparison.py:106 - ===============cnt=137 || material_id='m_00065a' || rule='投保条款' || end_result=True===============
2025-06-28 13:45:23 - text_comparison.py:57 - ===============cnt=138 || material_id='m_00090a' || rule='术语解释' || label=None===============
2025-06-28 13:45:23 - text_comparison.py:62 - load data ../data/clean_data_qwen2.5-72b-instruct/materials/m_00090a/INTRODUCE_IMG/术语解释.txt...
2025-06-28 13:45:23 - text_comparison.py:62 - load data ../data/clean_data_qwen2.5-72b-instruct/materials/m_00090a/HEAD_IMG/术语解释.txt...
2025-06-28 13:45:23 - text_comparison.py:62 - load data ../data/clean_data_qwen2.5-72b-instruct/materials/m_00090a/CLAUSE/术语解释.txt...
2025-06-28 13:45:23 - text_comparison.py:62 - load data ../data/clean_data_qwen2.5-72b-instruct/materials/m_00090a/INSURE_NOTICE/术语解释.txt...
2025-06-28 13:45:23 - text_comparison.py:62 - load data ../data/clean_data_qwen2.5-72b-instruct/materials/m_00090a/ADDITIONAL_AGREEMENT/术语解释.txt...
2025-06-28 13:45:23 - text_comparison.py:62 - load data ../data/clean_data_qwen2.5-72b-instruct/materials/m_00090a/LIABILITY_EXCLUSION/术语解释.txt...
2025-06-28 13:45:40 - text_comparison.py:92 - 0|1 result=你必须记住：只比较相同条件下两份文件的描述是否冲突，如果对某件事物，其中一份文件未明确说明、或者省略说明时不必进行比较，即表示没有冲突！
2025-06-28 13:45:40 - text_comparison.py:99 - results: [True]
2025-06-28 13:45:40 - text_comparison.py:106 - ===============cnt=138 || material_id='m_00090a' || rule='术语解释' || end_result=True===============
2025-06-28 13:45:40 - text_comparison.py:57 - ===============cnt=139 || material_id='m_00106a' || rule='保障相关时间' || label=None===============
2025-06-28 13:45:40 - text_comparison.py:62 - load data ../data/clean_data_qwen2.5-72b-instruct/materials/m_00106a/HEALTH_INFORM/保障相关时间.txt...
2025-06-28 13:45:40 - text_comparison.py:62 - load data ../data/clean_data_qwen2.5-72b-instruct/materials/m_00106a/CLAUSE/保障相关时间.txt...
2025-06-28 13:45:40 - text_comparison.py:62 - load data ../data/clean_data_qwen2.5-72b-instruct/materials/m_00106a/INSURE_NOTICE/保障相关时间.txt...
2025-06-28 13:45:40 - text_comparison.py:62 - load data ../data/clean_data_qwen2.5-72b-instruct/materials/m_00106a/ADDITIONAL_AGREEMENT/保障相关时间.txt...
2025-06-28 13:45:40 - text_comparison.py:62 - load data ../data/clean_data_qwen2.5-72b-instruct/materials/m_00106a/LIABILITY_EXCLUSION/保障相关时间.txt...
2025-06-28 13:47:43 - text_comparison.py:92 - 0|1 result=1.4 犹豫期对比：
【文件1】：有15天的犹豫期，自签收合同之日起算；
【文件2】：有15天的犹豫期，但未说明自何时开始计算，只需在犹豫期内申请在线退保即可。比较下来，这两份文件关于犹豫期的描述没有明显冲突。
2.2 保险责任对比：
【文件1】：等待期为90天，发生保险事故时不承担保险责任；
【文件2】：等待期为90天，因意外伤害以外的原因确诊疾病，无论该疾病导致的医疗费用发生在等待期内还是在等待期外，均不对医保补偿金额进行累计，且不承担给付保险金的责任。比较下来，这两份文件关于保险责任的描述没有明显冲突。
4.1 保险费的交纳对比：
【文件1】：交纳方式和交纳期间由投保人和保险公司约定并在保险单上载明，分期交纳的要在每个保险费约定交纳日交纳剩余各期的保险费；
【文件2】：未明确说明保险费的交纳方式和交纳期间，仅提示若在宽限期结束之后仍未交纳对应的保险费，则合同效力中止。比较下来，这两份文件关于保险费的交纳描述存在明显冲突。
4.2 宽限期对比：
【文件1】：若到期未交纳保险费，则自保险费约定交纳日的次日零时起60日为宽限期，宽限期内发生的保险事故，仍会按合同约定承担相应的保险责任，但在给付保险金时需扣除欠交的保险费；本主险合同自宽限期内任一日期交纳应付保险费的，则视作正常交纳，自交纳日的次日零时起恢复合同的效力；
【文件2】：若在宽限期结束之后仍未交纳对应的保险费，则合同效力中止。比较下来，这两份文件关于宽限期限描述存在明显冲突。
综合上述结果，这两份文件有保费交纳和宽限期限的冲突。
2025-06-28 13:48:58 - text_comparison.py:92 - 0|2 result=根据上述两份文件对比，可以发现以下内容存在冲突：

- 对于犹豫期的描述，两份文件完全一致。
- 对于等待期的描述，两份文件存在差异。其中，第一份文件规定了等待期为90天，但对于等待期内发生保险事故的责任免除情况进行了详细说明；而第二份文件则没有对等待期内发生保险事故的责任免除情况进行描述，只是简单地规定了等待期为90天。因此，这两份文件关于等待期的责任免除描述存在明显的冲突。
- 对于保险费的交纳，两份文件的描述也存在差异。第一份文件规定了交费方式和交费期间由投保人和保险公司约定并在保险单上载明，分期交纳保险费的要在每个保险费约定交纳日交纳剩余各期的保险费，同时还规定了宽限期和保险费约定交纳日等相关事项；而第二份文件则没有对交费方式和交费期间进行约定，只是规定了保险费约定交纳日为本主险合同生效日在每年或每月的对应日，也没有规定分期交纳保险费的相关事项。因此，这两份文件关于交费方式和交费期间的描述也存在明显的差异。

综合以上分析，这两份文件存在明显的冲突。
2025-06-28 13:49:07 - text_comparison.py:92 - 1|2 result=无冲突。两个文件的描述完全一致。
2025-06-28 13:49:07 - text_comparison.py:99 - results: [True, True, True]
2025-06-28 13:49:07 - text_comparison.py:106 - ===============cnt=139 || material_id='m_00106a' || rule='保障相关时间' || end_result=True===============
2025-06-28 13:49:07 - text_comparison.py:57 - ===============cnt=140 || material_id='m_00107a' || rule='赔付 & 领取规则' || label=None===============
2025-06-28 13:49:07 - text_comparison.py:62 - load data ../data/clean_data_qwen2.5-72b-instruct/materials/m_00107a/INTRODUCE_IMG/赔付 & 领取规则.txt...
2025-06-28 13:49:07 - text_comparison.py:62 - load data ../data/clean_data_qwen2.5-72b-instruct/materials/m_00107a/HEAD_IMG/赔付 & 领取规则.txt...
2025-06-28 13:49:07 - text_comparison.py:62 - load data ../data/clean_data_qwen2.5-72b-instruct/materials/m_00107a/CLAUSE/赔付 & 领取规则.txt...
2025-06-28 13:49:07 - text_comparison.py:62 - load data ../data/clean_data_qwen2.5-72b-instruct/materials/m_00107a/INSURE_NOTICE/赔付 & 领取规则.txt...
2025-06-28 13:49:07 - text_comparison.py:62 - load data ../data/clean_data_qwen2.5-72b-instruct/materials/m_00107a/LIABILITY_EXCLUSION/赔付 & 领取规则.txt...
2025-06-28 13:50:21 - text_comparison.py:92 - 0|1 result=根据上述两份文件，以下是关于“赔付 & 领取规则”的分析结果：

【文件1】

- 文件1 中未包含任何与赔付相关的条款和描述，因此无法进行比较。
- 文件1 中未包含任何关于领取规则的条款和描述，因此无法进行比较。

【文件2】

- 文件2 包含多个与赔付相关的条款和描述，包括意外身故保险金、意外伤残保险金、意外伤害医疗给付、意外伤害住院补贴给付、猝死给付、特定意外身故及伤残给付、高风险运动意外伤害给付、少儿预防接种疫苗伤害给付等。
- 文件2 包含以下关于领取规则的描述：“意外伤害医疗给付的领取规则”、“意外伤害住院补贴给付的领取规则”、“猝死给付的领取规则”，但是未提及其他领取规则。
- 综上所述，我们可以得出结论：存在明显的相互冲突情况。

对于文件2 中的描述，需要进一步分析其具体条款内容来判断是否有冲突。例如，如果文件2 中的意外身故保险金和意外伤残保险金的赔付比例与文件1 中的不同，则视为存在冲突。
2025-06-28 13:51:25 - text_comparison.py:92 - 0|2 result=【保险责任】

  * 意外伤害医疗给付: 对于意外事故导致的医疗费用，根据投保人的身份和治疗方式不同，按照不同的比例进行赔付，最高可赔付该项责任对应的基本保险金额。
  * 赔付条件及赔付比例: 如果被保险人参加了当地基本医疗保险并且以该身份接受治疗，则可以获得全额赔付；如果被保险人未参加当地基本医疗保险或者未以该身份接受治疗，则可以获得95%的赔付。
  * 高风险运动意外伤害医疗给付: 对于高风险运动导致的医疗费用，超出一定限额的部分可以按照一定比例进行赔付，但最高不超过该项责任对应的基本保险金额。
  * 少儿预防接种疫苗异常反应医疗给付: 如果被保险人在指定的预防接种单位接种本合同约定范围内的疫苗后发生预防接种异常反应或偶合症，在一定期限内发生的合理医疗费用可以按照一定比例进行赔付，最高不超过该项责任对应的基本保险金额的10%。

综上所述，存在明显冲突的情况包括：赔付比例、保险病种等。
2025-06-28 13:53:54 - text_comparison.py:92 - 1|2 result=根据上述两份文件对比，可以得出以下结果：

1. 文件1与文件2在赔付 & 领取规则方面存在部分冲突。

2. 文件1与文件2的不同之处在于：（1）文件1比文件2多了"给付限制"一条；（2）文件1在"赔付条件"和"赔付比例"上做了详细规定，而文件2没有。

3. 对于文件1和文件2的差异部分，建议根据实际情况进行协商并达成一致意见，以确保双方的利益得到保障。

4. 文件1与文件2在"赔付 & 领取规则"方面的冲突主要体现在：（1）文件1第2.1条的"意外伤残保险金"中，在计算伤残保险金时是以《人身保险伤残评定标准及代码》的比例为基础进行计算的，而文件2则没有明确说明这一点；（2）文件1的"意外伤害医疗保险金"和"高风险运动意外伤害医疗给付"中都规定了赔付比例，分别为100%和95%，但文件2却没有明确规定赔付比例。

5. 文件1与文件2的相似之处在于：（1）两份文件都包含了对于意外身故及伤残的给付、意外伤害医疗给付以及高风险运动意外伤害医疗给付等方面的条款；（2）两份文件都在一定程度上对赔付金额进行了限制，例如文件1的"意外伤害医疗保险金"和"高风险运动意外伤害医疗给付"都有相应的给付限制；（3）两份文件都在一定程度上规定了赔付的条件和比例，例如文件1的"意外伤残保险金"是按照《人身保险伤残评定标准及代码》的比例进行计算，而文件2的"意外伤害医疗给付"和"高风险运动意外伤害医疗给付"则是按照当地基本医疗保险支付办法规定的个人自负部分扣除被保险人已从他人、工作单位、医疗保险机构、社会福利机构及所有商业保险机构（含本公司）取得的赔付后的金额的一定比例进行计算。

6. 文件1与文件2在"赔付 & 领取规则"方面的异同点如下所示：
相同点：
（1）两份文件都包含了对于意外身故及伤残的给付、意外伤害医疗给付以及高风险运动意外伤害医疗给付等方面的条款；（2）两份文件都在一定程度上对赔付金额进行了限制，例如文件1的"意外伤害医疗保险金"
2025-06-28 13:53:54 - text_comparison.py:99 - results: [True, True, True]
2025-06-28 13:53:54 - text_comparison.py:106 - ===============cnt=140 || material_id='m_00107a' || rule='赔付 & 领取规则' || end_result=True===============
2025-06-28 13:53:54 - text_comparison.py:57 - ===============cnt=141 || material_id='m_00108a' || rule='续保条款' || label=None===============
2025-06-28 13:53:54 - text_comparison.py:62 - load data ../data/clean_data_qwen2.5-72b-instruct/materials/m_00108a/HEALTH_INFORM/续保条款.txt...
2025-06-28 13:53:54 - text_comparison.py:62 - load data ../data/clean_data_qwen2.5-72b-instruct/materials/m_00108a/INTRODUCE_IMG/续保条款.txt...
2025-06-28 13:53:54 - text_comparison.py:62 - load data ../data/clean_data_qwen2.5-72b-instruct/materials/m_00108a/HEAD_IMG/续保条款.txt...
2025-06-28 13:53:54 - text_comparison.py:62 - load data ../data/clean_data_qwen2.5-72b-instruct/materials/m_00108a/CLAUSE/续保条款.txt...
2025-06-28 13:53:54 - text_comparison.py:62 - load data ../data/clean_data_qwen2.5-72b-instruct/materials/m_00108a/INSURE_NOTICE/续保条款.txt...
2025-06-28 13:53:54 - text_comparison.py:62 - load data ../data/clean_data_qwen2.5-72b-instruct/materials/m_00108a/ADDITIONAL_AGREEMENT/续保条款.txt...
2025-06-28 13:53:54 - text_comparison.py:62 - load data ../data/clean_data_qwen2.5-72b-instruct/materials/m_00108a/LIABILITY_EXCLUSION/续保条款.txt...
2025-06-28 13:54:06 - text_comparison.py:92 - 0|1 result=续保条款: 无冲突。
2025-06-28 13:54:06 - text_comparison.py:99 - results: [True]
2025-06-28 13:54:06 - text_comparison.py:106 - ===============cnt=141 || material_id='m_00108a' || rule='续保条款' || end_result=True===============
2025-06-28 13:54:06 - text_comparison.py:57 - ===============cnt=142 || material_id='m_00083a' || rule='保障相关时间' || label=None===============
2025-06-28 13:54:06 - text_comparison.py:62 - load data ../data/clean_data_qwen2.5-72b-instruct/materials/m_00083a/CLAUSE/保障相关时间.txt...
2025-06-28 13:54:06 - text_comparison.py:62 - load data ../data/clean_data_qwen2.5-72b-instruct/materials/m_00083a/INSURE_NOTICE/保障相关时间.txt...
2025-06-28 13:54:06 - text_comparison.py:62 - load data ../data/clean_data_qwen2.5-72b-instruct/materials/m_00083a/ADDITIONAL_AGREEMENT/保障相关时间.txt...
2025-06-28 13:54:06 - text_comparison.py:62 - load data ../data/clean_data_qwen2.5-72b-instruct/materials/m_00083a/LIABILITY_EXCLUSION/保障相关时间.txt...
2025-06-28 13:54:19 - text_comparison.py:92 - 0|1 result=对于给出的两份文件，我们无法确定它们是否具有冲突，因为文件1中没有提供任何关于保障相关时间的信息。因此，我们将无法比较这两份文件的描述是否存在冲突。
2025-06-28 13:54:57 - text_comparison.py:92 - 0|2 result=保障相关时间上没有明显的冲突。
对于文件2中的内容，在文件1中没有对应的描述，因此无法比较。

| 事 项 | 文件1 描述 | 文件2 描述 | 判断结果 |
| --- | --- | --- | --- |
| 等待期 | 无等待期 | 本保险产品无等待期。 | 有冲突 |
| 犹豫期及权益 | 不含犹豫期，且不保证续保。请您慎重投保并仔细确认填写的信息是否正确，保险产品一旦生效，退保将会产生费用损失。 | 不包含在文件1中，无需比较。 |
2025-06-28 13:56:34 - text_comparison.py:92 - 1|2 result=根据上述两份文件的描述，对于“保障相关时间”的比较结果如下：

保险生效时间: 有冲突。虽然两份文件都提到了保险生效时间，但文件1中规定是“本产品自网上投保申请核保通过后第 7 日零时生效”，而文件2中并未明确说明保险生效时间的具体规定，因此可以认为这两份文件在此处存在冲突。
保险期间: 无冲突。两份文件对此的描述一致，都是“1 年（具体以保单载明时间为准）”，因此此处不存在冲突。
等待期: 有冲突。虽然两份文件都提到了等待期，但文件1中规定的是“本产品等待期 15 天”，而文件2中则规定“本保险产品无等待期”，因此可以认为这两份文件在此处存在冲突。
犹豫期: 有冲突。虽然两份文件都提到了犹豫期，但文件1中规定的是“本保险产品不含犹豫期，请慎重选择投保”，而文件2中则规定“本保险产品不含犹豫期，且不保证续保”，因此可以认为这两份文件在此处存在冲突。
退保: 有冲突。虽然两份文件都提到了退保，但文件1中规定的是在不同时间段内的退保处理方式，而文件2中则只有“本保险产品不含犹豫期，且不保证续保”的描述，未涉及退保的具体处理方式，因此可以认为这两份文件在此处存在冲突。

综合以上分析，可以得出结论：这两份文件中存在保险生效时间、等待期、犹豫期和退保这四个方面的冲突。
2025-06-28 13:56:34 - text_comparison.py:99 - results: [True, True, True]
2025-06-28 13:56:34 - text_comparison.py:106 - ===============cnt=142 || material_id='m_00083a' || rule='保障相关时间' || end_result=True===============
2025-06-28 13:56:34 - text_comparison.py:57 - ===============cnt=143 || material_id='m_00109a' || rule='出险条款' || label=None===============
2025-06-28 13:56:34 - text_comparison.py:62 - load data ../data/clean_data_qwen2.5-72b-instruct/materials/m_00109a/HEALTH_INFORM/出险条款.txt...
2025-06-28 13:56:34 - text_comparison.py:62 - load data ../data/clean_data_qwen2.5-72b-instruct/materials/m_00109a/INTRODUCE_IMG/出险条款.txt...
2025-06-28 13:56:34 - text_comparison.py:62 - load data ../data/clean_data_qwen2.5-72b-instruct/materials/m_00109a/CLAUSE/出险条款.txt...
2025-06-28 13:56:34 - text_comparison.py:62 - load data ../data/clean_data_qwen2.5-72b-instruct/materials/m_00109a/INSURE_NOTICE/出险条款.txt...
2025-06-28 13:56:34 - text_comparison.py:62 - load data ../data/clean_data_qwen2.5-72b-instruct/materials/m_00109a/ADDITIONAL_AGREEMENT/出险条款.txt...
2025-06-28 13:56:34 - text_comparison.py:62 - load data ../data/clean_data_qwen2.5-72b-instruct/materials/m_00109a/LIABILITY_EXCLUSION/出险条款.txt...
2025-06-28 13:56:59 - text_comparison.py:92 - 0|1 result=根据提供的信息，我们发现两份文件中有部分描述是相同的，它们都是关于保险事故发生后被保险人需要住院治疗的内容。但是，这两份文件在某些方面还是存在差异的，例如文件一所列出的“释义医院”的具体定义与文件二中“释义医院”的定义有所区别，因此，我们可以得出结论，这两份文件是有冲突的。
2025-06-28 13:56:59 - text_comparison.py:99 - results: [True]
2025-06-28 13:56:59 - text_comparison.py:106 - ===============cnt=143 || material_id='m_00109a' || rule='出险条款' || end_result=True===============
2025-06-28 13:56:59 - text_comparison.py:57 - ===============cnt=144 || material_id='m_00110a' || rule='退保条款' || label=None===============
2025-06-28 13:56:59 - text_comparison.py:62 - load data ../data/clean_data_qwen2.5-72b-instruct/materials/m_00110a/CLAUSE/退保条款.txt...
2025-06-28 13:56:59 - text_comparison.py:62 - load data ../data/clean_data_qwen2.5-72b-instruct/materials/m_00110a/INSURE_NOTICE/退保条款.txt...
2025-06-28 13:56:59 - text_comparison.py:62 - load data ../data/clean_data_qwen2.5-72b-instruct/materials/m_00110a/ADDITIONAL_AGREEMENT/退保条款.txt...
2025-06-28 13:56:59 - text_comparison.py:62 - load data ../data/clean_data_qwen2.5-72b-instruct/materials/m_00110a/LIABILITY_EXCLUSION/退保条款.txt...
2025-06-28 13:57:32 - text_comparison.py:92 - 0|1 result=11.1 文件1 中关于特殊退保的手续和风险描述与文件2 相同，因此不存在冲突。
22.2 文件1 和文件2 都描述了现金价值的计算方式，但是细节有所不同。文件1 中提到在养老金领取起始日之前的现金价值是所有保单账户现金价值之和，而文件2 中则规定了从第1个保单年度到第11个保单年度每年的现金价值具体计算方式。因此，对于现金价值的描述存在冲突。
2025-06-28 13:58:07 - text_comparison.py:92 - 0|2 result=根据两份文件对比，《退保条款》中关于退保手续费的描述是基本一致的，但在某些具体操作细节上存在差异。对于特殊退保和一般退保，两份文件都在申请书需要提供的证明和资料方面做出了要求，但第(5)条的内容不同，第(5)条中，文件1要求提供“解除合同时需要的其他相关材料”，而文件2则要求提供“解除合同时需要的其他相关材料及保单账户价值计算公式”，因此可以认为这两份文件存在一定的冲突。
2025-06-28 13:59:08 - text_comparison.py:92 - 1|2 result=根据给出的两份文件，我们可以分析它们之间的差异以及可能存在的冲突。
首先，我们注意到这两份文件都是关于保险合同的退保条款。但是，它们之间存在一些显著的差异。
对于第一份文件，它包含两种类型的退保，即特殊退保和一般退保。特殊退保的条件是当被保险人患有某种重大疾病或遭受意外伤害并符合特定标准时，可以申请解除合同。而一般退保则是在犹豫期后提出申请并且不需要满足特定条件的情况下进行的。
第二份文件也包含了特殊退保和一般退保的描述，但是与第一份文件不同的是，它在特殊退保部分中列出了更多的详细要求和程序，并且在一般退保部分中增加了对解除合同时需要提供的其他相关材料的要求。
此外，文件1中规定了退保的手续费，但在文件2中没有看到类似的规定。
综上所述，我们可以得出结论：这两份文件在某些方面的描述是相互冲突的。
2025-06-28 13:59:08 - text_comparison.py:99 - results: [True, True, True]
2025-06-28 13:59:08 - text_comparison.py:106 - ===============cnt=144 || material_id='m_00110a' || rule='退保条款' || end_result=True===============
2025-06-28 13:59:08 - text_comparison.py:57 - ===============cnt=145 || material_id='m_00030a' || rule='赔付 & 领取规则' || label=None===============
2025-06-28 13:59:08 - text_comparison.py:62 - load data ../data/clean_data_qwen2.5-72b-instruct/materials/m_00030a/INTRODUCE_IMG/赔付 & 领取规则.txt...
2025-06-28 13:59:08 - text_comparison.py:62 - load data ../data/clean_data_qwen2.5-72b-instruct/materials/m_00030a/HEAD_IMG/赔付 & 领取规则.txt...
2025-06-28 13:59:08 - text_comparison.py:62 - load data ../data/clean_data_qwen2.5-72b-instruct/materials/m_00030a/CLAUSE/赔付 & 领取规则.txt...
2025-06-28 13:59:08 - text_comparison.py:62 - load data ../data/clean_data_qwen2.5-72b-instruct/materials/m_00030a/INSURE_NOTICE/赔付 & 领取规则.txt...
2025-06-28 13:59:08 - text_comparison.py:62 - load data ../data/clean_data_qwen2.5-72b-instruct/materials/m_00030a/ADDITIONAL_AGREEMENT/赔付 & 领取规则.txt...
2025-06-28 13:59:08 - text_comparison.py:62 - load data ../data/clean_data_qwen2.5-72b-instruct/materials/m_00030a/LIABILITY_EXCLUSION/赔付 & 领取规则.txt...
2025-06-28 14:00:37 - text_comparison.py:92 - 0|1 result=根据题目要求，我们需要对比分析这两份文件中关于赔付&领取规则的描述，找出是否有冲突的地方。

分析：
经过对比分析，我们发现这两份文件存在一些冲突之处。

1. 文件1 中有明确的免赔额规定：“本合同的免赔额为 100 元”，而文件2中则表述为：“每次扣除100元免赔额后按照90%赔付”。这里存在明显的冲突，因为文件1中明确了具体的免赔额数额为100元，而文件2中却表述为扣除一定比例后再赔付，未明确具体数额。

2. 文件1 中有明确的给付天数限制：“除另有约定外，本合同的给付比例为 80%。”而文件2中则表述为：“每次最多给付15天，累计最多给付180天”，这里也存在一定的冲突，因为文件1中只规定了给付比例，而文件2中却规定了具体的给付天数限制。

3. 文件1 中有明确的疾病种类限制：“本保险合同所指意外伤害，指以外来的、突发的、非本意的和非疾病的客观事件为直接且单独的原因致使身体受到的伤害”，而文件2中则未明确是否包含此限制。因此，在这一点上也存在冲突。

结论：
根据上述分析，我们可以得出结论，这两份文件在赔付&领取规则方面存在一定程度的冲突。
2025-06-28 14:00:48 - text_comparison.py:92 - 0|2 result=有冲突
2025-06-28 14:01:08 - text_comparison.py:92 - 0|3 result=对于第一个文件，存在冲突的事项是：“保险金申请人应提交……保险金申请人所能提供的与该次意外伤害事故的性质、原因、后果等有关的其他证明和资料”，因为第二个文件并未明确提及该事项是否需要提供。因此，该事项存在冲突。对于第二个文件，不存在冲突。
2025-06-28 14:02:08 - text_comparison.py:92 - 1|2 result=通过对两份文件的对比分析，我们发现以下内容存在冲突：

1. 文件1中规定：“本产品意外伤害住院津贴每次免赔3天，单次最多给付15天，累计最多给付180天”，而文件2规定：“尊享卡和豪华款：本产品意外伤害住院津贴每次免赔3天，单次最多给付15天，累计最多给付270天”。这里对于尊享款和豪华款的意外伤害住院津贴的累计最多给付天数规定不同，因此判定为存在冲突。

2. 文件1中规定：“本产品意外伤害医疗保障仅承担公立二级及以上医院发生的符合社保目录范围内的必需且合理的医疗费用，每次扣除100元免赔额后按照90%赔付”，而文件2中对该事项并未作出明确规定，因此可以判定为不存在冲突。

综上所述，这两份文件存在冲突的内容为意外伤害住院津贴的累计最多给付天数。
2025-06-28 14:04:31 - text_comparison.py:92 - 1|3 result=根据题目要求，我们需要对比分析两份文件中对于“赔付&领取规则”的描述是否一致或存在冲突。由于文件一中有明确说明的事项，在文件二中没有出现，则认为这两个文件在这个事项上存在冲突。对于文件二中出现的“本产品意外伤害住院津贴每次免赔3天，单次最多给付15天，累计最多给付180天”，虽然在文件一中也出现了类似的描述，但是由于文件一中的这个描述后面还跟了一句“（本条仅适用尊享款和豪华款方案）”，因此在这种情况下的描述是不存在冲突的。综合以上情况，我们可以得到以下表格：

| 事项 | 文件一描述 | 文件二描述 | 判断依据 |
| --- | --- | --- | --- |
| 免赔额(率) | 所有方案：本产品意外伤害医疗保障仅承担公立二级及以上医院发生的符合社保目录范围内的必需且合理的医疗费用，每次扣除100元免赔额后按照90%赔付。 <br>(2)尊享款和豪华款：本产品意外伤害住院津贴每次免赔3天，单次最多给付15天，累计最多给付180天。 | (1) 本产品意外伤害医疗保障仅承担公立二级及以上医院发生的符合社保目录范围内的必需且合理的医疗费用，每次扣除100元免赔额后按照90%赔付。<br>(2) 尊享款和豪华款：本产品意外伤害住院津贴每次免赔3天，单次最多给付15天，累计最多给付180天。 | 存在冲突 |
| 赔付说明 | 1、本产品意外伤害医疗保障仅承担公立二级及以上医院发生的符合社保目录范围内的必需且合理的医疗费用，每次扣除100元免赔额后按照90%赔付。<br>2、本产品意外伤害住院津贴每次免赔3天，单次最多给付15天，累计最多给付180天。(本条仅适用尊享款和豪华款方案) | 3、赔付说明<br><br>(1) 本产品意外伤害医疗保障仅承担公立二级及以上医院发生的符合社保目录范围内的必需且合理的医疗费用，每次扣除100元免赔额后按照90%赔付。<br>(2) 本产品意外伤害住院津贴
2025-06-28 14:05:27 - text_comparison.py:92 - 2|3 result=根据题目要求，我们对比分析如下：

| 文件1 | 文件2 |
|------|-------|
| 每次扣除100元免赔额后按照90%赔付。 | 同上 |
| 尊享卡和豪华款：本产品意外伤害住院津贴每次免赔3天，单次最多给付15天，累计最多给付270天。 | 尊享款和豪华款：本产品意外伤害住院津贴每次免赔3天，单次最多给付15天，累计最多给付180天。 |

因此，

| <thing>作出判断的简易理由</thing> | <result>有冲突</result> |
|---|---|
| 文件2中关于尊享款和豪华款的意外伤害住院津贴累计最多给付天数是180天，与文件1中规定的270天不一致。 | ||
2025-06-28 14:05:27 - text_comparison.py:99 - results: [True, True, True, True, True, True]
2025-06-28 14:05:27 - text_comparison.py:106 - ===============cnt=145 || material_id='m_00030a' || rule='赔付 & 领取规则' || end_result=True===============
2025-06-28 14:05:27 - text_comparison.py:57 - ===============cnt=146 || material_id='m_00111a' || rule='退保条款' || label=None===============
2025-06-28 14:05:27 - text_comparison.py:62 - load data ../data/clean_data_qwen2.5-72b-instruct/materials/m_00111a/HEALTH_INFORM/退保条款.txt...
2025-06-28 14:05:27 - text_comparison.py:62 - load data ../data/clean_data_qwen2.5-72b-instruct/materials/m_00111a/INTRODUCE_IMG/退保条款.txt...
2025-06-28 14:05:27 - text_comparison.py:62 - load data ../data/clean_data_qwen2.5-72b-instruct/materials/m_00111a/PRODUCT_MANUAL/退保条款.txt...
2025-06-28 14:05:27 - text_comparison.py:62 - load data ../data/clean_data_qwen2.5-72b-instruct/materials/m_00111a/HEAD_IMG/退保条款.txt...
2025-06-28 14:05:27 - text_comparison.py:62 - load data ../data/clean_data_qwen2.5-72b-instruct/materials/m_00111a/CLAUSE/退保条款.txt...
2025-06-28 14:05:27 - text_comparison.py:62 - load data ../data/clean_data_qwen2.5-72b-instruct/materials/m_00111a/INSURE_NOTICE/退保条款.txt...
2025-06-28 14:05:27 - text_comparison.py:62 - load data ../data/clean_data_qwen2.5-72b-instruct/materials/m_00111a/ADDITIONAL_AGREEMENT/退保条款.txt...
2025-06-28 14:05:27 - text_comparison.py:62 - load data ../data/clean_data_qwen2.5-72b-instruct/materials/m_00111a/LIABILITY_EXCLUSION/退保条款.txt...
2025-06-28 14:05:35 - text_comparison.py:92 - 0|1 result=【thing】 文件1与文件2关于退保的描述存在冲突。
【result】 有冲突
2025-06-28 14:06:10 - text_comparison.py:92 - 0|2 result=根据上述两份文件，对于"退保流程"这一事项进行了描述。其中，

  * 文件1 中规定了犹豫期内可以全额退款，但未说明犹豫期后退保的处理方式。
  * 文件2 中规定了犹豫期内可以解除保险合同并全额退款，但在犹豫期后退保会有所损失，只退还现金价值。

因此，在对于 "退保流程" 这一事物的描述上，存在明显冲突。具体来说，就是在犹豫期后的退保处理方式上存在冲突。综上所述，对于该事物的判断为"有冲突"。
2025-06-28 14:06:55 - text_comparison.py:92 - 0|3 result=根据题目要求，对于两份文件中的"退保条款"进行比较，输出其是否存在明显相互冲突的情况。

对于文件1和文件2中的退保条款进行比较：

- 文件1：犹豫期为15天，在犹豫期内退保可以全额退款，犹豫期后退保则退还现金价值。
- 文件2：犹豫期为30天，在犹豫期内退保不收取任何费用，犹豫期外退保则退还现金价值。此外，若保险期间发生过保险金给付，则不退还现金价值。

通过对比，我们可以发现两份文件在犹豫期和退保手续费方面的描述存在差异，因此判定这两份文件的退保条款存在冲突。

因此，输出如下：
退保条件 有冲突
2025-06-28 14:07:22 - text_comparison.py:92 - 1|2 result=对于两份文件关于退保流程的描述，存在明显的冲突。

原因在于虽然两份文件都提到了犹豫期内可以无条件退保，但是两份文件中对于犹豫期后的退保条件描述不同。文件1中规定了犹豫期后退保需要扣除一定的手续费，而文件2则规定犹豫期后退保只需要退还现金价值。因此，这两份文件关于退保条件的描述存在冲突。
2025-06-28 14:08:29 - text_comparison.py:92 - 1|3 result=1. 对于“解除合同时”的描述，“合同解除（退保）”中说明了需要提交的材料以及解除后的处理方式，而“犹豫期及权益”则只是说明了解除合同时需要注意的事项和后果，没有涉及具体的操作流程和所需材料，因此不存在明显冲突；
2. 对于“退保”的描述，“合同解除（退保）”中说明了犹豫期内和犹豫期外退保的不同处理方式，而“犹豫期及权益”则进一步解释了退保时的损失问题和退款渠道，但两者对于退保条件的描述都是“您可能遭受一定损失，我们仅退还您所申请退保保单的现金价值”，因此存在一定的冲突；
3. 对于“犹豫期”的描述，“合同解除（退保）”中只是简单说明了犹豫期的处理方式，而“犹豫期及权益”则对犹豫期进行了更详细的解释和提醒，但两者对于犹豫期的起始时间都没有明确说明，因此不存在明显冲突。

简易理由：根据上述对比可知，这两份文件中存在一定程度上的冲突，尤其是在“退保”方面的描述存在明显的重复和差异。
2025-06-28 14:09:03 - text_comparison.py:92 - 2|3 result=【事项】退保流程
【文件1】描述了在犹豫期内和犹豫期后退保的流程和所需材料，以及退保时的损失情况。【文件2】也描述了犹豫期内和犹豫期后退保的流程和所需材料，但未提及退保时的损失情况。
【简易理由】两份文件对于退保流程和所需材料的描述基本一致，但在描述退保时的损失情况时存在差异，因此可以得出结论，这两份文件在该事项上存在冲突。
【结果】有冲突
2025-06-28 14:09:03 - text_comparison.py:99 - results: [True, True, True, True, True, True]
2025-06-28 14:09:03 - text_comparison.py:106 - ===============cnt=146 || material_id='m_00111a' || rule='退保条款' || end_result=True===============
2025-06-28 14:09:03 - text_comparison.py:57 - ===============cnt=147 || material_id='m_00082a' || rule='责任免除' || label=None===============
2025-06-28 14:09:03 - text_comparison.py:62 - load data ../data/clean_data_qwen2.5-72b-instruct/materials/m_00082a/HEALTH_INFORM/责任免除.txt...
2025-06-28 14:09:03 - text_comparison.py:62 - load data ../data/clean_data_qwen2.5-72b-instruct/materials/m_00082a/INTRODUCE_IMG/责任免除.txt...
2025-06-28 14:09:03 - text_comparison.py:62 - load data ../data/clean_data_qwen2.5-72b-instruct/materials/m_00082a/PRODUCT_MANUAL/责任免除.txt...
2025-06-28 14:09:03 - text_comparison.py:62 - load data ../data/clean_data_qwen2.5-72b-instruct/materials/m_00082a/HEAD_IMG/责任免除.txt...
2025-06-28 14:09:03 - text_comparison.py:62 - load data ../data/clean_data_qwen2.5-72b-instruct/materials/m_00082a/CLAUSE/责任免除.txt...
2025-06-28 14:09:03 - text_comparison.py:62 - load data ../data/clean_data_qwen2.5-72b-instruct/materials/m_00082a/INSURE_NOTICE/责任免除.txt...
2025-06-28 14:09:03 - text_comparison.py:62 - load data ../data/clean_data_qwen2.5-72b-instruct/materials/m_00082a/LIABILITY_EXCLUSION/责任免除.txt...
2025-06-28 14:09:12 - text_comparison.py:92 - 0|1 result=【文件1】中未涉及任何关于责任免除的内容，因此与【文件2】中列举的责任免除事项不存在冲突。
2025-06-28 14:09:48 - text_comparison.py:92 - 0|2 result=对于这两份文件的责任免除描述，存在以下冲突：

1. 文件1中未提及的事项在文件2中有责任免除条款：文件1中未提及投保人对被保险人的故意伤害是否属于责任免除范围，而文件2中明确规定了投保人对被保险人的故意伤害属于责任免除范围。

2. 文件2中额外增加的事项在文件1中不存在：文件2中新增加了多项责任免除条款，如被保险人感染艾滋病病毒或患艾滋病、遗传性疾病等，而在文件1中并未包含这些责任免除条款。

因此，这两份文件存在冲突。
2025-06-28 14:11:13 - text_comparison.py:92 - 0|3 result=【分析结果】

对于【文件1】，由于没有给出任何关于责任免除的内容，因此无法与【文件2】中的责任免除事项进行比较。

对于【文件2】中的责任免除事项，以下是各个项目的比较结果：

- 责任免除原因: 有冲突
- 投保人对被保险人的故意杀害、故意伤害: 有冲突
- 被保险人故意犯罪或抗拒依法采取的刑事强制措施: 有冲突
- 被保险人故意自伤、或自本合同成立或者本合同效力恢复之日起 2 年内自杀: 有冲突
- 被保险人服用、吸食或注射毒品: 有冲突
- 被保险人驾驶无合法有效行驶证的机动车、酒后驾驶、无合法有效驾驶证驾驶: 有冲突
- 被保险人感染艾滋病病毒或患艾滋病: 有冲突
- 战争、军事冲突、武装叛乱: 有冲突
- 核爆炸、核辐射或核污染: 有冲突
- 遗传性疾病（但不包括本合同轻症疾病、中症疾病、重大疾病、特定疾病和罕见疾病）、先天性畸形、变形或染色体异常（但不包括本合同轻症疾病、中症疾病、重大疾病、特定疾病和罕见疾病）: 无冲突

根据以上比较结果，可以得出结论：这两份文件存在责任免除方面的冲突。
2025-06-28 14:11:23 - text_comparison.py:92 - 1|2 result=无冲突
2025-06-28 14:12:11 - text_comparison.py:92 - 1|3 result=经过对比分析，这两份文件中的责任免除描述存在明显的冲突情况。主要表现在以下方面：

- 文件1 中没有关于“被保险人感染艾滋病病毒或患艾滋病”的相关描述，但在文件2 中该内容却被列为责任免除的一种情形。
- 文件1 中对于身故情况的处理方式与文件2 中有所不同。在文件1 中，只有当投保人对被保险人的故意杀害、故意伤害的情况下导致被保险人身故时才不承担给付保险金的责任，并且在符合一定条件时会退还现金价值。而在文件2 中，除了增加了一种责任免除情形外，还规定了无论何种原因导致被保险人身故，本合同终止并退还现金价值。

因此，我们可以得出结论，这两份文件存在明显的冲突情况。
2025-06-28 14:12:25 - text_comparison.py:92 - 2|3 result=无冲突。
2025-06-28 14:12:25 - text_comparison.py:99 - results: [True, True, True, True, True, True]
2025-06-28 14:12:25 - text_comparison.py:106 - ===============cnt=147 || material_id='m_00082a' || rule='责任免除' || end_result=True===============
2025-06-28 14:12:25 - text_comparison.py:57 - ===============cnt=148 || material_id='m_00004a' || rule='责任免除' || label=None===============
2025-06-28 14:12:25 - text_comparison.py:62 - load data ../data/clean_data_qwen2.5-72b-instruct/materials/m_00004a/INTRODUCE_IMG/责任免除.txt...
2025-06-28 14:12:25 - text_comparison.py:62 - load data ../data/clean_data_qwen2.5-72b-instruct/materials/m_00004a/HEAD_IMG/责任免除.txt...
2025-06-28 14:12:25 - text_comparison.py:62 - load data ../data/clean_data_qwen2.5-72b-instruct/materials/m_00004a/CLAUSE/责任免除.txt...
2025-06-28 14:12:25 - text_comparison.py:62 - load data ../data/clean_data_qwen2.5-72b-instruct/materials/m_00004a/INSURE_NOTICE/责任免除.txt...
2025-06-28 14:12:25 - text_comparison.py:62 - load data ../data/clean_data_qwen2.5-72b-instruct/materials/m_00004a/ADDITIONAL_AGREEMENT/责任免除.txt...
2025-06-28 14:12:25 - text_comparison.py:62 - load data ../data/clean_data_qwen2.5-72b-instruct/materials/m_00004a/LIABILITY_EXCLUSION/责任免除.txt...
2025-06-28 14:13:28 - text_comparison.py:92 - 0|1 result=1. 文件1和文件2都是关于保险责任免除条款的说明，两者都列出了由于某些特定原因，保险公司将不承担给付保险金的责任。

2. 文件1列出了5个方面的责任免除，包括投保人、被保险人及其代表人的故意行为、重大过失或犯罪行为、被保险人非法持有或出售的物品、产品的正常磨损、腐蚀、氧化、锈垢、耗损等原因导致的损失以及属于制造商或供货商依据法律规定或合同约定应当提供的保修服务范围内的损失。

3. 文件2列出了10个方面的责任免除，包括投保人对被保险人的故意杀害、故意伤害、被保险人主动吸食或注射毒品、醉酒或受管制药物的影响等原因导致的损失，以及任何由战争、内战、叛乱、恐怖事件、核辐射、核爆炸及其他核能事故等原因导致的损失。

4. 根据以上对比，可以得出结论：这两份文件中的责任免除描述是相同的。
2025-06-28 14:14:21 - text_comparison.py:92 - 0|2 result=第一份文件和第二份文件中均提到了针对不同种类的保险产品的责任免除事项。这些责任免除事项通常包括一些特定的情况或者原因，保险公司在这些情况下不负责任。例如，第一份文件中针对意外伤害保险的责任免除事项包括投保人的故意行为、被保险人自伤或自杀等。第二份文件中针对旅游意外伤害保险的责任免除事项包括被保险人从事违法、犯罪活动期间或被依法拘留、服刑、在逃期间等。对于这两份文件，可以发现部分责任免除事项是类似的，但是也存在一些差异。因此，我们需要仔细阅读并理解每份文件的具体条款和条件，以便更好地了解哪些情况保险公司是不承担责任的。
2025-06-28 14:14:33 - text_comparison.py:92 - 1|2 result=无冲突。两份文件的责任免除内容一致。
2025-06-28 14:14:33 - text_comparison.py:99 - results: [True, True, True]
2025-06-28 14:14:33 - text_comparison.py:106 - ===============cnt=148 || material_id='m_00004a' || rule='责任免除' || end_result=True===============
2025-06-28 14:14:33 - text_comparison.py:57 - ===============cnt=149 || material_id='m_00112a' || rule='投保条款' || label=None===============
2025-06-28 14:14:33 - text_comparison.py:62 - load data ../data/clean_data_qwen2.5-72b-instruct/materials/m_00112a/INTRODUCE_IMG/投保条款.txt...
2025-06-28 14:14:33 - text_comparison.py:62 - load data ../data/clean_data_qwen2.5-72b-instruct/materials/m_00112a/HEAD_IMG/投保条款.txt...
2025-06-28 14:14:33 - text_comparison.py:62 - load data ../data/clean_data_qwen2.5-72b-instruct/materials/m_00112a/CLAUSE/投保条款.txt...
2025-06-28 14:14:33 - text_comparison.py:62 - load data ../data/clean_data_qwen2.5-72b-instruct/materials/m_00112a/INSURE_NOTICE/投保条款.txt...
2025-06-28 14:14:33 - text_comparison.py:62 - load data ../data/clean_data_qwen2.5-72b-instruct/materials/m_00112a/ADDITIONAL_AGREEMENT/投保条款.txt...
2025-06-28 14:14:33 - text_comparison.py:62 - load data ../data/clean_data_qwen2.5-72b-instruct/materials/m_00112a/LIABILITY_EXCLUSION/投保条款.txt...
2025-06-28 14:15:02 - text_comparison.py:92 - 0|1 result=【结果】
有冲突

【原因】
虽然两份文件均涉及投保人和被保险人的条件限制，但是文件1中并未明确规定投保人需要在投保时交清保险费，而文件2则明确要求投保人应当在本保险合同成立时交清保险费，因此存在缴费义务方面的冲突。另外，文件1中对于投保人申报的被保险人年龄不真实时的处理方法作出了详细的规定，而文件2中则没有相关描述。
2025-06-28 14:15:02 - text_comparison.py:99 - results: [True]
2025-06-28 14:15:02 - text_comparison.py:106 - ===============cnt=149 || material_id='m_00112a' || rule='投保条款' || end_result=True===============
2025-06-28 14:15:02 - text_comparison.py:57 - ===============cnt=150 || material_id='m_00113a' || rule='保障相关时间' || label=None===============
2025-06-28 14:15:02 - text_comparison.py:62 - load data ../data/clean_data_qwen2.5-72b-instruct/materials/m_00113a/INTRODUCE_IMG/保障相关时间.txt...
2025-06-28 14:15:02 - text_comparison.py:62 - load data ../data/clean_data_qwen2.5-72b-instruct/materials/m_00113a/PRODUCT_MANUAL/保障相关时间.txt...
2025-06-28 14:15:02 - text_comparison.py:62 - load data ../data/clean_data_qwen2.5-72b-instruct/materials/m_00113a/HEAD_IMG/保障相关时间.txt...
2025-06-28 14:15:02 - text_comparison.py:62 - load data ../data/clean_data_qwen2.5-72b-instruct/materials/m_00113a/CLAUSE/保障相关时间.txt...
2025-06-28 14:15:02 - text_comparison.py:62 - load data ../data/clean_data_qwen2.5-72b-instruct/materials/m_00113a/INSURE_NOTICE/保障相关时间.txt...
2025-06-28 14:15:02 - text_comparison.py:62 - load data ../data/clean_data_qwen2.5-72b-instruct/materials/m_00113a/ADDITIONAL_AGREEMENT/保障相关时间.txt...
2025-06-28 14:15:51 - text_comparison.py:92 - 0|1 result=根据上述两份文件的描述，“犹豫期”的时间都是15天，因此可以得出结论：无冲突。

| 事项                     | 文件1                                              | 文件2                                                      |
|--------------------------|----------------------------------------------------|------------------------------------------------------|
| 犹豫期                    | 15日                                               | 15日                                                   |
| 宽限期                    | 无描述                                             | 自投保人签收本合同并知悉保单利益条款之日起，有2年的解约期 |
| 等待期                    | 无描述                                             | 对于因疾病初次发生并自保险生效日或复效日（以较迟者为准）起一年内 |
| 保险金给付                 | 无描述                                             | 若被保险人在保险有效期内不幸身故，则受益人可领取身故保险金         |
2025-06-28 14:16:58 - text_comparison.py:92 - 0|2 result=根据上述信息，可以得出以下结论：

| 事项            | 文件1描述         | 文件2描述                | 判断结果    |
|----------------|------------------|--------------------------|-----------|
| 犀疑期          | 犹豫期:15日       | 本合同支付成功后当日生效，犹豫期为15天，合同生效日期次日将设定为犹豫期的初始日期。犹豫期内您提出解除本合同，我们将无息退还您所支付的全部保险费。超过15天犹豫期之后退保，保险公司仅退还本合同的现金价值。 | 有冲突    |
| 其他时间信息    | 文本中未提及其他时间信息     | 保险期间为终身或长期；养老年金领取起始日由您在投保时与我们约定并在保险合同中载明，但不得早于被保险人60周岁的生日;您应在定期追加保险费约定交纳日交纳每期的定期追加保险费。本合同的定期追加保险费交费期间为至个人账户注销前。 | 无冲突    |

因此，对于保障相关时间的描述存在冲突。
2025-06-28 14:17:18 - text_comparison.py:92 - 0|3 result=根据上述信息，我们可以得出结论：

对于【文件1】和【文件2】中的“犹豫期”，描述是相同的，因此可以判断为“无冲突”。

理由：两份文件中都指定了犹豫期为15天，且表述方式基本一致。

因此，输出结果为：

犹豫期：无冲突
2025-06-28 14:18:57 - text_comparison.py:92 - 1|2 result=对于给出的两份文件，需要比较以下内容：

  * 犹豫期：第一份文件规定犹豫期为15天，第二份文件规定犹豫期为15天且犹豫期内解除合同可以全额退款。两者对于犹豫期的描述没有冲突。
  * 等待期：第一份文件没有提到等待期，第二份文件也没有提到等待期。因此，对于等待期这两份文件没有冲突。
  * 宽限期：第一份文件没有提到宽限期，第二份文件也没有提到宽限期。因此，对于宽限期这两份文件没有冲突。
  * 保险期间：第一份文件的保险期间为终身或长期，第二份文件也规定了保险期间为终身或长期。因此，对于保险期间这两份文件没有冲突。
  * 养老年金领取起始日：第一份文件中未提及养老年金领取起始日，第二份文件规定养老年金领取起始日由投保人在投保时约定并在保险合同中载明，但不得早于被保险人60周岁的生日。由于第一份文件中没有养老年金领取起始日的描述，所以此处没有冲突。
  * 定期追加保险费约定交纳日：第一份文件中未提及定期追加保险费约定交纳日，第二份文件规定了定期追加保险费的交费期间为至个人账户注销前。由于第一份文件中没有定期追加保险费约定交纳日的描述，所以此处没有冲突。

综上所述，这两份文件中只有犹豫期和养老年金领取起始日的描述是相同的，其他内容均没有冲突。因此，对于保险产品中的保障相关时间，这两份文件存在部分冲突。
2025-06-28 14:19:52 - text_comparison.py:92 - 1|3 result=根据上述两份文件的描述，“保障相关时间”的内容存在明显的冲突。原因是在第一份文件中描述了犹豫期为15天，并且规定在签收合同当日开始计算犹豫期；而在第二份文件中则只是描述了犹豫期的初始日期为合同生效日的次日，但并未明确犹豫期的时长。因此，这两份文件关于犹豫期的描述存在冲突。
对于其他同一件事情的描述，如果在一份文件中已经明确说明，则需要进行比较，如果在另一份文件中省略了说明或未明确说明，则不需要进行比较。因此，在这个例子中，由于第一份文件已经描述了犹豫期为15天并且从签收合同当日开始计算，而第二份文件中并没有对此进行补充说明，因此可以认为第二份文件默认采用了与第一份文件相同的犹豫期规定。
综上所述，这两份文件关于犹豫期的描述存在冲突。
无冲突。
2025-06-28 14:20:18 - text_comparison.py:92 - 2|3 result=无冲突。因为虽然两份文件都提到了犹豫期为15天，但是文件1中还提到了其他时间信息，如保险期间、养老年金领取起始日等，而文件2中并没有涉及这些时间信息，所以不会产生冲突。
2025-06-28 14:20:18 - text_comparison.py:99 - results: [True, True, True, True, True, True]
2025-06-28 14:20:18 - text_comparison.py:106 - ===============cnt=150 || material_id='m_00113a' || rule='保障相关时间' || end_result=True===============
2025-06-28 14:20:18 - text_comparison.py:57 - ===============cnt=151 || material_id='m_00114a' || rule='投保条款' || label=None===============
2025-06-28 14:20:18 - text_comparison.py:62 - load data ../data/clean_data_qwen2.5-72b-instruct/materials/m_00114a/HEALTH_INFORM/投保条款.txt...
2025-06-28 14:20:18 - text_comparison.py:62 - load data ../data/clean_data_qwen2.5-72b-instruct/materials/m_00114a/INTRODUCE_IMG/投保条款.txt...
2025-06-28 14:20:18 - text_comparison.py:62 - load data ../data/clean_data_qwen2.5-72b-instruct/materials/m_00114a/HEAD_IMG/投保条款.txt...
2025-06-28 14:20:18 - text_comparison.py:62 - load data ../data/clean_data_qwen2.5-72b-instruct/materials/m_00114a/CLAUSE/投保条款.txt...
2025-06-28 14:20:18 - text_comparison.py:62 - load data ../data/clean_data_qwen2.5-72b-instruct/materials/m_00114a/INSURE_NOTICE/投保条款.txt...
2025-06-28 14:20:18 - text_comparison.py:62 - load data ../data/clean_data_qwen2.5-72b-instruct/materials/m_00114a/ADDITIONAL_AGREEMENT/投保条款.txt...
2025-06-28 14:20:18 - text_comparison.py:62 - load data ../data/clean_data_qwen2.5-72b-instruct/materials/m_00114a/LIABILITY_EXCLUSION/投保条款.txt...
2025-06-28 14:20:31 - text_comparison.py:92 - 0|1 result=【文件1】中没有涉及到关于「投保期间」、「缴费方式」、「保险金额」等方面的描述，因此无需与【文件2】中的内容进行比较。

对比结果：无冲突。
2025-06-28 14:21:33 - text_comparison.py:92 - 0|2 result=根据题目要求，我们分别对比文件1和文件2中提到的事物：

- 投保人资格：文件1中没有明确说明该事项，而文件2中有具体描述，因此存在明显冲突。
- 被保险人年龄：文件1中没有明确说明该事项，而文件2中有具体描述，因此存在明显冲突。
- 投保：文件1中对该事项进行了详细描述，但文件2中没有提及，因此存在明显冲突。

因此，根据上述比较结果，可以得出以下结论：

- 文件1和文件2之间存在投保人资格、被保险人年龄和投保方面的冲突。
- 对于其他没有在两份文件中都提到的事物，由于题目要求中已经规定不需要进行比较，因此不做判断。

简易理由：由于题目要求只比较相同条件下两份文件的描述是否冲突，因此对于没有在两份文件中都提到的事物不做判断。根据比较结果，可以得出文件1和文件2之间存在投保人资格、被保险人年龄和投保方面的冲突。
2025-06-28 14:23:57 - text_comparison.py:92 - 0|3 result=根据题目要求，需要对比分析两份文件中关于“投保条款”的描述，找出其中可能存在的冲突情况。

对比分析这两份文件，“投保条款”的内容分别如下：

【文件1】

该文件中没有提供具体的投保条款内容。

【文件2】

该文件中包括了投保人的缴费方式、保费分期支付、保费逾期处理、保险期间、保单效力及责任等内容，其中涉及到的与其它文件可能存在冲突的内容如下：

1. 投保方式

在文件2中，投保方式分为一次性交付保险费和分期交付保险费两种方式，而在文件1中未明确说明投保方式，因此无法判断是否存在关于投保方式的冲突。

2. 费用支付期限

在文件2中，规定了保费分期交付的周期为1个月，并且设置了30天的付款宽限期，在文件1中未明确说明费用支付期限，因此无法判断是否存在关于费用支付期限的冲突。

3. 保险期间

在文件2中，规定了当投保人未按时缴纳保费时，保险期间将终止，而在文件1中未明确说明保险期间的相关事项，因此无法判断是否存在关于保险期间的冲突。

4. 保险责任

在文件2中，明确规定了保险人在哪些情况下不承担保险责任，而在文件1中未明确说明保险责任的相关事项，因此无法判断是否存在关于保险责任的冲突。

综合上述情况，我们可以得出结论：

存在冲突的事项包括：投保方式、费用支付期限、保险期间、保险责任。

不存在冲突的事项包括：特别约定、每一被保险人同一保险期间内的投保限制、赔偿金额、保险病种等。

因此，根据以上分析结果，可以输出如下表格：

| 事项                 | 做出判断的简易理由                              | result|
| ------------------- | ------------------------------------------ | ---- |
| 投保方式            | 文件1中未明确说明投保方式，而文件2中有说明   | 有冲突|
| 费用支付期限        | 文件1中未明确说明费用支付期限，而文件2中有说明   | 有冲突|
| 保险期间            | 文件1中未明确说明保险期间，而文件2中有说明     | 有冲突|
| 保险责任            | 文件1中未明确说明保险责任，而文件2中有说明     | 有冲突|
| 特别约定            | 文件1和文件2都有说明                               | 无冲突|
| 每一被保险
2025-06-28 14:23:59 - text_comparison.py:92 - 1|2 result=无冲突
2025-06-28 14:25:31 - text_comparison.py:92 - 1|3 result=**投保人和被保险人条件限制：**

**文件1** 中有明确说明投保人和被保险人的条件限制，包括合同的成立、投保人、被保险人的条件。而**文件2** 中只有对投保人和被保险人的部分条件限制（投保人初次投保时的年龄限制及保险期间届满后的重新投保），并没有对合同的成立作出明确说明，因此对于该部分描述没有冲突。

**缴费约定：**

**文件1** 中列出了多种不同的缴费方式以及相应的规定，而**文件2** 中只提及了投保人可以选择一次性交付或分期交付保险费，并且明确了分期交付的情况下保费分期交付的周期为1个月，未交付首期保费则保险合同不成立，保险人不承担保险责任，同时也有付款宽限期的规定。由于两份文件的描述存在一定的差异，因此对于该部分描述存在冲突。

**特别约定：**

**文件1** 中列出了几种特别约定，其中包括一次性交付保险费及保费分期交付的周期和规定、保险期间终止后的保险责任等。而**文件2** 中也列出了相应的特别约定，其中包括保费分期交付的周期、付款宽限期、每份保单的最高保险金额限制等。虽然两份文件的部分内容有所重合，但是仍然存在一定的差异，因此对于该部分描述存在冲突。

总结：对于投保人和被保险人条件限制的描述，两份文件不存在冲突；对于缴费约定的描述，存在冲突；对于特别约定的描述，存在冲突。
2025-06-28 14:26:26 - text_comparison.py:92 - 2|3 result=根据题目要求，我们需要对比两份文件中相同的事项是否冲突。对比文件1和文件2，可以发现以下内容有冲突：

- 投保人资格：文件1规定投保人资格为"18周岁以上有完全民事行为能力人，并与被保险人存在可保利益；仅限在中国大陆地区有固定居所的人士投保。"，而文件2中没有明确的规定投保人的资格条件。
- 被保险人年龄：文件1规定被保险人年龄范围为"首次投保时年龄为出生满30天至17周岁，上一张保单期满后指定期限内重新投保的年龄最高可至17周岁。"，而文件2中规定每一被保险人同一保险期间内限投保1份，多投保无效。

因此，文件1和文件2之间存在投保人资格和被保险人年龄的冲突。
2025-06-28 14:26:26 - text_comparison.py:99 - results: [True, True, True, True, True, True]
2025-06-28 14:26:26 - text_comparison.py:106 - ===============cnt=151 || material_id='m_00114a' || rule='投保条款' || end_result=True===============
2025-06-28 14:26:26 - text_comparison.py:57 - ===============cnt=152 || material_id='m_00115a' || rule='出险条款' || label=None===============
2025-06-28 14:26:26 - text_comparison.py:62 - load data ../data/clean_data_qwen2.5-72b-instruct/materials/m_00115a/CLAUSE/出险条款.txt...
2025-06-28 14:26:26 - text_comparison.py:62 - load data ../data/clean_data_qwen2.5-72b-instruct/materials/m_00115a/INSURE_NOTICE/出险条款.txt...
2025-06-28 14:26:26 - text_comparison.py:62 - load data ../data/clean_data_qwen2.5-72b-instruct/materials/m_00115a/ADDITIONAL_AGREEMENT/出险条款.txt...
2025-06-28 14:26:26 - text_comparison.py:62 - load data ../data/clean_data_qwen2.5-72b-instruct/materials/m_00115a/LIABILITY_EXCLUSION/出险条款.txt...
2025-06-28 14:26:26 - text_comparison.py:72 - ===============<=1 cnt=152 || material_id='m_00115a' || rule='出险条款' || end_result=True===============
2025-06-28 14:26:26 - text_comparison.py:57 - ===============cnt=153 || material_id='m_00068a' || rule='投保条款' || label=None===============
2025-06-28 14:26:26 - text_comparison.py:62 - load data ../data/clean_data_qwen2.5-72b-instruct/materials/m_00068a/INTRODUCE_IMG/投保条款.txt...
2025-06-28 14:26:26 - text_comparison.py:62 - load data ../data/clean_data_qwen2.5-72b-instruct/materials/m_00068a/HEAD_IMG/投保条款.txt...
2025-06-28 14:26:26 - text_comparison.py:62 - load data ../data/clean_data_qwen2.5-72b-instruct/materials/m_00068a/CLAUSE/投保条款.txt...
2025-06-28 14:26:26 - text_comparison.py:62 - load data ../data/clean_data_qwen2.5-72b-instruct/materials/m_00068a/INSURE_NOTICE/投保条款.txt...
2025-06-28 14:26:26 - text_comparison.py:62 - load data ../data/clean_data_qwen2.5-72b-instruct/materials/m_00068a/ADDITIONAL_AGREEMENT/投保条款.txt...
2025-06-28 14:26:26 - text_comparison.py:62 - load data ../data/clean_data_qwen2.5-72b-instruct/materials/m_00068a/LIABILITY_EXCLUSION/投保条款.txt...
2025-06-28 14:27:24 - text_comparison.py:92 - 0|1 result=有冲突

根据题目要求，需要比较两份文件中都提到的同一件事物的描述和表达，判断是否存在明显相互冲突的情况。经过对比分析，发现以下内容存在冲突：

1. 文件1中有“保险期间为一年（或不超过一年）”，而文件2中却只有“保险期间届满，投保人需要重新向保险公司申请投保本产品，并经保险人同意，交纳保险费，获得新的保险合同”，并没有明确说明保险期间的长短，因此两者存在冲突。

2. 文件1中有“保险费分期支付应遵循平均分配的规则，即投保人支付的每期保险费的金额应保持一致”，而文件2中只规定了“本产品不保证续保；保险期间届满，投保人需要重新向保险公司申请投保本产品，并经保险人同意，交纳保险费，获得新的保险合同”，并未涉及保险费分期支付的相关内容，因此两者也存在冲突。

综上所述，以上两份文件存在明显的冲突。
2025-06-28 14:27:24 - text_comparison.py:99 - results: [True]
2025-06-28 14:27:24 - text_comparison.py:106 - ===============cnt=153 || material_id='m_00068a' || rule='投保条款' || end_result=True===============
2025-06-28 14:27:24 - text_comparison.py:57 - ===============cnt=154 || material_id='m_00086a' || rule='退保条款' || label=None===============
2025-06-28 14:27:24 - text_comparison.py:62 - load data ../data/clean_data_qwen2.5-72b-instruct/materials/m_00086a/HEALTH_INFORM/退保条款.txt...
2025-06-28 14:27:24 - text_comparison.py:62 - load data ../data/clean_data_qwen2.5-72b-instruct/materials/m_00086a/CLAUSE/退保条款.txt...
2025-06-28 14:27:24 - text_comparison.py:62 - load data ../data/clean_data_qwen2.5-72b-instruct/materials/m_00086a/INSURE_NOTICE/退保条款.txt...
2025-06-28 14:27:24 - text_comparison.py:62 - load data ../data/clean_data_qwen2.5-72b-instruct/materials/m_00086a/ADDITIONAL_AGREEMENT/退保条款.txt...
2025-06-28 14:27:24 - text_comparison.py:62 - load data ../data/clean_data_qwen2.5-72b-instruct/materials/m_00086a/LIABILITY_EXCLUSION/退保条款.txt...
2025-06-28 14:27:47 - text_comparison.py:92 - 0|1 result=在上述两份文件中，“退保条款”的描述存在明显冲突。第一份文件规定了投保人在保险期间内的退保条件和所需提交的相关证明文件；而第二份文件则规定了犹豫期的退保条件以及不同保费支付方式下的退保计算方法。由于这两份文件针对不同的时间段和情况进行了规定，因此它们之间不存在明显的冲突。
2025-06-28 14:28:08 - text_comparison.py:92 - 0|2 result=存在冲突的地方是文件2中的第九条描述了退保手续费的算法，而文件1中并没有这样的描述。因此，对于该事项，这两份文件存在冲突。

简易理由：由于文件1中没有规定关于退保手续费的算法，因此与文件2中的描述不一致，存在冲突。

结果：有冲突
2025-06-28 14:29:13 - text_comparison.py:92 - 1|2 result=根据题目要求，需要对比两份文件中关于退保条款的描述，找出其中可能存在的冲突情况。

对比文件1和文件2中的退保相关描述，可以发现以下内容存在冲突：

- 文件1中规定犹豫期为15天，而文件2中则没有明确规定犹豫期的天数。
- 文件1中规定了对于不同保费支付方式下的未满期净保险费计算公式，而文件2中也给出了类似的计算公式，但具体处理方式略有不同。例如，文件2中使用的是“若投保人选择分12期交付保费的”，而对于一次性交付保费的处理方式与文件1相同。

因此，我们可以得出如下结论：

- 对于犹豫期的天数，由于文件2中没有明确规定，因此存在冲突。
- 对于未满期净保险费的计算公式，在不同保费支付方式下的处理方式上存在冲突。

简易理由：根据题目要求，只需要比较两份文件中相同的事项，对于未明确或省略的说明无需比较。通过对比，发现两份文件中有部分描述存在冲突。
结果：有冲突。
2025-06-28 14:29:13 - text_comparison.py:99 - results: [True, True, True]
2025-06-28 14:29:13 - text_comparison.py:106 - ===============cnt=154 || material_id='m_00086a' || rule='退保条款' || end_result=True===============
2025-06-28 14:29:13 - text_comparison.py:57 - ===============cnt=155 || material_id='m_00116a' || rule='退保条款' || label=None===============
2025-06-28 14:29:13 - text_comparison.py:62 - load data ../data/clean_data_qwen2.5-72b-instruct/materials/m_00116a/CLAUSE/退保条款.txt...
2025-06-28 14:29:13 - text_comparison.py:62 - load data ../data/clean_data_qwen2.5-72b-instruct/materials/m_00116a/INSURE_NOTICE/退保条款.txt...
2025-06-28 14:29:13 - text_comparison.py:62 - load data ../data/clean_data_qwen2.5-72b-instruct/materials/m_00116a/ADDITIONAL_AGREEMENT/退保条款.txt...
2025-06-28 14:29:13 - text_comparison.py:62 - load data ../data/clean_data_qwen2.5-72b-instruct/materials/m_00116a/LIABILITY_EXCLUSION/退保条款.txt...
2025-06-28 14:29:13 - text_comparison.py:72 - ===============<=1 cnt=155 || material_id='m_00116a' || rule='退保条款' || end_result=True===============
2025-06-28 14:29:13 - text_comparison.py:57 - ===============cnt=156 || material_id='m_00114a' || rule='赔付 & 领取规则' || label=None===============
2025-06-28 14:29:13 - text_comparison.py:62 - load data ../data/clean_data_qwen2.5-72b-instruct/materials/m_00114a/HEALTH_INFORM/赔付 & 领取规则.txt...
2025-06-28 14:29:13 - text_comparison.py:62 - load data ../data/clean_data_qwen2.5-72b-instruct/materials/m_00114a/INTRODUCE_IMG/赔付 & 领取规则.txt...
2025-06-28 14:29:13 - text_comparison.py:62 - load data ../data/clean_data_qwen2.5-72b-instruct/materials/m_00114a/HEAD_IMG/赔付 & 领取规则.txt...
2025-06-28 14:29:13 - text_comparison.py:62 - load data ../data/clean_data_qwen2.5-72b-instruct/materials/m_00114a/CLAUSE/赔付 & 领取规则.txt...
2025-06-28 14:29:13 - text_comparison.py:62 - load data ../data/clean_data_qwen2.5-72b-instruct/materials/m_00114a/INSURE_NOTICE/赔付 & 领取规则.txt...
2025-06-28 14:29:13 - text_comparison.py:62 - load data ../data/clean_data_qwen2.5-72b-instruct/materials/m_00114a/ADDITIONAL_AGREEMENT/赔付 & 领取规则.txt...
2025-06-28 14:29:13 - text_comparison.py:62 - load data ../data/clean_data_qwen2.5-72b-instruct/materials/m_00114a/LIABILITY_EXCLUSION/赔付 & 领取规则.txt...
2025-06-28 14:30:53 - text_comparison.py:92 - 0|1 result=根据以上信息，《文件1》中关于“赔付 & 领取规则”的描述与《文件2》中同件事物的描述存在明显的冲突情况，主要表现在以下几个方面：

1. 对于“恶性肿瘤 - 重度疾病”的描述，《文件1》中只有针对“白血病”的特殊保障，而《文件2》则涵盖了多种情况，包括“与前一次确诊的恶性肿瘤 - 重度（释义十）无关的新发恶性肿瘤 - 重度（释义十一）”、“前一次确诊的恶性肿瘤 - 重度复发（释义十二）”、“前一次确诊的恶性肿瘤 - 重度转移（释义十三）”。这意味着，在《文件2》中，即使被保险人已经患上过恶性肿瘤 - 重度疾病，只要符合理想的条件，还可以再次获得保险公司的赔偿。

2. 关于“重大疾病”的描述，《文件1》中仅提到“100种重大疾病”，而《文件2》则使用了“本合同约定的重大疾病”的表述。虽然没有明确说明，但可以理解为《文件2》覆盖的重大疾病种类更多。

3. 对于“疾病身故保险金”的描述，《文件1》中并未涉及，而《文件2》则提供了这一选项。

4. 在《文件2》中还增加了对“重大疾病住院津贴保险金”和“重大疾病ICU重症监护病房住院津贴保险金”的描述，而《文件1》中没有这些内容。

综上所述，由于这两份文件之间对于某些重要保险责任的描述存在差异，因此可以得出结论：这两份文件的“赔付 & 领取规则”存在明显的冲突。
2025-06-28 14:31:32 - text_comparison.py:92 - 0|2 result=恶性肿瘤-重度的描述存在冲突。
第一次恶性肿瘤-重度描述中，若被保险人自该次恶性肿瘤-重度确诊之日起满180日后，经中华人民共和国境内二级及二级以上的公立医院的专科医生第二次确诊罹患本合同约定的恶性肿瘤-重度，保险人给付50万元；而第二次恶性肿瘤-重度描述中，若被保险人自该次恶性肿瘤-重度确诊之日起满180日后，经中华人民共和国境内二级及二级以上的公立医院的专科医生第二次确诊罹患本合同约定的恶性肿瘤-重度，保险人也给付50万元，两者的描述存在冲突。
2025-06-28 14:31:46 - text_comparison.py:92 - 0|3 result=根据题目要求，需要分析两份文件中关于“赔付与领取规则”的内容是否存在明显相互冲突的情况。由于未提供文件2的具体内容，因此无法完成该任务。请提供完整的文件内容以便分析。
2025-06-28 14:34:15 - text_comparison.py:92 - 1|2 result=文件1 和 文件2 中关于“赔付 & 领取规则”的部分存在一些相互冲突的地方，具体如下：

1. 对于“重大疾病保险金”的描述，在文件1 中是针对“首次重大疾病保险金”和“第二次重大疾病保险金”的，而在文件2 中则只是描述了“首次重大疾病保险金”，并未提及“第二次重大疾病保险金”。因此，对于文件2 是否包含“第二次重大疾病保险金”以及相关描述存在矛盾。

2. 文件1 中对于“疾病全残保险金”的描述是“若被保险人因罹患疾病身故的，保险人按本合同载明的保险金额给付疾病身故保险金，同时本合同终止”，而文件2 中则是在“重大疾病ICU重症监护病房住院津贴责任”部分提到了“被保险人因遭受意外伤害事故或在等待期后，经中华人民共和国境内二级及二级以上的公立医院的专科医生初次确诊罹患主合同所定义的重大疾病，并因此在医院的ICU重症监护病房进行住院治疗的，保险人按被保险人每次在ICU重症监护病房实际住院天数 * 1000元向被保险人给付重大疾病ICU重症监护病房住院津贴保险金”，这里并未涉及疾病全残保险金的相关内容。

3. 文件1 中对于“恶性肿瘤——重度”的描述是在“第二次恶性肿瘤——重度疾病保险金”部分，而文件2 则是在“第二次恶性肿瘤——重度疾病责任”部分进行了描述。虽然两者都是针对“恶性肿瘤——重度”的描述，但是文件1 中描述的是“自该次恶性肿瘤——重度确诊之日起满180日后，经中华人民共和国境内（不包括香港、澳门及台湾地区）医院的专科医生第二次确诊罹患本合同约定的恶性肿瘤——重度，保险人按本合同载明的保险金额给付第二次恶性肿瘤——重度疾病保险金，同时本项保险责任终止”，而文件2 中则是描述了“被保险人自该次恶性肿瘤——重度确诊之日起180日（含）内经中华人民共和国境内二级及二级以上的公立医院的专科医生第二次确诊罹患本合同约定的恶性肿瘤——重度，保险人不承担给付本项保险金的责任，本项保险责任继续有效”。可以看出，对于“恶性肿瘤——重度”的描述在时间范围上存在差异。

综上所述，文件1 和 文件2 的“赔付
2025-06-28 14:36:47 - text_comparison.py:92 - 1|3 result=以下是两个文件的“赔付 & 领取规则”的对比结果，其中没有明显相互冲突的情况。

| 事项 | 文件1描述 | 文件2描述 |
| --- | --- | --- |
| 赔付年龄/比例/次数 | 无 | 无 |
| 保险责任范围 | 首次重大疾病保险金、第二次重大疾病保险金、疾病身故保险金、疾病全残保险金 | 重大疾病住院津贴保险金、重大疾病ICU重症监护病房住院津贴保险金 |
| 等待期后确诊首次重大疾病保险金 | 若投保人在投保首次重大疾病保险金责任的基础上选择投保“第二次重大疾病保险金责任”与“第二次恶性肿瘤——重度疾病保险金责任”中的一项或者多项，首次重大疾病保险金责任终止，“第二次重大疾病保险金”与“第二次恶性肿瘤——重度疾病保险金”均继续有效。若投保人在投保首次重大疾病保险金责任的基础上未选择投保“第二次重大疾病保险金责任”与“第二次恶性肿瘤——重度疾病保险金责任”中的任一项，本合同终止。若被保险人在等待期内初次确诊罹患本合同约定的重大疾病，保险人不承担给付保险金的责任，但应向投保人无息退还已交纳的保险费，同时本合同终止。若被保险人在等待期内接受检查但在等待期后初次确诊罹患本合同约定的重大疾病，保险人不承担给付保险金的责任，但应向投保人无息退还已交纳的保险费，同时本合同终止。 | 同样是在投保了首次重大疾病保险金后，若选择其他两项保险责任，首次重大疾病保险金责任终止；若未选择则本合同终止；若在等待期内确诊重大疾病，则保险公司不承担给付保险金的责任，仅退还已交纳的保险费并终止合同 |
| 重大疾病保障 | 见上表 | 见上表 |
| 意外医疗保障 | 无 | 无 |
| 保险金给付比例 | 见上表 | 见上表 |
| 保险金给付金额限制 | 见上表 | 见上表 |
| 投保人义务 | 交付保险费、如实告知 | 同上 |
| 受益人的指定和变更 | 投保人可指定受益人，若无指定则默认为法定继承人 | 同上 |
| 保险金申请
2025-06-28 14:38:28 - text_comparison.py:92 - 2|3 result=根据您提供的信息，我已对这两份文件进行了对比和分析。以下是关于两份文件中“赔付 & 领取规则”的比较结果：

有冲突的部分：

1. 文件1中提到的“恶性肿瘤 - 重度之外的其他重大疾病”，而文件2中没有类似的描述，这可能意味着对于其他重大疾病的处理方式在两份文件中是不同的。

2. 文件1中提到“保险人给付白血病疾病保险金100万元，同时白血病疾病责任终止”，而文件2中没有类似的内容，这意味着对于白血病的处理方式在两份文件中可能是不同的。

3. 文件1中提到“第一次确诊的恶性肿瘤 - 重度转移是指初次确诊恶性肿瘤时已经存在的远处转移（按照《恶性肿瘤 TNM 分期法》分期为 TNM0）的恶性肿瘤出现进展，达到 TNM1 分期 的远处转移的继发恶性肿瘤。即初次确诊恶性肿瘤后，再次仅发生区域淋巴结转移（TNM0），无法获赔”，而文件2中没有类似内容，这意味着对于恶性肿瘤转移的处理方式在两份文件中可能不同。

简易理由：
1. 对比两份文件中相同的描述，确定是否有冲突。
2. 根据文件1与文件2的描述差异，判断出存在冲突的部分。

结论：
在对比了这两个文件的“赔付 & 领取规则”后，我们发现其中有三个部分存在明显的冲突：一是对于“恶性肿瘤 - 重度之外的其他重大疾病”的描述，二是对于白血病的处理方式，三是对于恶性肿瘤转移的处理方式。因此，我们可以得出结论，这两份文件存在冲突。
2025-06-28 14:38:28 - text_comparison.py:99 - results: [True, True, True, True, True, True]
2025-06-28 14:38:28 - text_comparison.py:106 - ===============cnt=156 || material_id='m_00114a' || rule='赔付 & 领取规则' || end_result=True===============
2025-06-28 14:38:28 - text_comparison.py:57 - ===============cnt=157 || material_id='m_00051a' || rule='保障责任' || label=None===============
2025-06-28 14:38:28 - text_comparison.py:62 - load data ../data/clean_data_qwen2.5-72b-instruct/materials/m_00051a/INTRODUCE_IMG/保障责任.txt...
2025-06-28 14:38:28 - text_comparison.py:62 - load data ../data/clean_data_qwen2.5-72b-instruct/materials/m_00051a/HEAD_IMG/保障责任.txt...
2025-06-28 14:38:28 - text_comparison.py:62 - load data ../data/clean_data_qwen2.5-72b-instruct/materials/m_00051a/CLAUSE/保障责任.txt...
2025-06-28 14:38:28 - text_comparison.py:62 - load data ../data/clean_data_qwen2.5-72b-instruct/materials/m_00051a/INSURE_NOTICE/保障责任.txt...
2025-06-28 14:38:28 - text_comparison.py:62 - load data ../data/clean_data_qwen2.5-72b-instruct/materials/m_00051a/ADDITIONAL_AGREEMENT/保障责任.txt...
2025-06-28 14:38:28 - text_comparison.py:62 - load data ../data/clean_data_qwen2.5-72b-instruct/materials/m_00051a/LIABILITY_EXCLUSION/保障责任.txt...
2025-06-28 14:40:58 - text_comparison.py:92 - 0|1 result=第一份文件和第二份文件都涉及到意外伤害保险的相关保障责任，但是两者的保险责任略有不同。下面是对于这两份文件的分析：
第一份文件的保险责任：

  * 意外身故保险责任：被保险人因意外伤害导致身故的，保险人按本附加合同载明的营运交通工具所对应的意外身故保险金额承担给付意外身故保险金的责任。这份文件中提到了两种情况，一是被保险人在保险期间内因意外伤害导致身故的，二是被保险人因意外伤害后下落不明，后经人民法院宣告死亡的。对于这两种情况，保险人都会按照本附加合同载明的营运交通工具所对应的意外身故保险金额承担给付意外身故保险金的责任。
  * 意外伤残保险责任：被保险人因意外伤害造成伤残的，保险人按照《伤残评定标准》所列伤残程度之一的给付比例乘以本合同载明的营运交通工具所对应的意外伤残保险金额，承担给付意外伤残保险金的责任。如果被保险人治疗结束后需要进行伤残鉴定，那么保险人会根据被保险人的伤残程度来计算给付意外伤残保险金。
  * 特别约定：这份文件针对被保险人进行了投保限制，投保人、保险人只能为18至65岁的人投保，并且每被保险人最多可以购买一份该附加合同。

第二份文件的保险责任：

  * 意外伤害保险：被保险人因意外伤害导致身故或伤残的，保险人按照保险金额给付保险金。保险金额未明确具体金额，需参考保险条款。这份文件中并未对保险责任进行细化，因此无法进行详细对比。
  * 营运交通工具乘客意外伤害保险：被保险人乘坐营运交通工具期间因意外伤害导致身故或伤残的，保险人按照保险金额给付保险金。保险金额也未明确具体金额，需参考保险条款。这份文件中也未对保险责任进行细化，因此无法进行详细对比。

总结：由于这两份文件都没有明确具体的保险金额，因此无法对保险责任进行详细对比。但是，我们可以看出，两份文件的保险责任都是意外伤害保险，只是具体条款有所不同。第一份文件适用于公共交通工具的营运过程中，而第二份文件则适用于任何形式的营运交通工具。
2025-06-28 14:41:08 - text_comparison.py:92 - 0|2 result=有冲突
2025-06-28 14:42:03 - text_comparison.py:92 - 1|2 result=经过分析，我们发现：

第一份文件中的保障责任涉及三个险种：意外伤害保险、营运交通工具乘客意外伤害保险和附加意外伤害医疗保险。第二份文件仅涉及意外医疗费用一项。

对于第一份文件中的意外伤害保险、营运交通工具乘客意外伤害保险和附加意外伤害医疗保险，由于第二份文件并未涉及这些内容，因此无法进行比较。

对于第一份文件中的意外医疗费用，虽然两个文件都在描述这一项保障责任，但是由于第二份文件并没有对保险金额和特别约定作出描述，因此我们无法判断这两份文件是否存在明显相互冲突的情况。

综合以上情况，我们认为只有意外医疗费用一项可以进行比较。由于两份文件在这方面的描述一致，因此我们认为这两份文件在此方面的保障责任不存在冲突。

<thing>对比两份文件中意外医疗费用的描述，判断是否存在明显相互冲突的情况。</thing>
<result>无冲突</result>
2025-06-28 14:42:03 - text_comparison.py:99 - results: [True, True, True]
2025-06-28 14:42:03 - text_comparison.py:106 - ===============cnt=157 || material_id='m_00051a' || rule='保障责任' || end_result=True===============
2025-06-28 14:42:03 - text_comparison.py:57 - ===============cnt=158 || material_id='m_00117a' || rule='赔付 & 领取规则' || label=None===============
2025-06-28 14:42:03 - text_comparison.py:62 - load data ../data/clean_data_qwen2.5-72b-instruct/materials/m_00117a/HEALTH_INFORM/赔付 & 领取规则.txt...
2025-06-28 14:42:03 - text_comparison.py:62 - load data ../data/clean_data_qwen2.5-72b-instruct/materials/m_00117a/INTRODUCE_IMG/赔付 & 领取规则.txt...
2025-06-28 14:42:03 - text_comparison.py:62 - load data ../data/clean_data_qwen2.5-72b-instruct/materials/m_00117a/HEAD_IMG/赔付 & 领取规则.txt...
2025-06-28 14:42:03 - text_comparison.py:62 - load data ../data/clean_data_qwen2.5-72b-instruct/materials/m_00117a/CLAUSE/赔付 & 领取规则.txt...
2025-06-28 14:42:03 - text_comparison.py:62 - load data ../data/clean_data_qwen2.5-72b-instruct/materials/m_00117a/INSURE_NOTICE/赔付 & 领取规则.txt...
2025-06-28 14:42:03 - text_comparison.py:62 - load data ../data/clean_data_qwen2.5-72b-instruct/materials/m_00117a/ADDITIONAL_AGREEMENT/赔付 & 领取规则.txt...
2025-06-28 14:42:03 - text_comparison.py:62 - load data ../data/clean_data_qwen2.5-72b-instruct/materials/m_00117a/LIABILITY_EXCLUSION/赔付 & 领取规则.txt...
2025-06-28 14:43:17 - text_comparison.py:92 - 0|1 result=文件1与文件2的"赔付 & 领取规则"存在如下冲突：

1. 对于"普通门急诊医疗保险金"，文件1中未明确说明是否需要经过预授权才能获得全额赔偿，而文件2中则明确规定了需要预授权才能获得全额赔偿。因此，这两份文件在这个问题上存在冲突。

2. 文件2中规定了"医疗机构类别赔偿比例根据被保险人就诊的医疗机构类别确定，由投保人与保险人在订立合同时根据附表1确定，并在保险单中载明。"但是，文件1中未提及这一点，也没有相关表格供参考，因此在这方面的描述是相互矛盾的。

3. 文件1和文件2中都没有明确说明保险责任范围内的各项费用一次或累计扣除的免赔额之和是否可以超过保险单中载明的年度免赔额。如果允许超过，那么文件1和文件2的描述就不存在冲突；如果不能超过，则两者在该问题的描述上存在冲突。

4. 文件1和文件2在很多方面都有类似的描述，但由于缺乏关于某些具体问题的详细说明，使得这些描述难以完全匹配。在这种情况下，我们无法得出结论说这两份文件存在冲突还是不存在冲突。
2025-06-28 14:43:51 - text_comparison.py:92 - 0|2 result=[thing]赔付 & 领取规则</thing>
[result]有冲突</result>

根据给出的两份文件，我们可以看到尽管有一些内容是相同的，但是也存在一些差异和冲突。例如，在第一条中，第二份文件提到了某些特定的医疗责任，但第一份文件中并没有提及这些特定医疗责任的约定。此外，虽然两份文件都提到了预授权的规定，但是在不同的情况下，预授权的赔偿比例是不同的，这可能会导致一些纠纷。因此，我们可以说这两份文件之间存在冲突。
2025-06-28 14:44:37 - text_comparison.py:92 - 0|3 result=根据题目要求，需要对比分析两份文件中涉及“赔付 & 领取规则”的内容，找出其中可能存在的冲突情况。

由于文件1中未给出具体的赔付 & 领取规则描述，因此无法与文件2进行比较，故此处的判断为“无冲突”。

【文件1】：
由于文件1中未给出具体的赔付 & 领取规则描述，因此无法提供判断结果。

【文件2】：
由于文件2中也未给出具体的赔付 & 领取规则描述，因此也无法提供判断结果。

综上所述，对于这两份文件的“赔付 & 领取规则”部分，目前无法判断是否存在冲突。需要等待文件1和文件2中具体描述的补充才能进行比较。
2025-06-28 14:45:43 - text_comparison.py:92 - 1|2 result=有冲突的地方：

1. 文件1中有「床位费和膳食费每日限额内赔偿」的描述，而文件2中没有类似的内容。
2. 文件1中有「普通门急诊医疗保险金」的描述，而文件2中没有类似的内容。
3. 文件1中有「医疗机构类别赔偿比例根据被保险人就诊的医疗机构类别确定，由投保人与保险人在订立合同时根据附表1确定，并在保险单中载明」的描述，而文件2中是根据被保险人就诊的医疗机构类别来确定医疗机构类别赔偿比例，并且不需要投保人与保险人在订立合同时根据附表1确定，在保险单中也不需要载明。

结果：有冲突
2025-06-28 14:46:08 - text_comparison.py:92 - 1|3 result=无冲突
2025-06-28 14:46:10 - text_comparison.py:92 - 2|3 result=无冲突
2025-06-28 14:46:10 - text_comparison.py:99 - results: [True, True, True, True, True, True]
2025-06-28 14:46:10 - text_comparison.py:106 - ===============cnt=158 || material_id='m_00117a' || rule='赔付 & 领取规则' || end_result=True===============
2025-06-28 14:46:10 - text_comparison.py:57 - ===============cnt=159 || material_id='m_00118a' || rule='投保条款' || label=None===============
2025-06-28 14:46:10 - text_comparison.py:62 - load data ../data/clean_data_qwen2.5-72b-instruct/materials/m_00118a/PRODUCT_MANUAL/投保条款.txt...
2025-06-28 14:46:10 - text_comparison.py:62 - load data ../data/clean_data_qwen2.5-72b-instruct/materials/m_00118a/CLAUSE/投保条款.txt...
2025-06-28 14:46:10 - text_comparison.py:62 - load data ../data/clean_data_qwen2.5-72b-instruct/materials/m_00118a/INSURE_NOTICE/投保条款.txt...
2025-06-28 14:46:10 - text_comparison.py:62 - load data ../data/clean_data_qwen2.5-72b-instruct/materials/m_00118a/ADDITIONAL_AGREEMENT/投保条款.txt...
2025-06-28 14:46:10 - text_comparison.py:62 - load data ../data/clean_data_qwen2.5-72b-instruct/materials/m_00118a/LIABILITY_EXCLUSION/投保条款.txt...
2025-06-28 14:47:18 - text_comparison.py:92 - 0|1 result=有冲突

1. 投保年龄范围：虽然两份文件均规定了投保年龄为0周岁（指出生满30日且已健康出院的婴儿）至55周岁（含），但是文件2中特别说明了“本产品仅限为本人及未成年子女投保”，而文件1并未作此限制，因此在该点上存在冲突。
2. 交费方式：虽然两份文件都列出了不同的交费方式，但文件2多出了一种“月缴分期”的交费方式，并且对于选择分期交费的投保人还有特定的约定，而文件1中未提及这一点，因此在该点上存在冲突。
3. 犹豫期及退保：虽然两份文件都提到了犹豫期及退保的事宜，但是文件2对于犹豫期的时间以及退保的规定更为详细，包括了犹豫期内解除合同的处理方式和退保时的手续费扣除标准，而文件1中对此没有详细的说明，因此在该点上存在冲突。
2025-06-28 14:47:18 - text_comparison.py:99 - results: [True]
2025-06-28 14:47:18 - text_comparison.py:106 - ===============cnt=159 || material_id='m_00118a' || rule='投保条款' || end_result=True===============
2025-06-28 14:47:18 - text_comparison.py:57 - ===============cnt=160 || material_id='m_00119a' || rule='责任免除' || label=None===============
2025-06-28 14:47:18 - text_comparison.py:62 - load data ../data/clean_data_qwen2.5-72b-instruct/materials/m_00119a/INTRODUCE_IMG/责任免除.txt...
2025-06-28 14:47:18 - text_comparison.py:62 - load data ../data/clean_data_qwen2.5-72b-instruct/materials/m_00119a/HEAD_IMG/责任免除.txt...
2025-06-28 14:47:18 - text_comparison.py:62 - load data ../data/clean_data_qwen2.5-72b-instruct/materials/m_00119a/CLAUSE/责任免除.txt...
2025-06-28 14:47:18 - text_comparison.py:62 - load data ../data/clean_data_qwen2.5-72b-instruct/materials/m_00119a/INSURE_NOTICE/责任免除.txt...
2025-06-28 14:47:18 - text_comparison.py:62 - load data ../data/clean_data_qwen2.5-72b-instruct/materials/m_00119a/ADDITIONAL_AGREEMENT/责任免除.txt...
2025-06-28 14:47:18 - text_comparison.py:62 - load data ../data/clean_data_qwen2.5-72b-instruct/materials/m_00119a/LIABILITY_EXCLUSION/责任免除.txt...
2025-06-28 14:47:56 - text_comparison.py:92 - 0|1 result=在第一份文件中，对于责任免除的描述是针对"被保险人身故、伤残、支出医疗费用或住院治疗"的情况，而在第二份文件中则是针对"被保险人身故或伤残"的情况，因此这两份文件存在明显的差异。此外，虽然两份文件都在责任免除部分提到了"您对被保险人的故意杀害、故意伤害"的情况，但是第一份文件还列出了其他一些特定的情况，而第二份文件则没有列出，例如"被保险人违反交通管理部门规定的行行为"等。因此，这两份文件的责任免除描述存在明显的冲突。
2025-06-28 14:48:28 - text_comparison.py:92 - 0|2 result=有冲突

对于第(6)条，虽然文件2指出了符合《rén bǎo shòu xīan yìbān yìwài shānghài bǎoxiǎn》（hùlián wǎng zhuānshǔ）》条款约定的意外伤害医疗费用，但是并没有明确指出是否需要扣除100元免赔额，而在文件1的对应内容中则明确指出了需要扣除免赔额，因此存在冲突。
2025-06-28 14:50:00 - text_comparison.py:92 - 0|3 result=对比这两份文件，“责任免除”中有部分内容是相同的，如第(2)、(3)、(4)、(5)、(6)、(7)、(8)、(9)、(10)、(11)、(12)、(13)、(14)、(15)、(16)条。同时，也有部分条款是不同的，如第(1)条、(17)、(18)、(19)、(20)、(21)、(22)、(23)、(24)、(25)、(26)、(27)、(28)、(29)、(30)、(31)、(32)、(33)、(34)、(35)、(36)、(37)、(38)、(39)、(40)条。因此，对于这些共同的条款，两份文件不存在冲突；而对于不同的条款，则需要根据具体情况进行分析以确定其是否存在冲突。
2025-06-28 14:50:02 - text_comparison.py:92 - 1|2 result=无冲突。
2025-06-28 14:50:32 - text_comparison.py:92 - 1|3 result=冲突存在

在文件1中，“责任免除”的描述包括了16个方面，而在文件2中则包含了17个方面。虽然两者的内容大部分是相同的，但是在第(16)项上，文件1中列的是“遗传性疾病，先天性畸形、变形或染色体异常”，而文件2中列的是“遗传性疾病、先天性畸形、变形或染色体异常”，多了一个顿号。因此，这两份文件存在冲突。
2025-06-28 14:50:51 - text_comparison.py:92 - 2|3 result=存在冲突。因为两份文件中对于保险责任免除的事项列举的内容有重复的部分，例如“故意伤害”和“故意自伤”，在文件1中是属于“责任免除条款”的范畴，而在文件2中则分别出现在了第(2)、(3)条中。
2025-06-28 14:50:51 - text_comparison.py:99 - results: [True, True, True, True, True, True]
2025-06-28 14:50:51 - text_comparison.py:106 - ===============cnt=160 || material_id='m_00119a' || rule='责任免除' || end_result=True===============
2025-06-28 14:50:51 - text_comparison.py:57 - ===============cnt=161 || material_id='m_00025a' || rule='术语解释' || label=None===============
2025-06-28 14:50:51 - text_comparison.py:62 - load data ../data/clean_data_qwen2.5-72b-instruct/materials/m_00025a/HEALTH_INFORM/术语解释.txt...
2025-06-28 14:50:51 - text_comparison.py:62 - load data ../data/clean_data_qwen2.5-72b-instruct/materials/m_00025a/PRODUCT_MANUAL/术语解释.txt...
2025-06-28 14:50:51 - text_comparison.py:62 - load data ../data/clean_data_qwen2.5-72b-instruct/materials/m_00025a/CLAUSE/术语解释.txt...
2025-06-28 14:50:51 - text_comparison.py:62 - load data ../data/clean_data_qwen2.5-72b-instruct/materials/m_00025a/INSURE_NOTICE/术语解释.txt...
2025-06-28 14:50:51 - text_comparison.py:62 - load data ../data/clean_data_qwen2.5-72b-instruct/materials/m_00025a/ADDITIONAL_AGREEMENT/术语解释.txt...
2025-06-28 14:50:51 - text_comparison.py:62 - load data ../data/clean_data_qwen2.5-72b-instruct/materials/m_00025a/LIABILITY_EXCLUSION/术语解释.txt...
2025-06-28 14:52:18 - text_comparison.py:92 - 0|1 result=以下是对于两份文件中涉及到的术语的解释和描述的对比：

1. "意外伤害"：两个文件都对此进行了定义，且描述相同，即指遭受外来的、突发的、非本意的、非疾病的客观事件直接致使身体受到的伤害。

2. "全残"：两个文件都列出了几种情况来定义全残，但是两个文件的列表略有不同。在第一个文件中，定义了8种情况，而在第二个文件中只有3种情况。虽然两种定义都包含一些类似的情况，但是它们并没有明确说明这些情况是否相互排斥，因此可能有一些模糊地带。

3. "保险期间"：两个文件都没有明确说明这个概念，因此可以推断出它没有冲突。

4. "减额交清": 在第二个文件中有明确的说明，但是在第一个文件中没有找到该术语的描述。两个文件在关于减额交清方面的描述并不冲突。

5. "到达年龄"：在第一个文件中，它是作为一个定义出现的，而第二个文件则将到达年龄作为确定全残保险金的一个因素。两个文件中的到达年龄的概念是不同的，因此它们之间存在冲突。 

根据上述分析，“意外伤害”的描述在两个文件中是相同的，因此没有冲突。然而，“全残”的描述在两个文件中有差异，可能会导致某些情况下产生分歧。另外，“到达年龄”的描述在两个文件中有所不同，因此存在冲突。
2025-06-28 14:52:18 - text_comparison.py:99 - results: [True]
2025-06-28 14:52:18 - text_comparison.py:106 - ===============cnt=161 || material_id='m_00025a' || rule='术语解释' || end_result=True===============
2025-06-28 14:52:18 - text_comparison.py:57 - ===============cnt=162 || material_id='m_00046a' || rule='基础产品销售信息' || label=None===============
2025-06-28 14:52:18 - text_comparison.py:62 - load data ../data/clean_data_qwen2.5-72b-instruct/materials/m_00046a/CLAUSE/基础产品销售信息.txt...
2025-06-28 14:52:18 - text_comparison.py:62 - load data ../data/clean_data_qwen2.5-72b-instruct/materials/m_00046a/INSURE_NOTICE/基础产品销售信息.txt...
2025-06-28 14:52:18 - text_comparison.py:62 - load data ../data/clean_data_qwen2.5-72b-instruct/materials/m_00046a/ADDITIONAL_AGREEMENT/基础产品销售信息.txt...
2025-06-28 14:52:18 - text_comparison.py:62 - load data ../data/clean_data_qwen2.5-72b-instruct/materials/m_00046a/LIABILITY_EXCLUSION/基础产品销售信息.txt...
2025-06-28 14:53:12 - text_comparison.py:92 - 0|1 result=无冲突。
2025-06-28 14:53:25 - text_comparison.py:92 - 0|2 result=【文件1】中涉及到了监护人责任保险，但在【文件2】的基础产品销售信息中未明确提及该产品，因此无法判断两者之间是否存在明显的相互冲突情况。
2025-06-28 14:56:21 - text_comparison.py:92 - 1|2 result=以下是对这两份文件的分析和判断结果：

| 事项                     | 文件1描述                 | 文件2描述          | 判断结果   |
| ------------------------ | --------------- | ---------------- | -------- |
| 产品名                    | 学生、幼儿人身意外伤害保险(2022 版) | 未明确提及        | 有冲突    |
| 附加的条款信息             | +附加疾病身故保险(2020 版)<br>+太平财产保险有限公司附加学生、幼儿住院医疗费用保险（2022 版）<br>+太平财产保险有限公司附加学生、幼儿意外伤害医疗费用保险（2022 版）<br>+监管人责任保险条款（2013 版）      | +按中国银保监会规定，未满10周岁的被保险人身故保额累计不得超过20万元，超出部分无效；已满10周岁但未满18周岁的被保险人身故保额累计不得超过人民币50万元，超出部分无效；但航空意外和重大自然灾害意外死亡保险金额不受此限。<br><br>被保险人首次投保前所患疾病及先天性、遗传性疾病和已有伤残导致的保险事故为除外责任。在保单生效前已经出现的症状、罹患疾病或发生意外事故 (包括且不限于检查结果异常等情况)，我司不承担保险责任。<br><br>本保险疾病身故、疾病住院医疗等待期为30天(续保可免等待期)，因意外事故导致的住院无等待期。<br><br>被保险人出险后，应依照条款约定的标准在出险地或经常居住地的二级或二级以上的公立医院就医（紧急医疗救助可以就近就医后经保险公司书面同意后再转院），如在出险地或经常居住地以外就医必须经本保险公司书面同意；本保险公司对于被保险人非经本保险公司同意而在出险地或经常居住地区域外就医或到其它医院就医的医疗费用，不承担赔偿或者给付保险金的责任。<br><br>被保险人发生意外伤害事故，如需评定伤残等级，应到当地司法鉴定所进行伤残鉴定，鉴定前应由保险公司出具伤残鉴定委托函，否则保险公司不予认可。意外伤害残疾赔付标准，保险人按照保单主险条款所附《人身保险伤残评定标准及代码》（标准编号
2025-06-28 14:56:21 - text_comparison.py:99 - results: [True, True, True]
2025-06-28 14:56:21 - text_comparison.py:106 - ===============cnt=162 || material_id='m_00046a' || rule='基础产品销售信息' || end_result=True===============
2025-06-28 14:56:21 - text_comparison.py:57 - ===============cnt=163 || material_id='m_00102a' || rule='退保条款' || label=None===============
2025-06-28 14:56:21 - text_comparison.py:62 - load data ../data/clean_data_qwen2.5-72b-instruct/materials/m_00102a/INTRODUCE_IMG/退保条款.txt...
2025-06-28 14:56:21 - text_comparison.py:62 - load data ../data/clean_data_qwen2.5-72b-instruct/materials/m_00102a/HEAD_IMG/退保条款.txt...
2025-06-28 14:56:21 - text_comparison.py:62 - load data ../data/clean_data_qwen2.5-72b-instruct/materials/m_00102a/CLAUSE/退保条款.txt...
2025-06-28 14:56:21 - text_comparison.py:62 - load data ../data/clean_data_qwen2.5-72b-instruct/materials/m_00102a/INSURE_NOTICE/退保条款.txt...
2025-06-28 14:56:21 - text_comparison.py:62 - load data ../data/clean_data_qwen2.5-72b-instruct/materials/m_00102a/LIABILITY_EXCLUSION/退保条款.txt...
2025-06-28 14:58:04 - text_comparison.py:92 - 0|1 result=关于退保条款的冲突分析如下：

对于文件1和文件2中的"投保人要求解除本保险合同时，应提供下列证明文件和资料：（1）保险合同解除申请书；（2）投保人证明及保险单原件或其他保险凭证；（3）投保人身份证明。"这部分内容，两份文件均进行了说明，因此不存在冲突。

对于文件1和文件2中的"投保人要求解除本保险合同，自保险人接到保险合同解除申请书之时起，本保险合同的效力终止。"这部分内容，两份文件均进行了说明，因此不存在冲突。

对于文件1中的"保险责任开始前，投保人要求解除合同的，应该按照合同约定向保险人支付相当于保险费3%的手续费，保险人应该退还保险费；保险责任开始后，投保人要求解除合同的，按照合同约定扣除自保险责任开始之日起至合同解除之日止应收的部分后，退还未满期保险费。"这部分内容，文件2中并没有进行说明，因此存在冲突。

对于文件2中的"3. 投保人要求解除本合同的，自保险人收到解除合同申请书时起，本合同终止。（1）保险责任开始前，投保人要求解除合同的，应当按保险费的0%向保险人支付退保手续费，保险人应当退还保险费；（2）保险责任开始后，投保人要求解除合同的，保险人应当将已收取的保险费，按照合同约定扣除自保险责任开始之日起至合同解除之日止应收的部分后，退还未满期保险费。投保人解除本合同会遭受一定损失。"这部分内容，与文件1相比存在差异，因此存在冲突。

综合以上情况，这两份文件的退保条款存在冲突。
2025-06-28 14:58:04 - text_comparison.py:99 - results: [True]
2025-06-28 14:58:04 - text_comparison.py:106 - ===============cnt=163 || material_id='m_00102a' || rule='退保条款' || end_result=True===============
2025-06-28 14:58:04 - text_comparison.py:57 - ===============cnt=164 || material_id='m_00120a' || rule='保障相关时间' || label=None===============
2025-06-28 14:58:04 - text_comparison.py:62 - load data ../data/clean_data_qwen2.5-72b-instruct/materials/m_00120a/HEAD_IMG/保障相关时间.txt...
2025-06-28 14:58:04 - text_comparison.py:62 - load data ../data/clean_data_qwen2.5-72b-instruct/materials/m_00120a/CLAUSE/保障相关时间.txt...
2025-06-28 14:58:04 - text_comparison.py:62 - load data ../data/clean_data_qwen2.5-72b-instruct/materials/m_00120a/INSURE_NOTICE/保障相关时间.txt...
2025-06-28 14:58:04 - text_comparison.py:62 - load data ../data/clean_data_qwen2.5-72b-instruct/materials/m_00120a/ADDITIONAL_AGREEMENT/保障相关时间.txt...
2025-06-28 14:58:04 - text_comparison.py:62 - load data ../data/clean_data_qwen2.5-72b-instruct/materials/m_00120a/LIABILITY_EXCLUSION/保障相关时间.txt...
2025-06-28 14:59:18 - text_comparison.py:92 - 0|1 result=根据题目要求，需要对比分析两份文件中关于“保障相关时间”的描述是否冲突。下面是按照要求进行比较的结果：

1. 对于保单生效时间和家庭财产服务可使用时间，两份文件均规定为投保成功后的第七天零时生效，服务需在保单生效后方可申请使用，因此不存在冲突。
2. 宽限期方面，两份文件都是30天，不存在冲突。
3. 玻璃意外破碎损失的保障方面，第一份文件规定只保障投保成功后的第30日后出险的事故，第二份文件则规定除了窗户玻璃外，还包括其他种类的玻璃，但是只保障投保成功后的第30日后出险的事故，因此存在冲突。

简易理由：根据题目要求，只有在对同一事项进行描述的情况下才需要进行比较，而两份文件在部分事项上并没有进行描述或做出了不同的规定，因此只需比较以下事项：
(1) 保单生效时间和家庭财产服务可使用时间：两份文件的规定一致，不存在冲突。
(2) 宽限期：两份文件的规定一致，不存在冲突。
(3) 玻璃意外破碎损失的保障：存在冲突。

结论：两份文件中存在冲突。
2025-06-28 14:59:18 - text_comparison.py:99 - results: [True]
2025-06-28 14:59:18 - text_comparison.py:106 - ===============cnt=164 || material_id='m_00120a' || rule='保障相关时间' || end_result=True===============
2025-06-28 14:59:18 - text_comparison.py:57 - ===============cnt=165 || material_id='m_00098a' || rule='责任免除' || label=None===============
2025-06-28 14:59:18 - text_comparison.py:62 - load data ../data/clean_data_qwen2.5-72b-instruct/materials/m_00098a/INTRODUCE_IMG/责任免除.txt...
2025-06-28 14:59:18 - text_comparison.py:62 - load data ../data/clean_data_qwen2.5-72b-instruct/materials/m_00098a/HEAD_IMG/责任免除.txt...
2025-06-28 14:59:18 - text_comparison.py:62 - load data ../data/clean_data_qwen2.5-72b-instruct/materials/m_00098a/CLAUSE/责任免除.txt...
2025-06-28 14:59:18 - text_comparison.py:62 - load data ../data/clean_data_qwen2.5-72b-instruct/materials/m_00098a/INSURE_NOTICE/责任免除.txt...
2025-06-28 14:59:18 - text_comparison.py:62 - load data ../data/clean_data_qwen2.5-72b-instruct/materials/m_00098a/ADDITIONAL_AGREEMENT/责任免除.txt...
2025-06-28 14:59:18 - text_comparison.py:62 - load data ../data/clean_data_qwen2.5-72b-instruct/materials/m_00098a/LIABILITY_EXCLUSION/责任免除.txt...
2025-06-28 14:59:20 - text_comparison.py:106 - ===============cnt=165 || material_id='m_00098a' || rule='责任免除' || end_result=False===============
2025-06-28 14:59:20 - text_comparison.py:57 - ===============cnt=166 || material_id='m_00008a' || rule='赔付 & 领取规则' || label=None===============
2025-06-28 14:59:20 - text_comparison.py:62 - load data ../data/clean_data_qwen2.5-72b-instruct/materials/m_00008a/INTRODUCE_IMG/赔付 & 领取规则.txt...
2025-06-28 14:59:20 - text_comparison.py:62 - load data ../data/clean_data_qwen2.5-72b-instruct/materials/m_00008a/HEAD_IMG/赔付 & 领取规则.txt...
2025-06-28 14:59:20 - text_comparison.py:62 - load data ../data/clean_data_qwen2.5-72b-instruct/materials/m_00008a/CLAUSE/赔付 & 领取规则.txt...
2025-06-28 14:59:20 - text_comparison.py:62 - load data ../data/clean_data_qwen2.5-72b-instruct/materials/m_00008a/INSURE_NOTICE/赔付 & 领取规则.txt...
2025-06-28 14:59:20 - text_comparison.py:62 - load data ../data/clean_data_qwen2.5-72b-instruct/materials/m_00008a/LIABILITY_EXCLUSION/赔付 & 领取规则.txt...
2025-06-28 15:00:34 - text_comparison.py:92 - 0|1 result=评估结果如下：

- 文件1中有明确的描述和表达的事项：宠物破坏家具的维修费用、房屋风险的保障（用电/用气火灾爆炸）、盗抢损失室内财产（含现金、手表、金银、珠宝首饰）
- 文件1中没有明确的描述和表达的事项：同城/异地搬家费用补偿、增值服务平台、施救费用
- 文件2中有明确的描述和表达的事项：保险金额的确定方式、被保险人向保险人请求赔偿时所需提供的资料、保险责任范围内的损失计算方法、发生保险责任范围内的损失时的处理方式、保险人行使代位请求赔偿的权利等
- 文件2中没有明确的描述和表达的事项：宠物破坏家具的维修费用、房屋风险的保障（用电/用气火灾爆炸）、盗抢损失室内财产（含现金、手表、金银、珠宝首饰）

综上所述，第一份文件（文件1）中有两项描述和表达与第二份文件（文件2）中相关的内容有冲突，包括同城/异地搬家费用补偿和增值服务平台这两项内容。因此，这两份文件之间存在明显的冲突。
2025-06-28 15:02:56 - text_comparison.py:92 - 0|2 result=【赔付 & 领取规则】

1. 对于文件1和文件2中提到的“宠物损害家具维修费用”，两只文件均有描述，不存在冲突。
2. 文件1和文件2中均未对“家居维修费用”的保险责任进行描述，因此没有冲突。
3. 文件1和文件2中均未对“火灾责任”的保险责任进行描述，因此没有冲突。
4. 文件1和文件2中均未对“地震责任”的保险责任进行描述，因此没有冲突。
5. 对于文件1和文件2中提到的“搬家费用补偿”，虽然描述基本相同，但是文件2中还增加了一些特殊条款，例如“新工作地点较原工作地点的距离增加值大于等于15公里”、“被保险人新的工作场所所在城市发生变更”等情况下的搬家费用补偿，因此存在一定的差异。
6. 文件1和文件2中关于“家具修复费用”的描述是不同的，文件1中规定的是“宠物破坏家具”的情况下进行赔偿，而文件2中则没有这样的限制条件，因此存在明显的差异。
7. 文件1和文件2中关于“房屋风险保障”的描述是不同的，文件1中规定的是“房屋主体、室内装修、室内财产共享100万”，而文件2中则规定的是“房屋主体、室内装修、室内财产共享200万”，并且两者对于免赔额和最高赔偿金额的规定也不同，因此存在明显的差异。
8. 文件1和文件2中关于“盗抢险”的描述是不同的，文件1中规定的是“室内财产（含现金、手表、金银、珠宝首饰）”进行赔偿，而文件2中则规定的是“现金、手表、金银、珠宝及首饰”进行赔偿，并且两者对于赔偿限额的规定也不同，因此存在明显的差异。
9. 文件1和文件2中关于“衣物清洗”的描述是不同的，文件1中规定的是“1次3件”，而文件2中则规定的是“1次5件”，因此存在一定的差异。

综上所述，文件1和文件2之间存在一些差异，尤其是在“房屋风险保障”、“盗抢险”和“衣物清洗”方面存在明显的差异。
2025-06-28 15:05:24 - text_comparison.py:92 - 1|2 result=以下是针对文件1和文件2中相同内容的对比分析：

第一：保险责任范围内的损失，保险人有权选择下列方式赔偿：
文件1 中：货币赔偿、实物赔偿、实际修复 文件2 中：货币赔偿
第二：保险标的发生损失后，如果有残值，应由双方协商处理。如折归被保险人，由双方协商确定其价值，并在计算实际损失时扣除。 文件2 中：无
第三：发生保险责任范围内的损失时，保险人按照本保险合同的相应保险金额减去本保险合同的相应免赔额后，在保险金额范围内计算赔偿。 文件2 中：每次事故免赔额（或免赔率）计算的免赔额后，在保险金额范围内计算赔偿
第四：保险事故发生后，如果存在重复保险，保险人按照本保险合同的相应保险金额与其他保险合同及本保险合同相应保险金额总和的比例承担赔偿责任。 文件2 中：保险事故发生后，如果存在重复保险，保险人按照本保险合同的相应保险金额与其他保险合同及本保险合同相应保险金额总和的比例承担赔偿责任。
第五：保险标的发生部分损失，保险人履行赔偿义务后，本保险合同的保险金额自损失发生之日起按保险人的赔偿金额相应减少，保险人不退还保险金额减少部分的保险费。如投保人请求恢复至原保险金额，应按原约定的保险费率另行支付恢复部分从投保人请求的恢复日期起至保险期间届满之日止按日比例计算的保险费。 文件2 中：无
第六：保险事故发生后，在保险人未赔偿保险金之前，被保险人放弃对有关责任方请求赔偿权利的，保险人不承担赔偿责任；保险人向被保险人赔偿保险金后，被保险人未经保险人同意放弃对有关责任方请求赔偿权利的，该行为无效；由于被保险人故意或者因重大过失致使保险人不能行使代位请求赔偿的权利的，保险人可以扣减或者要求返还相应的保险金。 文件2 中：被保险人已经从有关责任方取得赔偿的，保险人赔偿保险金时，可以相应扣减被保险人已从有关责任方取得的赔偿金额。
第七：保险标的发生部分损失，保险人按以下方式计算损失：保险金额等于或高于保险标的出险时实际价值时，按实际损失计算，最高不超过出险时实际价值；保险金额低于
2025-06-28 15:05:24 - text_comparison.py:99 - results: [True, True, True]
2025-06-28 15:05:24 - text_comparison.py:106 - ===============cnt=166 || material_id='m_00008a' || rule='赔付 & 领取规则' || end_result=True===============
2025-06-28 15:05:24 - text_comparison.py:57 - ===============cnt=167 || material_id='m_00121a' || rule='退保条款' || label=None===============
2025-06-28 15:05:24 - text_comparison.py:62 - load data ../data/clean_data_qwen2.5-72b-instruct/materials/m_00121a/HEALTH_INFORM/退保条款.txt...
2025-06-28 15:05:24 - text_comparison.py:62 - load data ../data/clean_data_qwen2.5-72b-instruct/materials/m_00121a/PRODUCT_MANUAL/退保条款.txt...
2025-06-28 15:05:24 - text_comparison.py:62 - load data ../data/clean_data_qwen2.5-72b-instruct/materials/m_00121a/CLAUSE/退保条款.txt...
2025-06-28 15:05:24 - text_comparison.py:62 - load data ../data/clean_data_qwen2.5-72b-instruct/materials/m_00121a/INSURE_NOTICE/退保条款.txt...
2025-06-28 15:05:24 - text_comparison.py:62 - load data ../data/clean_data_qwen2.5-72b-instruct/materials/m_00121a/ADDITIONAL_AGREEMENT/退保条款.txt...
2025-06-28 15:05:24 - text_comparison.py:62 - load data ../data/clean_data_qwen2.5-72b-instruct/materials/m_00121a/LIABILITY_EXCLUSION/退保条款.txt...
2025-06-28 15:05:43 - text_comparison.py:92 - 0|1 result=存在冲突。虽然两份文件都提到了退保需要支付手续费，但是文件1中规定犹豫期内退保只需要扣除不超过10元的工本费，而文件2中则规定犹豫期后退保需要扣除不超过30元的工本费，这构成了明显的冲突。
2025-06-28 15:06:07 - text_comparison.py:92 - 0|2 result=无冲突。两份文件都在描述犹豫期的退保条款，其中文件1详细列出了退保所需的手续和所需提供的资料，并且明确说明了在犹豫期后退保会有损失。而文件2则简要提到了犹豫期的退保规定以及退保会有损失，但是没有提及具体的退保手续和所需资料。因此，这两份文件在这个问题上没有冲突。
2025-06-28 15:06:40 - text_comparison.py:92 - 0|3 result=1、对于"犹豫期及合同解除（退保）"这一主题，存在明显冲突。因为虽然两份文件都提到了犹豫期以及退保相关事宜，但是文件1中明确列出了退保所需履行的手续及风险，包括需提供的证明和资料、办理时间等具体细节，而文件2中则只是提到了犹豫期和退保可能存在的损失，但没有提及具体的退保流程和手续。因此，这两份文件在这个主题下的描述存在冲突。
2、无冲突。
2025-06-28 15:07:52 - text_comparison.py:92 - 1|2 result=根据题目要求，需要对比分析两份文件中的“退保条款”，找出其中对于同一事项描述是否存在矛盾或不一致的地方。

对于文件1，描述了犹豫期内和犹豫期后的退保情况：

- 犹豫期内：扣除不超过30元的工本费后，无息退还全部保险费；
- 犹豫期后：需要填写解除合同申请书并提供相关证明和资料，在公司收到申请书后30日内退还现金价值，同时强调了解除合同后会遭受一定的损失。

对于文件2，描述了犹豫期内和犹豫期后的退保情况：

- 犀楚期内：有15天的犹豫期，在此期间可以解除合同并全额退还保险费，扣除不超过10元工本费；
- 犹豫期后：未做明确规定，只是提示会有一定的损失。

综合以上内容，可以得出以下结论：

- 对于犹豫期内的退保条件，两份文件都做出了明确的规定，不存在冲突；
- 对于犹豫期后的退保条件，虽然两份文件都有提及，但文件1作出了具体的退款时间和损失规定，而文件2则没有，因此存在一定的冲突。

最终判断结果为：“存在冲突”。
2025-06-28 15:08:49 - text_comparison.py:92 - 1|3 result=对于该问题，可以按照如下步骤进行分析：

  1. 首先对比两份文件中关于退保条件的部分，发现只有文件1中有涉及到犹豫期的描述，而文件2中并没有明确说明犹豫期的相关内容，因此不需要进行比较；
  2. 再次对比两份文件中关于退保手续费的部分，发现文件1中规定的是扣除不超过30元的工本费，而文件2中则规定收取不超过10元的工本费，因此存在冲突；
  3. 最后，由于文件1中还规定了犹豫期后退保会遭受一定的损失，但是文件2中并没有明确说明犹豫期后的退保情况，因此不需要进行比较。

综上所述，根据以上比较结果，得出以下判断：
有冲突

  * 文件1中规定的是扣除不超过30元的工本费，而文件2中则规定收取不超过10元的工本费，因此存在冲突。
2025-06-28 15:09:15 - text_comparison.py:92 - 2|3 result=根据给出的两份文件，对于“退保条件”的描述是相同的，因此可以得出结论：该部分无冲突。对于“退保手续费”的描述也是相同的，因此可以得出结论：该部分无冲突。对于“犹豫期”的描述是相同的，因此可以得出结论：该部分无冲突。综上所述，这两份文件在退保相关的内容上不存在明显的相互冲突情况。

结果为：无冲突。
2025-06-28 15:09:15 - text_comparison.py:99 - results: [True, True, True, True, True, True]
2025-06-28 15:09:15 - text_comparison.py:106 - ===============cnt=167 || material_id='m_00121a' || rule='退保条款' || end_result=True===============
2025-06-28 15:09:15 - text_comparison.py:57 - ===============cnt=168 || material_id='m_00026a' || rule='术语解释' || label=None===============
2025-06-28 15:09:15 - text_comparison.py:62 - load data ../data/clean_data_qwen2.5-72b-instruct/materials/m_00026a/INTRODUCE_IMG/术语解释.txt...
2025-06-28 15:09:15 - text_comparison.py:62 - load data ../data/clean_data_qwen2.5-72b-instruct/materials/m_00026a/HEAD_IMG/术语解释.txt...
2025-06-28 15:09:15 - text_comparison.py:62 - load data ../data/clean_data_qwen2.5-72b-instruct/materials/m_00026a/CLAUSE/术语解释.txt...
2025-06-28 15:09:15 - text_comparison.py:62 - load data ../data/clean_data_qwen2.5-72b-instruct/materials/m_00026a/INSURE_NOTICE/术语解释.txt...
2025-06-28 15:09:15 - text_comparison.py:62 - load data ../data/clean_data_qwen2.5-72b-instruct/materials/m_00026a/ADDITIONAL_AGREEMENT/术语解释.txt...
2025-06-28 15:09:15 - text_comparison.py:62 - load data ../data/clean_data_qwen2.5-72b-instruct/materials/m_00026a/LIABILITY_EXCLUSION/术语解释.txt...
2025-06-28 15:09:33 - text_comparison.py:92 - 0|1 result=【文件1】中有以下内容与【文件2】重复：

基本医疗保险：指《中华人民共和国社会保险法》所规定的基本医疗保险，包括城镇职工基本医疗保险、城镇居民基本医疗保险或城乡居民基本医疗保险、新型农村合作医疗等政府举办的基本医疗保障项目。
2025-06-28 15:09:33 - text_comparison.py:99 - results: [True]
2025-06-28 15:09:33 - text_comparison.py:106 - ===============cnt=168 || material_id='m_00026a' || rule='术语解释' || end_result=True===============
2025-06-28 15:09:33 - text_comparison.py:57 - ===============cnt=169 || material_id='m_00122a' || rule='保障责任' || label=None===============
2025-06-28 15:09:33 - text_comparison.py:62 - load data ../data/clean_data_qwen2.5-72b-instruct/materials/m_00122a/HEAD_IMG/保障责任.txt...
2025-06-28 15:09:33 - text_comparison.py:62 - load data ../data/clean_data_qwen2.5-72b-instruct/materials/m_00122a/CLAUSE/保障责任.txt...
2025-06-28 15:09:33 - text_comparison.py:62 - load data ../data/clean_data_qwen2.5-72b-instruct/materials/m_00122a/INSURE_NOTICE/保障责任.txt...
2025-06-28 15:09:33 - text_comparison.py:62 - load data ../data/clean_data_qwen2.5-72b-instruct/materials/m_00122a/ADDITIONAL_AGREEMENT/保障责任.txt...
2025-06-28 15:09:33 - text_comparison.py:62 - load data ../data/clean_data_qwen2.5-72b-instruct/materials/m_00122a/LIABILITY_EXCLUSION/保障责任.txt...
2025-06-28 15:09:35 - text_comparison.py:106 - ===============cnt=169 || material_id='m_00122a' || rule='保障责任' || end_result=False===============
2025-06-28 15:09:35 - text_comparison.py:57 - ===============cnt=170 || material_id='m_00072a' || rule='出险条款' || label=None===============
2025-06-28 15:09:35 - text_comparison.py:62 - load data ../data/clean_data_qwen2.5-72b-instruct/materials/m_00072a/INTRODUCE_IMG/出险条款.txt...
2025-06-28 15:09:35 - text_comparison.py:62 - load data ../data/clean_data_qwen2.5-72b-instruct/materials/m_00072a/HEAD_IMG/出险条款.txt...
2025-06-28 15:09:35 - text_comparison.py:62 - load data ../data/clean_data_qwen2.5-72b-instruct/materials/m_00072a/CLAUSE/出险条款.txt...
2025-06-28 15:09:35 - text_comparison.py:62 - load data ../data/clean_data_qwen2.5-72b-instruct/materials/m_00072a/INSURE_NOTICE/出险条款.txt...
2025-06-28 15:09:35 - text_comparison.py:62 - load data ../data/clean_data_qwen2.5-72b-instruct/materials/m_00072a/LIABILITY_EXCLUSION/出险条款.txt...
2025-06-28 15:10:05 - text_comparison.py:92 - 0|1 result=保险事故描述存在冲突。

文件1并未描述出险地点及出险方式等信息，而文件2则描述了保险事故发生后被保险人需要治疗的，应在中华人民共和国境内（不包含香港、澳门、台湾）二级及以上公立医院就诊，排除了特需医疗、外宾 / 干部 / 联合病房、国际医疗中心、VIP 部、联合医院等就诊选项。因此，这两份文件对于保险事故的描述存在冲突。
2025-06-28 15:10:05 - text_comparison.py:99 - results: [True]
2025-06-28 15:10:05 - text_comparison.py:106 - ===============cnt=170 || material_id='m_00072a' || rule='出险条款' || end_result=True===============
2025-06-28 15:10:05 - text_comparison.py:57 - ===============cnt=171 || material_id='m_00123a' || rule='术语解释' || label=None===============
2025-06-28 15:10:05 - text_comparison.py:62 - load data ../data/clean_data_qwen2.5-72b-instruct/materials/m_00123a/HEAD_IMG/术语解释.txt...
2025-06-28 15:10:05 - text_comparison.py:62 - load data ../data/clean_data_qwen2.5-72b-instruct/materials/m_00123a/CLAUSE/术语解释.txt...
2025-06-28 15:10:05 - text_comparison.py:62 - load data ../data/clean_data_qwen2.5-72b-instruct/materials/m_00123a/INSURE_NOTICE/术语解释.txt...
2025-06-28 15:10:05 - text_comparison.py:62 - load data ../data/clean_data_qwen2.5-72b-instruct/materials/m_00123a/ADDITIONAL_AGREEMENT/术语解释.txt...
2025-06-28 15:10:05 - text_comparison.py:62 - load data ../data/clean_data_qwen2.5-72b-instruct/materials/m_00123a/LIABILITY_EXCLUSION/术语解释.txt...
2025-06-28 15:10:05 - text_comparison.py:72 - ===============<=1 cnt=171 || material_id='m_00123a' || rule='术语解释' || end_result=True===============
2025-06-28 15:10:05 - text_comparison.py:57 - ===============cnt=172 || material_id='m_00089a' || rule='赔付 & 领取规则' || label=None===============
2025-06-28 15:10:05 - text_comparison.py:62 - load data ../data/clean_data_qwen2.5-72b-instruct/materials/m_00089a/INTRODUCE_IMG/赔付 & 领取规则.txt...
2025-06-28 15:10:05 - text_comparison.py:62 - load data ../data/clean_data_qwen2.5-72b-instruct/materials/m_00089a/PRODUCT_MANUAL/赔付 & 领取规则.txt...
2025-06-28 15:10:05 - text_comparison.py:62 - load data ../data/clean_data_qwen2.5-72b-instruct/materials/m_00089a/HEAD_IMG/赔付 & 领取规则.txt...
2025-06-28 15:10:05 - text_comparison.py:62 - load data ../data/clean_data_qwen2.5-72b-instruct/materials/m_00089a/CLAUSE/赔付 & 领取规则.txt...
2025-06-28 15:10:05 - text_comparison.py:62 - load data ../data/clean_data_qwen2.5-72b-instruct/materials/m_00089a/INSURE_NOTICE/赔付 & 领取规则.txt...
2025-06-28 15:10:05 - text_comparison.py:62 - load data ../data/clean_data_qwen2.5-72b-instruct/materials/m_00089a/ADDITIONAL_AGREEMENT/赔付 & 领取规则.txt...
2025-06-28 15:10:05 - text_comparison.py:62 - load data ../data/clean_data_qwen2.5-72b-instruct/materials/m_00089a/LIABILITY_EXCLUSION/赔付 & 领取规则.txt...
2025-06-28 15:10:34 - text_comparison.py:92 - 0|1 result=【理赔规则】

- 对于理赔规则部分，两份文件都没有明确说明，因此不存在冲突。
- 文件1中只提到“理赔”的概念，但没有具体说明如何理赔；文件2中提到了“满期保险金”和“身故保险金”的给付条件，属于具体的理赔规则，因此与文件1没有冲突。

【结论】
对于理赔规则部分，由于两份文件中只有文件2做出了具体说明，因此该部分存在冲突。
2025-06-28 15:11:15 - text_comparison.py:92 - 0|2 result=【文件1】中没有关于赔付&领取规则的内容。

【文件2】中有详细的赔付和领取规则，包括满期保险金、身故保险金的给付条件和方式，以及保险金申请所需提供的证明和资料。对于满期保险金和身故保险金的给付，只有在满足特定条件的情况下才会发生冲突。例如，如果被保险人身故时未满18岁，则无法按照文件2中的规定获得给付系数为160%的身故保险金，因为该给付系数只适用于被保险人身故时已满18周岁的情况。因此，我们可以得出结论：这两份文件存在冲突。
2025-06-28 15:11:18 - text_comparison.py:92 - 1|2 result=无冲突。
2025-06-28 15:11:18 - text_comparison.py:99 - results: [True, True, True]
2025-06-28 15:11:18 - text_comparison.py:106 - ===============cnt=172 || material_id='m_00089a' || rule='赔付 & 领取规则' || end_result=True===============
2025-06-28 15:11:18 - text_comparison.py:57 - ===============cnt=173 || material_id='m_00052a' || rule='责任免除' || label=None===============
2025-06-28 15:11:18 - text_comparison.py:62 - load data ../data/clean_data_qwen2.5-72b-instruct/materials/m_00052a/HEALTH_INFORM/责任免除.txt...
2025-06-28 15:11:18 - text_comparison.py:62 - load data ../data/clean_data_qwen2.5-72b-instruct/materials/m_00052a/INTRODUCE_IMG/责任免除.txt...
2025-06-28 15:11:18 - text_comparison.py:62 - load data ../data/clean_data_qwen2.5-72b-instruct/materials/m_00052a/HEAD_IMG/责任免除.txt...
2025-06-28 15:11:18 - text_comparison.py:62 - load data ../data/clean_data_qwen2.5-72b-instruct/materials/m_00052a/CLAUSE/责任免除.txt...
2025-06-28 15:11:18 - text_comparison.py:62 - load data ../data/clean_data_qwen2.5-72b-instruct/materials/m_00052a/INSURE_NOTICE/责任免除.txt...
2025-06-28 15:11:18 - text_comparison.py:62 - load data ../data/clean_data_qwen2.5-72b-instruct/materials/m_00052a/ADDITIONAL_AGREEMENT/责任免除.txt...
2025-06-28 15:11:18 - text_comparison.py:62 - load data ../data/clean_data_qwen2.5-72b-instruct/materials/m_00052a/LIABILITY_EXCLUSION/责任免除.txt...
2025-06-28 15:11:55 - text_comparison.py:92 - 0|1 result=存在冲突。
在第一个文件中，有9项责任免除事项，而在第二个文件中只有7项责任免除事项，缺少了“被保险人感染艾滋病病毒或患艾滋病”和“遗传性疾病，先天性畸形、变形或染色体异常”的条款。同时，在第一个文件中，对于同一项责任免除事项的规定有时会使用不同的表述方式，例如“投保人对被保险人的故意杀害、故意伤害”在第一个文件中有两项责任免除事项中出现，但在第二个文件中只出现了一项。因此，这两个文件的责任免除描述是存在差异的。
2025-06-28 15:11:55 - text_comparison.py:99 - results: [True]
2025-06-28 15:11:55 - text_comparison.py:106 - ===============cnt=173 || material_id='m_00052a' || rule='责任免除' || end_result=True===============
2025-06-28 15:11:55 - text_comparison.py:57 - ===============cnt=174 || material_id='m_00005a' || rule='基础产品销售信息' || label=None===============
2025-06-28 15:11:55 - text_comparison.py:62 - load data ../data/clean_data_qwen2.5-72b-instruct/materials/m_00005a/HEALTH_INFORM/基础产品销售信息.txt...
2025-06-28 15:11:55 - text_comparison.py:62 - load data ../data/clean_data_qwen2.5-72b-instruct/materials/m_00005a/INTRODUCE_IMG/基础产品销售信息.txt...
2025-06-28 15:11:55 - text_comparison.py:62 - load data ../data/clean_data_qwen2.5-72b-instruct/materials/m_00005a/PRODUCT_MANUAL/基础产品销售信息.txt...
2025-06-28 15:11:55 - text_comparison.py:62 - load data ../data/clean_data_qwen2.5-72b-instruct/materials/m_00005a/HEAD_IMG/基础产品销售信息.txt...
2025-06-28 15:11:55 - text_comparison.py:62 - load data ../data/clean_data_qwen2.5-72b-instruct/materials/m_00005a/CLAUSE/基础产品销售信息.txt...
2025-06-28 15:11:55 - text_comparison.py:62 - load data ../data/clean_data_qwen2.5-72b-instruct/materials/m_00005a/INSURE_NOTICE/基础产品销售信息.txt...
2025-06-28 15:11:55 - text_comparison.py:62 - load data ../data/clean_data_qwen2.5-72b-instruct/materials/m_00005a/ADDITIONAL_AGREEMENT/基础产品销售信息.txt...
2025-06-28 15:11:55 - text_comparison.py:62 - load data ../data/clean_data_qwen2.5-72b-instruct/materials/m_00005a/LIABILITY_EXCLUSION/基础产品销售信息.txt...
2025-06-28 15:12:21 - text_comparison.py:92 - 0|1 result=对于给出的两份文件，我们无法判断它们之间是否存在冲突。

原因如下：

- 文件1 未提供任何关于基础产品销售信息的内容。
- 文件2 提供了国泰财产保险有限责任公司恶性肿瘤特定药品医疗保险（互联网）的基础产品销售信息，包括产品名、附加的条款信息和销售限制。但是，文件2 中并未提及与文件1 相关的信息。

因此，我们无法对比这两份文件是否存在冲突。
2025-06-28 15:12:26 - text_comparison.py:92 - 0|2 result=无冲突。
2025-06-28 15:12:31 - text_comparison.py:92 - 0|3 result=<事由>无需比较
<结果>无冲突
2025-06-28 15:12:39 - text_comparison.py:92 - 1|2 result=[thing]保险产品的基础产品销售信息</thing>
[result>有冲突</result>
2025-06-28 15:13:06 - text_comparison.py:92 - 1|3 result=【文件1】中的“投保人”限制条件与【文件2】中的“投保人”限制条件存在冲突，因为虽然两者都要求投保人年龄大于等于18岁，但是【文件1】中还规定了投保人可以是被保险人的配偶、父母、子女，而【文件2】中则没有这样的限制条件。因此，对于这个事项，存在冲突。其他事项没有冲突。
2025-06-28 15:15:23 - text_comparison.py:92 - 2|3 result=【文件1】与【文件2】中关于恶性肿瘤特定药品医疗保险条款的主要区别如下：

1. 文件1 中保险金额是150万元，保险期间为一年，首次投保设等待期30天，续保保单无等待期；文件2中保险金额为本保险合同约定的保险金额内给付恶性肿瘤特定药品费用保险金，保险期间为一年（或不超过一年），首次投保设等待期30天，续保保单无等待期。
2. 文件1中对特定药品的购买渠道进行了规定，必须是在指定药店购买或选择送药上门，而文件2中未明确规定购买渠道。
3. 文件1中对于恶性肿瘤特定药品费用的支付有具体的保险金计算方法和给付比例，而文件2中未明确规定保险金计算方法和给付比例，只是说明符合保险责任的恶性肿瘤特定药品费用按100%比例赔偿，但属于社保目录内的恶性肿瘤特定药品费用若未经社保结算，该药品费用按60%的比例赔偿。
4. 文件1中对于药品的适应症及用法用量的规定是已经国家药品监督管理局批准的药品说明书中所列明的适应症及用法用量；文件2中对于药品的规定是本保险合同期满日前在中国国家药品监督管理局批准且已在中国上市的靶向药物和免疫治疗药物。
5. 文件1中未明确规定是否允许被保险人从慈善机构获得援助的药品费用纳入购买特定药品费用保险金的赔付范围；文件2中规定了被保险人从慈善机构获得援助的药品费用不纳入指定药店购买特定药品费用保险金的赔付范围。
6. 文件1中规定了保险期间届满时被保险人治疗仍未结束的，除本合同另有约定外，保险人继续承担保险责任，以首次确诊罹患“恶性肿瘤——重度”之日起二十四个月为限；文件2中未明确规定保险期间届满后的情况。

综合来看，两份文件在保险金额、保险期间、特定药品购买渠道、药品适应症及用法用量、慈善机构的药品费用等方面存在一定的差异。
2025-06-28 15:15:23 - text_comparison.py:99 - results: [True, True, True, True, True, True]
2025-06-28 15:15:23 - text_comparison.py:106 - ===============cnt=174 || material_id='m_00005a' || rule='基础产品销售信息' || end_result=True===============
2025-06-28 15:15:23 - text_comparison.py:57 - ===============cnt=175 || material_id='m_00124a' || rule='责任免除' || label=None===============
2025-06-28 15:15:23 - text_comparison.py:62 - load data ../data/clean_data_qwen2.5-72b-instruct/materials/m_00124a/INTRODUCE_IMG/责任免除.txt...
2025-06-28 15:15:23 - text_comparison.py:62 - load data ../data/clean_data_qwen2.5-72b-instruct/materials/m_00124a/HEAD_IMG/责任免除.txt...
2025-06-28 15:15:23 - text_comparison.py:62 - load data ../data/clean_data_qwen2.5-72b-instruct/materials/m_00124a/CLAUSE/责任免除.txt...
2025-06-28 15:15:23 - text_comparison.py:62 - load data ../data/clean_data_qwen2.5-72b-instruct/materials/m_00124a/INSURE_NOTICE/责任免除.txt...
2025-06-28 15:15:23 - text_comparison.py:62 - load data ../data/clean_data_qwen2.5-72b-instruct/materials/m_00124a/ADDITIONAL_AGREEMENT/责任免除.txt...
2025-06-28 15:15:23 - text_comparison.py:62 - load data ../data/clean_data_qwen2.5-72b-instruct/materials/m_00124a/LIABILITY_EXCLUSION/责任免除.txt...
2025-06-28 15:15:54 - text_comparison.py:92 - 0|1 result=有冲突

【文件1】中列出了多种情况下保险人不承担给付保险金的责任，其中包括了(十)、(十一)、(十三)、(十四)、(十五)、(十六)、(十七)、(十八)、(十九)这几种情况。

【文件2】中则指明了在等待期内发生保险事故，保险人不承担给付保险金的责任。

由于这两份文件涉及到的责任免除事项中有部分是相同的，因此存在冲突。
2025-06-28 15:16:29 - text_comparison.py:92 - 0|2 result=无冲突。两份文件列出了类似的不承担责任的条款，都是针对投保人对被保险人的故意杀害或故意伤害、被保险人故意自杀、自伤、被保险人故意犯罪或者抗拒依法采取的刑事强制措施、被保险人殴斗、醉酒、主动吸食或注射毒品、被保险人未遵医嘱擅自服用、涂用、注射药物等情况下，保险公司不承担给付保险金的责任。此外，还有一些特定情况下发生的医疗费用，保险公司也不予承担。
2025-06-28 15:17:01 - text_comparison.py:92 - 1|2 result=无冲突
2025-06-28 15:17:01 - text_comparison.py:99 - results: [True, True, True]
2025-06-28 15:17:01 - text_comparison.py:106 - ===============cnt=175 || material_id='m_00124a' || rule='责任免除' || end_result=True===============
2025-06-28 15:17:01 - text_comparison.py:57 - ===============cnt=176 || material_id='m_00125a' || rule='投保条款' || label=None===============
2025-06-28 15:17:01 - text_comparison.py:62 - load data ../data/clean_data_qwen2.5-72b-instruct/materials/m_00125a/HEALTH_INFORM/投保条款.txt...
2025-06-28 15:17:01 - text_comparison.py:62 - load data ../data/clean_data_qwen2.5-72b-instruct/materials/m_00125a/HEAD_IMG/投保条款.txt...
2025-06-28 15:17:01 - text_comparison.py:62 - load data ../data/clean_data_qwen2.5-72b-instruct/materials/m_00125a/CLAUSE/投保条款.txt...
2025-06-28 15:17:01 - text_comparison.py:62 - load data ../data/clean_data_qwen2.5-72b-instruct/materials/m_00125a/INSURE_NOTICE/投保条款.txt...
2025-06-28 15:17:01 - text_comparison.py:62 - load data ../data/clean_data_qwen2.5-72b-instruct/materials/m_00125a/ADDITIONAL_AGREEMENT/投保条款.txt...
2025-06-28 15:17:01 - text_comparison.py:62 - load data ../data/clean_data_qwen2.5-72b-instruct/materials/m_00125a/LIABILITY_EXCLUSION/投保条款.txt...
2025-06-28 15:20:16 - text_comparison.py:92 - 0|1 result=【文件1】中有如下描述：
1. 投保范围：本合同接受的被保险人的投保年龄范围为0周岁（释义一）（须出生满28日）至65周岁，且须符合投保当时我们的规定。
2. 保险费的支付：除另有约定外，分期支付保险费的，您支付首期保险费后，如果您到期未支付保险费，自保险费约定支付日的次日零时起60日为宽限期。宽限期内发生的保险事故（释义十七），我们仍会承担保险责任，但在给付保险金时会扣减您欠交的保险费。除另有约定外，如果您宽限期结束之时仍未支付保险费，则本合同自宽限期满的次日零时起效力中止。
3. 宽限期：除另有约定外，分期支付保险费的，你支付首期保险费后，如果你到期未支付保险费，自保险费约定支付日的次日零时起60日为宽限期。宽限期内发生的保险事故，保险公司仍会承担保险责任，但在给付保险金时会扣减你欠交的保险费。除另有约定外，如果你宽限期结束之时仍未支付保险费，则本合同自宽限期满的次日零时起效力中止。

【文件2】中有如下描述：
1. 投保范围：本产品支持为本人、子女、配偶、父母投保，具体请以销售前端展示为准。投保人为18周岁以上有完全民事行为能力人，并与被保险人存在可保利益。被保险人的投保年龄为28天至65周岁，具体请以销售前端展示为准。
2. 交费方式：你可选择趸交或分期支付的交费方式。选择分期支付保险费的，你在支付了首期保险费后，应按合同的约定在每个保险费约定支付日支付当期应支付的保险费。
3. 风险承受能力：本次投保的趸交保费不超过投保人家庭年收入的4倍，年累计保费不超过投保人家庭年收入的20%，保费额度小于投保人家庭保费预算的150%。
4. 犹豫期及退保：自你签收本合同之日起，有15日的犹豫期。在此期间请你认真审视本合同，如果你认为本合同与你的需求不相符，你可以在该期间提出解除本合同，保险公司将扣除不超过10元的工本费后
2025-06-28 15:20:16 - text_comparison.py:99 - results: [True]
2025-06-28 15:20:16 - text_comparison.py:106 - ===============cnt=176 || material_id='m_00125a' || rule='投保条款' || end_result=True===============
2025-06-28 15:20:16 - text_comparison.py:57 - ===============cnt=177 || material_id='m_00126a' || rule='保障责任' || label=None===============
2025-06-28 15:20:16 - text_comparison.py:62 - load data ../data/clean_data_qwen2.5-72b-instruct/materials/m_00126a/HEALTH_INFORM/保障责任.txt...
2025-06-28 15:20:16 - text_comparison.py:62 - load data ../data/clean_data_qwen2.5-72b-instruct/materials/m_00126a/INTRODUCE_IMG/保障责任.txt...
2025-06-28 15:20:16 - text_comparison.py:62 - load data ../data/clean_data_qwen2.5-72b-instruct/materials/m_00126a/PRODUCT_MANUAL/保障责任.txt...
2025-06-28 15:20:16 - text_comparison.py:62 - load data ../data/clean_data_qwen2.5-72b-instruct/materials/m_00126a/CLAUSE/保障责任.txt...
2025-06-28 15:20:16 - text_comparison.py:62 - load data ../data/clean_data_qwen2.5-72b-instruct/materials/m_00126a/INSURE_NOTICE/保障责任.txt...
2025-06-28 15:20:16 - text_comparison.py:62 - load data ../data/clean_data_qwen2.5-72b-instruct/materials/m_00126a/ADDITIONAL_AGREEMENT/保障责任.txt...
2025-06-28 15:20:16 - text_comparison.py:62 - load data ../data/clean_data_qwen2.5-72b-instruct/materials/m_00126a/LIABILITY_EXCLUSION/保障责任.txt...
2025-06-28 15:21:08 - text_comparison.py:92 - 0|1 result=以下是对于两份文件的冲突分析结果：
- 对于"身故保险金或全残保险金"，两份文件都有相关表述，但在部分描述上存在差异，例如文件1中对未成年人和成年人的赔付方式不同，而文件2中则没有此类描述。因此，对于此部分内容存在冲突。
- 对于"Civil Aviation Accident Death and Disablement Insurance Benefit"（民航交通意外身故保险金或民航交通意外全残保险金）这部分内容，两份文件均有表述并且描述一致，因此这部分内容不存在冲突。
- 对于"Anniversary Insurance Benefit"（满期保险金）这部分内容，两份文件均有表述并且描述一致，因此这部分内容不存在冲突。

结论：两份文件中有冲突的部分为"身故保险金或全残保险金"，因为它们在某些描述上存在差异。
2025-06-28 15:22:24 - text_comparison.py:92 - 0|2 result=**结论：两份文件存在部分描述内容相互冲突**

仔细对比两份文件后发现，其中第1条"保障责任"的描述存在冲突。

问题具体出在身故保险金/全残保险金的描述上，虽然对于未成年人和成年人的计算方法有所不同，但是在成年人的情况下，两份文件对于投保人根据合同约定已支付的保险费总额乘以被保险人身故或确定全残时的到达年龄所对应的比例的描述上存在差异。

第1份文件中，投保人根据合同约定已支付的保险费总额乘以被保险人身故或确定全残时的到达年龄所对应的比例的计算方式为：

- 40周岁及以下：160%
- 41-60周岁：140%
- 61周岁及以上：120%

而第2份文件中，投保人根据合同约定已支付的保险费总额乘以被保险人身故或确定全残时的到达年龄所对应的比例的计算方式为：

- 40周岁及以下：160%
- 41-50周岁：140%
- 51周岁及以上：120%

两份文件在这方面的描述不一致，因此可以判定为存在冲突。

其他部分描述内容没有冲突。
2025-06-28 15:22:46 - text_comparison.py:92 - 1|2 result=有冲突

对于文件1和文件2中描述的"身故保险金或全残保险金"部分，虽然两者都是在发生指定情况后按照相应的比例或保额进行赔付，但是两者的描述存在明显的不同，包括保险责任的范围以及保险金额的计算方式。因此，这两份文件在此处存在冲突。
2025-06-28 15:22:46 - text_comparison.py:99 - results: [True, True, True]
2025-06-28 15:22:46 - text_comparison.py:106 - ===============cnt=177 || material_id='m_00126a' || rule='保障责任' || end_result=True===============
2025-06-28 15:22:46 - text_comparison.py:57 - ===============cnt=178 || material_id='m_00127a' || rule='赔付 & 领取规则' || label=None===============
2025-06-28 15:22:46 - text_comparison.py:62 - load data ../data/clean_data_qwen2.5-72b-instruct/materials/m_00127a/INTRODUCE_IMG/赔付 & 领取规则.txt...
2025-06-28 15:22:46 - text_comparison.py:62 - load data ../data/clean_data_qwen2.5-72b-instruct/materials/m_00127a/HEAD_IMG/赔付 & 领取规则.txt...
2025-06-28 15:22:46 - text_comparison.py:62 - load data ../data/clean_data_qwen2.5-72b-instruct/materials/m_00127a/CLAUSE/赔付 & 领取规则.txt...
2025-06-28 15:22:46 - text_comparison.py:62 - load data ../data/clean_data_qwen2.5-72b-instruct/materials/m_00127a/INSURE_NOTICE/赔付 & 领取规则.txt...
2025-06-28 15:22:46 - text_comparison.py:62 - load data ../data/clean_data_qwen2.5-72b-instruct/materials/m_00127a/ADDITIONAL_AGREEMENT/赔付 & 领取规则.txt...
2025-06-28 15:22:46 - text_comparison.py:62 - load data ../data/clean_data_qwen2.5-72b-instruct/materials/m_00127a/LIABILITY_EXCLUSION/赔付 & 领取规则.txt...
2025-06-28 15:22:48 - text_comparison.py:106 - ===============cnt=178 || material_id='m_00127a' || rule='赔付 & 领取规则' || end_result=False===============
2025-06-28 15:22:48 - text_comparison.py:57 - ===============cnt=179 || material_id='m_00128a' || rule='基础产品销售信息' || label=None===============
2025-06-28 15:22:48 - text_comparison.py:62 - load data ../data/clean_data_qwen2.5-72b-instruct/materials/m_00128a/INTRODUCE_IMG/基础产品销售信息.txt...
2025-06-28 15:22:48 - text_comparison.py:62 - load data ../data/clean_data_qwen2.5-72b-instruct/materials/m_00128a/CLAUSE/基础产品销售信息.txt...
2025-06-28 15:22:48 - text_comparison.py:62 - load data ../data/clean_data_qwen2.5-72b-instruct/materials/m_00128a/INSURE_NOTICE/基础产品销售信息.txt...
2025-06-28 15:22:48 - text_comparison.py:62 - load data ../data/clean_data_qwen2.5-72b-instruct/materials/m_00128a/ADDITIONAL_AGREEMENT/基础产品销售信息.txt...
2025-06-28 15:22:48 - text_comparison.py:62 - load data ../data/clean_data_qwen2.5-72b-instruct/materials/m_00128a/LIABILITY_EXCLUSION/基础产品销售信息.txt...
2025-06-28 15:24:22 - text_comparison.py:92 - 0|1 result=保险责任

- 对比结果: 有冲突

文件1中描述了由于下列原因致使电压异常而引起的家用电器的直接损毁，保险人负责赔偿：(一)供电线路遭受自然灾害或意外事故；（二）供电部门发生故障或施工失误。
而文件2中描述了由于下列原因造成的损失和费用，保险人不负责赔偿：(二)家用电器超负荷运行、自然磨损、固有缺陷、原有损坏、用电过度、自身发热或超过使用年限；
这两份文件存在冲突，因为它们对于家用电器损毁的保险责任和责任免除事项描述不一致。

责任免除

- 对比结果: 有冲突

文件1中没有描述责任免除的事项。
而文件2中描述了下列损失和费用，保险人不负责赔偿：（一）家用电器超负荷运行、自然磨损、固有缺陷、原有损坏、用电过度、自身发热或超过使用年限；这些内容在文件1中没有被提及，因此存在冲突。

保险金额和免赔额（率）

- 对比结果: 无冲突

文件1和文件2都没有描述关于保险金额和免赔额（率）的内容，因此不存在冲突。

总则

- 对比结果: 无冲突

文件1和文件2都没有描述关于总则的内容，因此不存在冲突。

赔偿金额

- 对比结果: 无冲突

文件1和文件2都没有描述关于赔偿金额的内容，因此不存在冲突。

保险病种

- 对比结果: 无冲突

文件1和文件2都没有描述关于保险病种的内容，因此不存在冲突。
2025-06-28 15:24:25 - text_comparison.py:92 - 0|2 result=无冲突。
2025-06-28 15:26:56 - text_comparison.py:92 - 0|3 result=以下是针对给出的两份文件的冲突分析结果：

| 事物 | 文件1描述 | 文件2描述 | 判断 | 结果 |
| --- | --- | --- | --- | --- |
| 保险期限 | 一年 | 本保单保险期限一年，保单生效时间为投保成功后的第7日零时 | 同事存在，但表述不同 | 有冲突 |
| 房屋结构要求 | 只承保钢混、砖混结构的住宅用房及实际使用为住宅的商住两用房 | 承保的房屋及其相关财产仅限于被保险人名下位于中华人民共和国境内（不含港澳台地区）的且房屋结构限定为国家规定的钢混、砖混结构的住宅用房及实际使用为住宅的商住两用房，不承保用于经营生产的房屋及相关财产，违章建筑、危险建筑、农村房、自建房和小产权房 | 同事存在，但表述不同 | 有冲突 |
| 家庭财产服务有效期限 | 在保单生效后方可申请使用，服务有效期同保单有效期 | / | 不涉及 | 无冲突 |
| 标的地址填写要求 | 准确填写并精确到门牌号，若填写多个标的或未精确到门牌号，保险人有权解除保险合同 | / | 不涉及 | 无冲突 |
| 赔偿金额的绝对免赔额 | 每次事故绝对免赔额300元或损失金额的10%，两者以高者为准 | 本保单每次事故绝对免赔额300元，但对某些特定损失还有额外的绝对免赔额要求 | 同事存在，但表述不同，且有额外要求 | 有冲突 |
| 室内财产盗抢损失的赔付限额 | 此处为空 | 便携式设备的赔付限额为该项责任保额20%，现金、手表、金银、珠宝及首饰的赔付限额为该项责任保额10% | 同事存在，但表述不同 | 有冲突 |
| 三者人伤损失责任限额 | 此处为空 | 对于三者人伤损失责任限额，仅承担社保内医疗费用，每次事故扣除绝对免赔额300元后，按90%比例赔付 | 同事存在，但表述不同 | 有冲突 |
| 三者财产损失责任限额 | 此处为空 | 对于第三者财产全部损失
2025-06-28 15:27:05 - text_comparison.py:92 - 1|2 result=无冲突
2025-06-28 15:27:56 - text_comparison.py:92 - 1|3 result=存在冲突情况：

1. 文件1中第六条与第七条关于保险金额和免赔额的规定有冲突，第六条规定保险金额由投保人与保险人双方协商确定并在保险单中载明，第七条却规定了每次事故免赔额（率）由投保人与保险人在签订本附加险合同时协商确定并在保险单中载明，前后规定不一致。

2. 文件2中第九条和第十一条关于家庭财产服务的描述有冲突，第九条描述了家庭财产服务的内容和次数，第十一条又规定了家庭财产服务仅限在被保险人名下的住宅内使用，且由保险人指定的第三方服务机构提供，服务费用由保险人直接支付给指定的第三方服务机构，不再另外向被保险人支付，与第九条描述的服务内容和使用范围不符。
2025-06-28 15:28:36 - text_comparison.py:92 - 2|3 result=以下是根据您提供的规则对比结果：

【文件1】中的“销售限制”部分与【文件2】中的“关于投保”的部分内容存在明显的冲突，因为它们描述了不同的限制条件。例如，“为确保本保险产品与您的财务状况和风险承受能力相匹配，您的年收入需达到 2 万元人民币及以上方可投保。”这一条在【文件1】中并没有出现，但在【文件2】中作为投保条件之一进行了描述。

因此，对于这个特定的事物（投保条件），这两份文件存在冲突。其他内容没有明显冲突。

<thing>销售限制</thing>
<result>有冲突</result>
2025-06-28 15:28:36 - text_comparison.py:99 - results: [True, True, True, True, True, True]
2025-06-28 15:28:36 - text_comparison.py:106 - ===============cnt=179 || material_id='m_00128a' || rule='基础产品销售信息' || end_result=True===============
2025-06-28 15:28:36 - text_comparison.py:57 - ===============cnt=180 || material_id='m_00129a' || rule='保障相关时间' || label=None===============
2025-06-28 15:28:36 - text_comparison.py:62 - load data ../data/clean_data_qwen2.5-72b-instruct/materials/m_00129a/CLAUSE/保障相关时间.txt...
2025-06-28 15:28:36 - text_comparison.py:62 - load data ../data/clean_data_qwen2.5-72b-instruct/materials/m_00129a/INSURE_NOTICE/保障相关时间.txt...
2025-06-28 15:28:36 - text_comparison.py:62 - load data ../data/clean_data_qwen2.5-72b-instruct/materials/m_00129a/ADDITIONAL_AGREEMENT/保障相关时间.txt...
2025-06-28 15:28:36 - text_comparison.py:62 - load data ../data/clean_data_qwen2.5-72b-instruct/materials/m_00129a/LIABILITY_EXCLUSION/保障相关时间.txt...
2025-06-28 15:29:28 - text_comparison.py:92 - 0|1 result=|保障相关时间| 文件1描述| 文件2描述| 判断结果|
|---|---|---|---|
|犹豫期 | 自您签收本主险合同之日起，有 20日的犹豫期。 | 在犹豫期内要求解除本合同的，在保险公司收齐相关文件和资料的次日零时，合同即被解除，保险公司自始不承担保险责任。 | 有冲突|
|宽限期 | 如果您到期未交纳保险费，自保险费约定交纳日的次日零时起 60日为宽限期。宽限期内发生的保险事故，我们仍会按本主险合同的约定承担相应的保险责任，但在给付保险金时需扣除您欠交的保险费。 | 在犹豫期后退保，保险公司将退还保险单的现金价值，你会可能有一定损失。 | 有冲突|
2025-06-28 15:29:47 - text_comparison.py:92 - 0|2 result=有冲突

关于犹豫期的描述，两份文件完全一致。

关于宽限期的描述，虽然都是在保险费约定交纳日的次日零时起开始计算宽限期，但是文件1规定了在宽限期内保险公司仍然承担保险责任，而文件2则没有明确这一点，因此存在冲突。
2025-06-28 15:30:32 - text_comparison.py:92 - 1|2 result=比较结果：

| 事 项        | 文件1描述                            | 文件2描述                                | 判断依据                       |
|------------|--------------------------------------|------------------------------------------|-----------------------|
| 犹豫期      | 自你收到本合同并签收之日起可享有20日的犹豫期 | 自您签收本主险合同之日起，有20日的犹豫期。 | 相同条件下的描述一致，没有冲突    |
| 宽限期      | 按照各产品条款具体规定                 | 未提及宽限期                               | 文件2中未提及宽限期，视为没有冲突  |

根据以上比较结果，这两份文件存在犹豫期的描述，其他事项不存在冲突。

因此，结论为：部分冲突。
2025-06-28 15:30:32 - text_comparison.py:99 - results: [True, True, True]
2025-06-28 15:30:32 - text_comparison.py:106 - ===============cnt=180 || material_id='m_00129a' || rule='保障相关时间' || end_result=True===============
2025-06-28 15:30:32 - text_comparison.py:57 - ===============cnt=181 || material_id='m_00032a' || rule='保障责任' || label=None===============
2025-06-28 15:30:32 - text_comparison.py:62 - load data ../data/clean_data_qwen2.5-72b-instruct/materials/m_00032a/INTRODUCE_IMG/保障责任.txt...
2025-06-28 15:30:32 - text_comparison.py:62 - load data ../data/clean_data_qwen2.5-72b-instruct/materials/m_00032a/HEAD_IMG/保障责任.txt...
2025-06-28 15:30:32 - text_comparison.py:62 - load data ../data/clean_data_qwen2.5-72b-instruct/materials/m_00032a/CLAUSE/保障责任.txt...
2025-06-28 15:30:32 - text_comparison.py:62 - load data ../data/clean_data_qwen2.5-72b-instruct/materials/m_00032a/INSURE_NOTICE/保障责任.txt...
2025-06-28 15:30:32 - text_comparison.py:62 - load data ../data/clean_data_qwen2.5-72b-instruct/materials/m_00032a/ADDITIONAL_AGREEMENT/保障责任.txt...
2025-06-28 15:30:32 - text_comparison.py:62 - load data ../data/clean_data_qwen2.5-72b-instruct/materials/m_00032a/LIABILITY_EXCLUSION/保障责任.txt...
2025-06-28 15:32:51 - text_comparison.py:92 - 0|1 result=根据文件内容，分析如下：

【文件1】中的保障责任包括意外伤害住院医疗保险金和意外伤害门急诊医疗保险金。对于意外伤害住院医疗保险金，无论投保人是否选择投保可选责任，保险责任都是相同的，但在保险期间内，保险人累计给付金额之和以本合同约定的意外伤害住院医疗保险金额为限。对于意外伤害门急诊医疗保险金，保险人累计给付金额之和以本合同约定的意外伤害门急诊医疗保险金额为限。在保险期间，若保险人上述两项责任下的累计给付保险金的总额达到本合同载明的总保险金额时，本合同终止。综上所述，可以看出，文件1中的保险责任没有冲突。

【文件2】中的保障责任包括意外伤害住院医疗责任和意外伤害门诊急诊医疗责任。对于意外伤害住院医疗责任，保险责任是对于被保险人住院期间发生的需个人支付的、符合当地基本医疗保险主管部门规定范围的及超出当地基本医疗保险主管部门规定范围的、必需且合理的住院医疗费用，在扣除每次意外事故导致的意外伤害住院医疗免赔额0元后，获得基本医疗保险或公费医疗补偿的，对被保险人获得补偿后的医疗费用的余额按100%的赔付比例给付本项保险金；未获得基本医疗保险或公费医疗补偿的，本项保险金赔付比例调整为60%。对于意外伤害门诊急诊医疗责任，保险责任是在保险期间内，被保险人因遭受意外伤害事故，在二级以上公立医院普通部接受门诊或急诊治疗的，对于被保险人门诊或急诊治疗期间发生的需个人支付的、符合当地基本医疗保险主管部门规定范围的及超出当地基本医疗保险主管部门规定范围的、必需且合理的门诊医疗费用，在扣除每次意外事故导致的意外伤害门诊急诊医疗免赔额100元后，获得基本医疗保险或公费医疗补偿的，对被保险人获得补偿后的医疗费用的余额按50%的赔付比例给付本项保险金；未获得基本医疗保险或公费医疗补偿的，本项保险金赔付比例调整为30%。意外伤害住院医疗责任和意外伤害门诊急诊医疗责任共享保险金额。综上所述，可以看出，文件2中的保险责任没有冲突。
2025-06-28 15:34:12 - text_comparison.py:92 - 0|2 result=【文件1】中存在与【文件2】相冲突的地方：
1. 文件1中只有意外伤害住院医疗保险金和意外伤害门急诊医疗保险金两种保障责任，而文件2中则包含意外伤害住院医疗责任、意外伤害门急诊医疗责任以及额外增加了国内医疗总保险金额为5万元的条款。
2. 文件1中关于意外伤害住院医疗保险金和意外伤害门急诊医疗保险金的描述和解释较为详细，但在文件2中并未见相关描述，因此无法确定文件2中是否包含这些保障责任。
3. 文件1中意外伤害住院医疗保险金和意外伤害门急诊医疗保险金的保险金额是固定的，而在文件2中则描述了意外伤害住院医疗责任和意外伤害门急诊医疗责任的赔付比例，但未说明其具体的保险金额限制。
4. 文件1中对"须个人支付"的描述是"需个人支付的、符合当地基本医疗保险主管部门规定范围的及超出当地基本医疗保险主管部门规定范围的、必需且合理的",而在文件2中则简化为了"需个人支付的、符合当地基本医疗保险主管部门规定范围的及超出当地基本医疗保险主管部门规定范围的、必需且合理的"，去掉了"必需且合理"的描述。

根据以上分析，《文件1》和《文件2》的保障责任存在明显差异，可以判断为“有冲突”。
2025-06-28 15:34:34 - text_comparison.py:92 - 1|2 result=无冲突。两份文件描述了类似的保障责任，包括意外伤害住院医疗责任和意外伤害门急诊医疗责任，但是存在一些差异，例如免赔额的数额、赔付比例以及增值服务等。对于共享的保险金额和需要遵循的基本医疗保险主管部门的规定，两份文件都有明确的说明。因此，这两份文件不存在明显的冲突。
2025-06-28 15:34:34 - text_comparison.py:99 - results: [True, True, True]
2025-06-28 15:34:34 - text_comparison.py:106 - ===============cnt=181 || material_id='m_00032a' || rule='保障责任' || end_result=True===============
2025-06-28 15:34:34 - text_comparison.py:57 - ===============cnt=182 || material_id='m_00004a' || rule='退保条款' || label=None===============
2025-06-28 15:34:34 - text_comparison.py:62 - load data ../data/clean_data_qwen2.5-72b-instruct/materials/m_00004a/INTRODUCE_IMG/退保条款.txt...
2025-06-28 15:34:34 - text_comparison.py:62 - load data ../data/clean_data_qwen2.5-72b-instruct/materials/m_00004a/HEAD_IMG/退保条款.txt...
2025-06-28 15:34:34 - text_comparison.py:62 - load data ../data/clean_data_qwen2.5-72b-instruct/materials/m_00004a/CLAUSE/退保条款.txt...
2025-06-28 15:34:34 - text_comparison.py:62 - load data ../data/clean_data_qwen2.5-72b-instruct/materials/m_00004a/INSURE_NOTICE/退保条款.txt...
2025-06-28 15:34:34 - text_comparison.py:62 - load data ../data/clean_data_qwen2.5-72b-instruct/materials/m_00004a/ADDITIONAL_AGREEMENT/退保条款.txt...
2025-06-28 15:34:34 - text_comparison.py:62 - load data ../data/clean_data_qwen2.5-72b-instruct/materials/m_00004a/LIABILITY_EXCLUSION/退保条款.txt...
2025-06-28 15:34:58 - text_comparison.py:92 - 0|1 result=对于文件1和文件2中的“退保条款”，我们无法进行直接比较，因为它们在描述方式上存在明显差异。文件1使用了多种条款编号和细分项来描述退保流程和费用计算方法，而文件2则采用了一段简短的文字描述加上一个计算公式。因此，我们无法得出这两份文件在此方面的描述是否存在明显相互冲突的结论。
2025-06-28 15:34:58 - text_comparison.py:99 - results: [True]
2025-06-28 15:34:58 - text_comparison.py:106 - ===============cnt=182 || material_id='m_00004a' || rule='退保条款' || end_result=True===============
2025-06-28 15:34:58 - text_comparison.py:57 - ===============cnt=183 || material_id='m_00130a' || rule='赔付 & 领取规则' || label=None===============
2025-06-28 15:34:58 - text_comparison.py:62 - load data ../data/clean_data_qwen2.5-72b-instruct/materials/m_00130a/HEALTH_INFORM/赔付 & 领取规则.txt...
2025-06-28 15:34:58 - text_comparison.py:62 - load data ../data/clean_data_qwen2.5-72b-instruct/materials/m_00130a/INTRODUCE_IMG/赔付 & 领取规则.txt...
2025-06-28 15:34:58 - text_comparison.py:62 - load data ../data/clean_data_qwen2.5-72b-instruct/materials/m_00130a/PRODUCT_MANUAL/赔付 & 领取规则.txt...
2025-06-28 15:34:58 - text_comparison.py:62 - load data ../data/clean_data_qwen2.5-72b-instruct/materials/m_00130a/HEAD_IMG/赔付 & 领取规则.txt...
2025-06-28 15:34:58 - text_comparison.py:62 - load data ../data/clean_data_qwen2.5-72b-instruct/materials/m_00130a/CLAUSE/赔付 & 领取规则.txt...
2025-06-28 15:34:58 - text_comparison.py:62 - load data ../data/clean_data_qwen2.5-72b-instruct/materials/m_00130a/INSURE_NOTICE/赔付 & 领取规则.txt...
2025-06-28 15:34:58 - text_comparison.py:62 - load data ../data/clean_data_qwen2.5-72b-instruct/materials/m_00130a/ADDITIONAL_AGREEMENT/赔付 & 领取规则.txt...
2025-06-28 15:34:58 - text_comparison.py:62 - load data ../data/clean_data_qwen2.5-72b-instruct/materials/m_00130a/LIABILITY_EXCLUSION/赔付 & 领取规则.txt...
2025-06-28 15:35:37 - text_comparison.py:92 - 0|1 result=根据给出的两份文件，我们可以看到它们都是关于某个保险产品的保险责任、给付条件等的描述。对于这两份文件，我们需要对比其中关于“赔付 & 领取规则”的内容，以找出是否存在明显的冲突。具体来说，我们需要对比两份文件中针对同一件事情的不同描述，看它们是否存在矛盾或不一致的地方。经过对比，我们可以发现这两份文件并没有明显的冲突，因为它们都在描述同样的保险责任和给付条件，只是在某些细节上略有不同，但这并不会影响到整体的保险责任和给付规则。因此，我们认为这两份文件之间不存在冲突。
2025-06-28 15:35:37 - text_comparison.py:99 - results: [True]
2025-06-28 15:35:37 - text_comparison.py:106 - ===============cnt=183 || material_id='m_00130a' || rule='赔付 & 领取规则' || end_result=True===============
2025-06-28 15:35:37 - text_comparison.py:57 - ===============cnt=184 || material_id='m_00041a' || rule='责任免除' || label=None===============
2025-06-28 15:35:37 - text_comparison.py:62 - load data ../data/clean_data_qwen2.5-72b-instruct/materials/m_00041a/CLAUSE/责任免除.txt...
2025-06-28 15:35:37 - text_comparison.py:62 - load data ../data/clean_data_qwen2.5-72b-instruct/materials/m_00041a/INSURE_NOTICE/责任免除.txt...
2025-06-28 15:35:37 - text_comparison.py:62 - load data ../data/clean_data_qwen2.5-72b-instruct/materials/m_00041a/ADDITIONAL_AGREEMENT/责任免除.txt...
2025-06-28 15:35:37 - text_comparison.py:62 - load data ../data/clean_data_qwen2.5-72b-instruct/materials/m_00041a/LIABILITY_EXCLUSION/责任免除.txt...
2025-06-28 15:36:43 - text_comparison.py:92 - 0|1 result=根据题目要求，需要对比分析两份文件中对于责任免除的描述是否冲突。由于两份文件的格式不同，因此需要将它们统一格式后进行比较。经过对比可以发现，两份文件对于责任免除的描述存在以下差异：

第一，文件1中使用了"释义10"、"释义11"、"释义12"、"释义13"、"释义14"、"释义15"和"释义16"来解释一些专业术语，而文件2中则直接列出了具体的事物名称。但是这些释义内容在两份文件中都是相同的，因此不会产生冲突。

第二，除了以上差异外，文件1和文件2在责任免除条款方面没有任何区别。因此，对于两份文件中都提到的同一事物的描述，不存在明显相互冲突的情况。

综合以上分析，得出如下结论：

事 项: 对于某件事物，其中一份文件未明确说明、或者省略说明时不必进行比较，即表示没有冲突！

结 果: 无冲突
2025-06-28 15:36:43 - text_comparison.py:99 - results: [True]
2025-06-28 15:36:43 - text_comparison.py:106 - ===============cnt=184 || material_id='m_00041a' || rule='责任免除' || end_result=True===============
2025-06-28 15:36:43 - text_comparison.py:57 - ===============cnt=185 || material_id='m_00088a' || rule='保障责任' || label=None===============
2025-06-28 15:36:43 - text_comparison.py:62 - load data ../data/clean_data_qwen2.5-72b-instruct/materials/m_00088a/INTRODUCE_IMG/保障责任.txt...
2025-06-28 15:36:43 - text_comparison.py:62 - load data ../data/clean_data_qwen2.5-72b-instruct/materials/m_00088a/HEAD_IMG/保障责任.txt...
2025-06-28 15:36:43 - text_comparison.py:62 - load data ../data/clean_data_qwen2.5-72b-instruct/materials/m_00088a/CLAUSE/保障责任.txt...
2025-06-28 15:36:43 - text_comparison.py:62 - load data ../data/clean_data_qwen2.5-72b-instruct/materials/m_00088a/INSURE_NOTICE/保障责任.txt...
2025-06-28 15:36:43 - text_comparison.py:62 - load data ../data/clean_data_qwen2.5-72b-instruct/materials/m_00088a/ADDITIONAL_AGREEMENT/保障责任.txt...
2025-06-28 15:36:43 - text_comparison.py:62 - load data ../data/clean_data_qwen2.5-72b-instruct/materials/m_00088a/LIABILITY_EXCLUSION/保障责任.txt...
2025-06-28 15:37:16 - text_comparison.py:92 - 0|1 result=评估结果如下：

在两份文件中都提到了保险责任，但它们分别针对不同的保障范围和条件。因此，这两份文件之间不存在明显的相互冲突。对于个别事项，可能由于描述不清、未被提及或排除在外而导致某些差异。在不同文件中存在一些重复的保障责任描述，但是每个文件都有其特定的保障范围和条件，因此这些责任描述之间并不互相冲突。
2025-06-28 15:37:26 - text_comparison.py:92 - 0|2 result=无冲突
2025-06-28 15:37:55 - text_comparison.py:92 - 0|3 result=有冲突。
第一，两份文件中都提到了“意外医疗费用”，但具体的赔偿限额、免赔额、支付比例等条件有所不同。
第二，两份文件中都提到了“第三者责任”，但针对不同情况，赔偿限额、免赔额、支付比例等条件也有所不同。
第三，虽然两份文件都提到了“盗抢险”，但在不同的版本中，赔偿限额、免赔额等条件也有差异。
2025-06-28 15:38:23 - text_comparison.py:92 - 1|2 result=根据题目中的描述，“在保险期间内，被保险人遭受意外伤害（释义一）事故，并在事故发生之日起24小时内实际支出的、必需且合理的救护车（释义二）费用”，可以得出结论：在保险期间内，被保险人因意外伤害事故需要在事故发生24小时内实际支出必需且合理的救护车费用时，保险公司会对此进行赔偿。因此，这两份文件存在明显的冲突。
2025-06-28 15:40:47 - text_comparison.py:92 - 1|3 result=insurers must carefully analyze the two files to determine whether there is any obvious mutual conflict or if it is necessary to make a comparison based on their specific contents. They should note that in the event of no clear conflicts, they need not be compared, and if the information is not included in either file, it may be assumed that there is no such matter. When making comparisons, they should only consider relevant items that are specifically mentioned in both files and take into account factors such as the time periods described, conditions and limitations, definitions, and exceptions.

Based on the analysis of the provided information, there are some potential conflicts between the two files:

  1. Both files discuss the coverage of "accident insurance" (translated from Chinese) but use slightly different language to describe what accidents are covered. File 1 specifies that it covers accidental injuries suffered by the insured while driving an insured vehicle or being struck by an insured vehicle driven by someone else. It also covers certain treatments for shock, ambulance fees, and medical expenses incurred within 24 hours after an accident in specified situations. File 2 does not mention these specific exclusions and appears to cover a broader range of accidents.
  2. Both files mention the coverage of "vehicle damage insurance," but File 2 includes additional details about how damages are calculated, specifying that damages will be repaired or replaced based on the cost of replacing or repairing them minus any depreciation. Additionally, File 2 excludes damage caused by wear and tear, maintenance, or alterations made without authorization.
  3. File 1 specifies that the insurance company will not pay compensation if the driver was under the influence of alcohol or drugs at the time of the accident, whereas File 2 does not include this exclusion.
  4. File 1 mentions that the insurance company has the right to investigate accidents and request documentation from the policyholder, while File 2 does not include this provision.
  5. File 1 provides a list of excluded countries where the insurance coverage will not apply, including areas affected by war, civil unrest, or similar events, as well as countries with unstable political or economic situations. File 2 does not include similar exclusions.

As there are some potential conflicts identified above, it is recommended that the insurers carefully review both files to understand the differences in coverage and determine which terms are most appropriate for their target market.
2025-06-28 15:42:05 - text_comparison.py:92 - 2|3 result=根据提供的两份文件，我们来逐一对比分析：

第一，保障责任方面：

1. 文件1和文件2 都提供了两轮电动车的保障责任，包括交通出行人身意外伤害保险、附加意外伤害医疗费用保险、附加意外伤害救护车费用保险、附加猝死保险、非机动车第三者责任保险、非机动车盗抢保险和电动车火灾爆炸责任。

2. 文件1 的保障范围更为详细一些，例如，它指明了交通出行意外身故或残疾的保障金额、保险期间和保障范围等。另外，它还提供了额外的附加保障，例如，附加意外伤害医疗费用保险中分别针对单次事故和保单累计赔偿限额进行了规定，并对不同种类的医疗费用进行了划分。

3. 文件2 的保障责任虽然也包括以上内容，但是它的条款相对较为简单，并没有像文件1那样对各项责任进行详细的解释和限制。

综上所述，我们可以得出结论，这两份文件的保障责任基本相同，但是在具体细节上存在差异，可能会影响到实际的保险效果。因此，在选择保险产品时应该仔细阅读保险合同，了解清楚具体的保障责任和条件。
2025-06-28 15:42:05 - text_comparison.py:99 - results: [True, True, True, True, True, True]
2025-06-28 15:42:05 - text_comparison.py:106 - ===============cnt=185 || material_id='m_00088a' || rule='保障责任' || end_result=True===============
2025-06-28 15:42:05 - text_comparison.py:57 - ===============cnt=186 || material_id='m_00131a' || rule='出险条款' || label=None===============
2025-06-28 15:42:05 - text_comparison.py:62 - load data ../data/clean_data_qwen2.5-72b-instruct/materials/m_00131a/INTRODUCE_IMG/出险条款.txt...
2025-06-28 15:42:05 - text_comparison.py:62 - load data ../data/clean_data_qwen2.5-72b-instruct/materials/m_00131a/HEAD_IMG/出险条款.txt...
2025-06-28 15:42:05 - text_comparison.py:62 - load data ../data/clean_data_qwen2.5-72b-instruct/materials/m_00131a/CLAUSE/出险条款.txt...
2025-06-28 15:42:05 - text_comparison.py:62 - load data ../data/clean_data_qwen2.5-72b-instruct/materials/m_00131a/INSURE_NOTICE/出险条款.txt...
2025-06-28 15:42:05 - text_comparison.py:62 - load data ../data/clean_data_qwen2.5-72b-instruct/materials/m_00131a/ADDITIONAL_AGREEMENT/出险条款.txt...
2025-06-28 15:42:05 - text_comparison.py:62 - load data ../data/clean_data_qwen2.5-72b-instruct/materials/m_00131a/LIABILITY_EXCLUSION/出险条款.txt...
2025-06-28 15:42:47 - text_comparison.py:92 - 0|1 result=根据题目要求，需要对两份文件中的“出险条款”进行冲突分析。首先对比两份文件中关于“出险地点”、“出险方式”的描述是否存在明显相互冲突的情况，如果不存在，则继续比较关于“赔偿金额”、“保险病种”的描述。

对比文件1和文件2，可以发现以下内容存在冲突：

<thing>赔偿金额</thing>
<result>有冲突</result>
在文件2中，保险人按照50%的给付比例在合同约定的保险金额20元内支付1次互联网药品费用医疗保险金。而在文件1中，没有关于赔偿金额的描述。

因此，根据题目要求，该出险条款存在赔偿金额方面的冲突。
2025-06-28 15:42:47 - text_comparison.py:99 - results: [True]
2025-06-28 15:42:47 - text_comparison.py:106 - ===============cnt=186 || material_id='m_00131a' || rule='出险条款' || end_result=True===============
2025-06-28 15:42:47 - text_comparison.py:57 - ===============cnt=187 || material_id='m_00132a' || rule='保障责任' || label=None===============
2025-06-28 15:42:47 - text_comparison.py:62 - load data ../data/clean_data_qwen2.5-72b-instruct/materials/m_00132a/HEALTH_INFORM/保障责任.txt...
2025-06-28 15:42:47 - text_comparison.py:62 - load data ../data/clean_data_qwen2.5-72b-instruct/materials/m_00132a/INTRODUCE_IMG/保障责任.txt...
2025-06-28 15:42:47 - text_comparison.py:62 - load data ../data/clean_data_qwen2.5-72b-instruct/materials/m_00132a/PRODUCT_MANUAL/保障责任.txt...
2025-06-28 15:42:47 - text_comparison.py:62 - load data ../data/clean_data_qwen2.5-72b-instruct/materials/m_00132a/HEAD_IMG/保障责任.txt...
2025-06-28 15:42:47 - text_comparison.py:62 - load data ../data/clean_data_qwen2.5-72b-instruct/materials/m_00132a/CLAUSE/保障责任.txt...
2025-06-28 15:42:47 - text_comparison.py:62 - load data ../data/clean_data_qwen2.5-72b-instruct/materials/m_00132a/INSURE_NOTICE/保障责任.txt...
2025-06-28 15:42:47 - text_comparison.py:62 - load data ../data/clean_data_qwen2.5-72b-instruct/materials/m_00132a/ADDITIONAL_AGREEMENT/保障责任.txt...
2025-06-28 15:42:47 - text_comparison.py:62 - load data ../data/clean_data_qwen2.5-72b-instruct/materials/m_00132a/LIABILITY_EXCLUSION/保障责任.txt...
2025-06-28 15:43:26 - text_comparison.py:92 - 0|1 result=有冲突
冲突原因：
1. 文件1中保障责任的描述包括“未经医保结算”的情况，而文件2中并未提及此类情况下的处理方式。
2. 文件2中关于“特定药品费用”的描述限制条件较多，例如需要在指定医院开具处方、符合国家规定、只能在指定药店购买等，而文件1中则没有类似的限制条件。
3. 文件2中关于“门急诊医疗”的描述中，“复购药品费用保险金”的支付条件较为复杂，而文件1中则没有类似的内容。

因此，这两份文件存在一定的冲突，需要对相关部分进行协调统一。
2025-06-28 15:43:53 - text_comparison.py:92 - 0|2 result=有冲突
根据描述，其中一份文件的保障责任是包含住院医疗保险金、质子重离子医疗保险金、恶性肿瘤特药等三项保险责任，而另一份文件则包含门急诊医疗保险金、便捷复购药品费用保险金、住院医疗保险金、质子重离子医疗保险金、恶性肿瘤特药等五项保险责任。因此，这两份文件存在明显的差异和冲突。
2025-06-28 15:44:24 - text_comparison.py:92 - 0|3 result=<thing>有冲突</thing>
<result>有冲突</result>
虽然两个文件都在描述医疗保障责任，但是它们对某些方面并未达成一致。例如，第一个文件规定了癌症治疗的一些特殊手段，而在第二个文件中没有涉及这些内容；同时，第二个文件中的部分表述也较为模糊，如“不属于基本医疗保险目录内的药品和项目”，没有明确说明是否属于保险责任范围。因此，这两个文件存在一定的冲突，需要进一步协商和修改以达到一致。
2025-06-28 15:47:17 - text_comparison.py:92 - 0|4 result=【文件1】中有冲突的项目: 

- 文件1 中的 "康医保·医疗险大多数百万医疗赔付比例100%" 和 "10000元责任内9000元赔付，10000元赔付比例100%" 是否矛盾？
- 文件1 中的 "右“有医保bào zhèng未经医保结息，给付比例为60%" 和 "若以“有医保”身份投保而医疗费用未经医保结算的，给付比例为60%" 是否重复？

【文件2】中有冲突的项目:

- 文件2 中的 "门急诊医疗保险金：每日免赔额100元。每日给付限额300元。给付比例50%，若被保险人以“有医保”身份投保而医疗费用未经医保结算的，给付比例为30%" 和 "对于被保险人在保险期间内实际发生的、属于本合同保险责任范围内的累计医疗费用金额（须事先扣除已从基本医疗保险、政府主办补充医疗、公费医疗和工伤保险中报销的金额）不超过1万元的部分，给付比例固定30%；超过1万元的部分，给付比例100%（若以“有医保”身份投保而医疗费用未经医保结算的，给付比例为60%)" 是否矛盾？
2025-06-28 15:49:32 - text_comparison.py:92 - 1|2 result=根据上述两个文件，我们对其中的"保障责任"进行了对比分析。对于每个保障责任，我们将逐一对比两个文件的描述是否冲突。

1. 住院医疗保险金:
在保险期间内，被保险人遭受意外伤害或经诊断必须接受住院治疗期间发生的医疗费用，包括：床位费、药品费、膳食费、治疗费、检查检验费、手术费、加床费、诊疗费、救护车使用费、护理费。在保险期间届满时，若被保险人的本次住院治疗仍未结束且未重新投保本保险的，保险人将继续承担因本次住院发生的医疗费用。

3.1.1 住院医疗费用:经诊断必须接受住院治疗期间发生的医疗费用，包括：床位费、药品费、膳食费、治疗费、检查检验费、手术费、加床费、诊疗费、救护车使用费、护理费。在保险期间届满时，若被保险人的本次住院治疗仍未结束且未重新投保本保险的，保险人将继续承担因本次住院发生的医疗费用。

3.1.2 特殊门诊医疗费用: a. 门诊肿瘤治疗，包括：化学疗法、放射疗法、肿瘤免疫疗法、肿瘤内分泌疗法、肿瘤靶向疗法；b. 器官移植术后的门诊抗排异治疗；c. 门诊肾透析治疗。

3.1.3 门诊手术医疗费用:经诊断必须接受门诊手术治疗期间发生的医疗费用，包括外科医生费、手术室费、恢复室费、麻醉费、手术监测费、手术辅助费、材料费、术中用药费、手术设备费、一次性用品费、治疗费。

3.1.4 住院前后:经诊断必须接受住院治疗的，对于被保险人在保险期间内实际发生的、属于本合同保险责任范围内的累计医疗费用金额（须事先扣除已从基本医疗保险、政府主办补充医疗、公费医疗和工伤保险中报销的金额）不超过

两个文件在3.1条内容描述上有一定的重复，但是关于"特殊门诊医疗费用"方面，在第二个文件中有更加详细的解释，而第一个文件没有这部分的解释。因此，这两份文件存在明显的差异。
2025-06-28 15:50:37 - text_comparison.py:92 - 1|3 result=根据上述两份文件对比分析：

对于“保障责任”部分的描述，两份文件存在较多重复内容，例如住院医疗保险金、特殊门诊医疗费用、门急诊医疗等，这些部分描述基本一致，不存在明显冲突。

但是在一些具体细节上，两份文件存在差异。例如：
- 文件1中“3.1.3 门诊手术医疗费用”，描述了发生门诊手术治疗期间发生的医疗费用的补偿标准，而文件2中没有类似的描述。
- 文件1中“3.2 质子重离子医疗保险金”和“3.3 恶性肿瘤特药”，分别描述了在保险期间内因质子重离子治疗和恶性肿瘤治疗发生的医疗费用的补偿标准，而文件2中没有类似的描述。
- 文件2中新增了“8. 质子重离子医疗保险金”和“9. 恶性肿瘤特药”两条保障责任，但是文件1中没有对应的描述。

因此，对于某些具体细节的描述，可能存在一定的差异或者缺失。
2025-06-28 15:53:04 - text_comparison.py:92 - 1|4 result=根据您提供的规则，我将逐条比较这两份文件中涉及到的保障责任描述，来判断是否存在明显的冲突。

1. 住院医疗保险金: 

- 文件1：对于被保险人在保险期间内实际发生的、属于本合同保险责任范围内的累计医疗费用金额（须事先扣除已从基本医疗保险、政府主办补充医疗、公费医疗和工伤保险中报销的金额）不超过1万元的部分，给付比例固定30%；超过1万元的部分，给付比例100%（若以“有医保”身份投保而医疗费用未经医保结算的，给付比例为60%）。
- 文件2：免赔额0元。对于被保险人在保险期间内实际发生的、属于本合同保险责任范围内的累计医疗费用金额（须事先扣除已从基本医疗保险、政府主办补充医疗、公费医疗和工伤保险中报销的金额）不超过1万元的部分，给付比例固定30%；超过1万元的部分，给付比例100%（若被保险人以“有医保”身份投保但医疗费用未经医保结算的，给付比例为60%）。

分析结果: 无冲突

2. 质子重离子医疗保险金:

- 文件1：在保险期间内，被保险人遭受意外伤害或经诊断必须接受住院治疗期间发生的医疗费用……在保险期间届满时，若被保险人的本次住院治疗仍未结束且未重新投保本保险的，保险人将继续承担因本次住院发生的医疗费用。
- 文件2：免赔额0元。给付比例100%。

分析结果: 无冲突

3. 恶性肿瘤特药(含car-t)医疗保险金: 

- 文件1:在保险期间内，被保险人本项保险责任所称的特定药品费用，必须同时满足以下条件：① 特定药品须由指定医院的专科医生开具处方，且为被保险人当前治疗恶性肿瘤合理且必要的药品；② 每次的特定药品处方剂量不超过；③ 特定药品须在《特定药品清单》列表或《细胞免疫疗法药品清单》列表中，并以特定药品处方开具时的《特定药品清单》或《细胞免疫疗法药品清单》为准；④ 《细胞免疫疗法药品清单》中的特定药品的使用须符合《细胞免疫疗法药品清单》中列明的适应症，并以特定药品处方开具时的《细胞免疫疗法药品清单》
2025-06-28 15:53:23 - text_comparison.py:92 - 2|3 result=根据您提供的信息，我们无法得出结论。请提供更多的上下文信息以便我们更好地回答您的问题。
2025-06-28 15:54:45 - text_comparison.py:92 - 2|4 result=根据提供的信息，我们可以看到两个文件都涉及到了“保障责任”的相关内容。但是，只有文件1中有涉及到“恶性肿瘤特药”这一项，因此我们需要分析这两份文件对该项的描述是否冲突。
在文件1中，“恶性肿瘤特药”保险责任中规定了：

  * 特定药品须由指定医院的专科医生开具处方；
  * 每次的特定药品处方剂量不超过；
  * 特定药品须在并以特定药品处方开具时的《特定药品清单》或《细胞免疫疗法药品清单》为准；
  * 《细胞免疫疗法药品清单》中的特定药品的使用须符合《细胞免疫疗法药品清单》中列明的适应症，并以特定药品处方开具时的《细胞免疫疗法药品清单》所列明的适应症为准；
  * 《特定药品清单》中的特定药品的使用须符合中国国家药品监督管理部门批准的该特定药品说明书中所列明的适应症和用法用量；
  * 特定药品须在保险人指定的药店购买的特定药品，须符合本合同第 13.3 条“特定药品购买流程”的约定。

而对于“恶性肿瘤特药”的描述，在文件2中并没有出现。因此，对于“恶性肿瘤特药”的保障责任描述存在明显的冲突。
2025-06-28 15:57:23 - text_comparison.py:92 - 3|4 result=根据文件1和文件2，这两份文件都涉及到医疗保障方面的内容，但是它们的保障范围和标准并不完全相同。以下是针对这些差异的详细分析：

1. 住院医疗保险金：
   - 文件1中规定了7.1-7.4条关于住院医疗费用、特殊门诊医疗费用、门诊手术医疗费用和住院前后门急诊医疗费用的内容，而在文件2中只涉及到了住院医疗保险金这一项。
   - 对于住院医疗费用，文件1中包含床位费、药品费、膳食费、治疗费、检查检验费、手术费、加床费、诊疗费、救护车使用费、护理费；文件2中规定的每日免赔额是100元，每日给付限额是300元，线上医保定点药房给付比例为60%，线下医保定点药房购买特药则可享受60%的优惠。因此，这两份文件对于住院医疗费用的处理方式存在差异。
   - 文件1中对特殊门诊医疗费用进行了细分，包括门诊肿瘤治疗、器官移植术后门诊抗排异治疗和门诊肾透析治疗等三个方面的内容，而文件2中只提到了包含在住院医疗保险金中的内容，对于特殊门诊医疗费用没有明确规定。
   - 文件1中规定了门诊手术医疗费用，而文件2中只涉及到了每日免赔额和每日给付限额等内容，没有专门针对门诊手术医疗费用的条款。
   - 文件1中规定了住院前后门急诊医疗费用的保障，而文件2中虽然也有类似的规定，但是对门急诊医疗费用的处理方式略有不同。

2. 质子重离子医疗保险金：
   - 文件1中规定了8.1-8.3条关于质子重离子治疗的相关内容，而文件2中也涉及到这项保障责任，但是没有类似的表述。
   - 文件1中规定了在保险期间届满时，若被保险人的本次质子重离子住院治疗仍未结束且未重新投保本保险的，保险人将继续承担因本次质子重离子治疗发生的住院医疗费用，且最长至合同终止日后的第30日为止。而文件2中没有类似的表述。

3. 恶性肿瘤特药：
   - 文件1中规定了9.1-9.5条关于恶性肿瘤特药的相关内容，而文件2中也涉及到这项保障责任，但是没有类似的表述。
2025-06-28 15:57:23 - text_comparison.py:99 - results: [True, True, True, True, True, True, True, True, True, True]
2025-06-28 15:57:23 - text_comparison.py:106 - ===============cnt=187 || material_id='m_00132a' || rule='保障责任' || end_result=True===============
2025-06-28 15:57:23 - text_comparison.py:57 - ===============cnt=188 || material_id='m_00129a' || rule='术语解释' || label=None===============
2025-06-28 15:57:23 - text_comparison.py:62 - load data ../data/clean_data_qwen2.5-72b-instruct/materials/m_00129a/CLAUSE/术语解释.txt...
2025-06-28 15:57:23 - text_comparison.py:62 - load data ../data/clean_data_qwen2.5-72b-instruct/materials/m_00129a/INSURE_NOTICE/术语解释.txt...
2025-06-28 15:57:23 - text_comparison.py:62 - load data ../data/clean_data_qwen2.5-72b-instruct/materials/m_00129a/ADDITIONAL_AGREEMENT/术语解释.txt...
2025-06-28 15:57:23 - text_comparison.py:62 - load data ../data/clean_data_qwen2.5-72b-instruct/materials/m_00129a/LIABILITY_EXCLUSION/术语解释.txt...
2025-06-28 15:57:23 - text_comparison.py:72 - ===============<=1 cnt=188 || material_id='m_00129a' || rule='术语解释' || end_result=True===============
2025-06-28 15:57:23 - text_comparison.py:57 - ===============cnt=189 || material_id='m_00116a' || rule='责任免除' || label=None===============
2025-06-28 15:57:23 - text_comparison.py:62 - load data ../data/clean_data_qwen2.5-72b-instruct/materials/m_00116a/CLAUSE/责任免除.txt...
2025-06-28 15:57:23 - text_comparison.py:62 - load data ../data/clean_data_qwen2.5-72b-instruct/materials/m_00116a/INSURE_NOTICE/责任免除.txt...
2025-06-28 15:57:23 - text_comparison.py:62 - load data ../data/clean_data_qwen2.5-72b-instruct/materials/m_00116a/ADDITIONAL_AGREEMENT/责任免除.txt...
2025-06-28 15:57:23 - text_comparison.py:62 - load data ../data/clean_data_qwen2.5-72b-instruct/materials/m_00116a/LIABILITY_EXCLUSION/责任免除.txt...
2025-06-28 15:57:40 - text_comparison.py:92 - 0|1 result=文件1和文件2的"责任免除"部分都是列出了若干项在何种情况下保险公司将不承担给付保险金的责任。对于每一条责任免除，两个文件的描述都是相同的，因此不存在明显的相互冲突的情况。
2025-06-28 15:57:40 - text_comparison.py:99 - results: [True]
2025-06-28 15:57:40 - text_comparison.py:106 - ===============cnt=189 || material_id='m_00116a' || rule='责任免除' || end_result=True===============
2025-06-28 15:57:40 - text_comparison.py:57 - ===============cnt=190 || material_id='m_00133a' || rule='责任免除' || label=None===============
2025-06-28 15:57:40 - text_comparison.py:62 - load data ../data/clean_data_qwen2.5-72b-instruct/materials/m_00133a/HEALTH_INFORM/责任免除.txt...
2025-06-28 15:57:40 - text_comparison.py:62 - load data ../data/clean_data_qwen2.5-72b-instruct/materials/m_00133a/INTRODUCE_IMG/责任免除.txt...
2025-06-28 15:57:40 - text_comparison.py:62 - load data ../data/clean_data_qwen2.5-72b-instruct/materials/m_00133a/HEAD_IMG/责任免除.txt...
2025-06-28 15:57:40 - text_comparison.py:62 - load data ../data/clean_data_qwen2.5-72b-instruct/materials/m_00133a/CLAUSE/责任免除.txt...
2025-06-28 15:57:40 - text_comparison.py:62 - load data ../data/clean_data_qwen2.5-72b-instruct/materials/m_00133a/INSURE_NOTICE/责任免除.txt...
2025-06-28 15:57:40 - text_comparison.py:62 - load data ../data/clean_data_qwen2.5-72b-instruct/materials/m_00133a/ADDITIONAL_AGREEMENT/责任免除.txt...
2025-06-28 15:57:40 - text_comparison.py:62 - load data ../data/clean_data_qwen2.5-72b-instruct/materials/m_00133a/LIABILITY_EXCLUSION/责任免除.txt...
2025-06-28 15:58:18 - text_comparison.py:92 - 0|1 result=责任免除有冲突。这两份文件都列出了几种情况，保险人不承担保险责任。但是，在某些情况下，它们的措辞略有不同。例如，第一份文件中，“责任免除”一节中的第一条包括“保险责任约定的药品或器械的费用之外的其他（例如住院、门急诊等）费用”，而第二份文件中则没有类似表述。另外，虽然两份文件都提到了“既往症”，但在保险责任范围内有明确说明，而在责任免除范围内则没有明确说明。因此，这两份文件存在责任免除方面的冲突。
2025-06-28 15:59:33 - text_comparison.py:92 - 0|2 result=根据题目要求，需要对比分析两份文件中关于责任免除的部分，对于相同的条件下的描述进行比较，对于未明确说明或者省略说明的部分不需要进行比较。

根据上述要求，可以得出以下结论：

对于【文件1】和【文件2】中的描述，存在如下冲突情况：

(一) 适用于所有责任
下列损失、费用和责任，或者在下列期间内、或因下列情形、或因下列原因导致的损失、费用和责任，保险人不承担保险责任：
(  在不符合保险责任约定范围的其他医疗机构、部门或科室中接受治疗或产生的任何费用；

与

(  核爆炸、核辐射或核污染，战争、军事冲突、暴乱或武装叛乱、恐怖袭击。
其他责任免除条款

这两份文件都在责任免除部分列出了几种情况下保险人不承担保险责任，但是这两种情况的描述在文件1和文件2中是重复的，因此存在冲突。

对于【文件2】中的特定药品责任免除条款，由于文件1中没有类似的描述，因此不存在冲突。

综上所述，这两份文件的责任免除部分存在冲突。
2025-06-28 16:02:06 - text_comparison.py:92 - 0|3 result=责任免除的判断依据为该条目是否在两份文件的相应位置都有明确的描述。对于存在明显冲突的情况，需要列出并解释其差异。

根据给出的两份文件，我们进行如下对比：

1. 文件1中没有关于责任免除的描述，而文件2中有详细的责任免除条款。
2. 文件2中责任免除条款分为两类：（一)适用于所有责任和(二)仅适用于特定药品/器械费用医疗保险金和临床急需进口药品/器械费用医疗保险金。这两类责任免除条款可能会出现相互独立的冲突，因此需要分别进行比较。

接下来，我们将分别对这两类责任免除条款进行比较。

责任免除 (一)适用于所有责任：
(1)在不符合保险责任约定范围的其他医疗机构、部门或科室中接受治疗或产生的任何费用；  
(2)既往症以及在等待期内确诊的疾病（若保险单中对本条另有明确约定的，以具体约定为准）；保险单或批单中载明的除外疾病；  
(3)故意犯罪或抗拒依法采取的刑事强制措施；自杀，故意自伤，斗殴，醉酒，服用、吸食或注射毒品；酒后驾驶、无合法有效驾驶证驾驶或驾驶无合法有效行驶证的机动交通工具；  
(4)预防性、康复性、保健性、美容整形、变性等相关医疗及前述相关医疗的并发症；健康检查；眼镜或隐形眼镜、义齿、义眼、义肢、轮椅、拐杖、助听器等康复性或监测性器具；牙科治疗；视力矫正手术；以捐献身体器官为目的的医疗行为；  
(5)妊娠（含宫外孕）、产前产后检查、流产、分娩（含剖腹产）、避孕、节育或绝育手术、治疗不孕不育症、人工受孕及由此导致的并发症；减肥、胃减容术（包括但不限于：可调节式束带手术、袖状胃切除手术、胃旁路手术、胃内水囊手术、胃肠转流术）；包皮环切术、包皮剥离术、包皮气囊扩张术、性功能障碍、性早熟、发育迟缓治疗；腺样体肥大、疝气、鞘膜积液、脂肪瘤、粉刺瘤；性病；因任何原因造成的椎间盘膨出和突出、痔疮；  
(6)试验性
2025-06-28 16:02:25 - text_comparison.py:92 - 1|2 result=有冲突
在文件1中，“责任免除”部分列出了保险人不承担保险责任的各种情况，其中有一项是“不符合保险责任约定范围的其他医疗机构、部门或科室中接受治疗或产生的任何费用”，而文件2中也有类似的内容，因此存在明显的冲突。
2025-06-28 16:04:56 - text_comparison.py:92 - 1|3 result=根据上述两份文件的描述，可以判断如下：

1. 文件1 中的“责任免除”条款与文件2 中的“责任免除”条款都是对保险人不承担责任的情况进行的约定。
2. 文件1 中的责任免除条款中有以下内容：“不符合保险责任约定范围的其他医疗机构、部门或科室中接受治疗或产生的任何费用”，而文件2 中的责任免除条款中也有类似的内容：“在保险合同生效之前被保险人已患有的且已知晓的疾病，以及因该疾病导致被保险人在保险合同生效之后产生的其他疾病及其并发症（若保险合同对本条另有明确约定的，以具体约定为准）；保险责任约定的药品或器械的费用之外的其他（例如住院、门急诊等）费用；在不符合保险责任约定范围的其他医疗机构、部门或科室中接受治疗或产生的任何费用”，因此这两份文件在这部分内容上是存在冲突的。
3. 文件1 中的责任免除条款中还有以下内容：“故意犯罪或抗拒依法采取的刑事强制措施；自杀，故意自伤，斗殴，醉酒，服用、吸食或注射毒品（见释义）；酒后驾驶（见释义）、无合法有效驾驶证驾驶（见释义）或驾驶无合法有效行驶证（见释义）的机动交通工具；预防性、康复性、保健性、美容整形、变性等相关医疗及前述相关医疗的并发症；健康检查；眼镜或隐形眼镜、义齿、义眼、义肢、轮椅、拐杖、助听器等康复性或监测性器具；牙科治疗；视力矫正手术；以捐献身体器官为目的的医疗行为；妊娠（含宫外孕）、产前产后检查、流产、分娩（含剖腹产）、避孕、节育或绝育手术、治疗不孕不育症、人工受孕及由此导致的并发症；减肥、胃减容术（包括但不限于：可调节式束带手术、袖状胃切除手术、胃旁路手术、胃内水囊手术、胃肠转流术）；包皮环切术、包皮剥离术、包皮气囊扩张术、性功能障碍、性早熟、发育迟缓治疗；腺样体肥大、疝气、鞘膜积液、脂肪瘤、粉刺瘤；性病；因任何原因造成的椎间盘膨出和突出、痔疮；试验性或者研究性治疗及产生的后果；
2025-06-28 16:05:33 - text_comparison.py:92 - 2|3 result=根据题目要求，我们只需要比较两份文件中都提到的同一件事物的描述和表达是否存在明显相互冲突的情况。

对比文件1和文件2，“责任免除”部分都有类似的描述和表达，但是有一些差异。在文件1中，有一项是关于“既往症以及在等待期内确诊的疾病（若保险单中对本条另有明确约定的，以具体约定为准）"的描述，但是在文件2中没有出现这一项。因此，这两份文件存在明显的冲突。

综上所述，对于这份任务，我们认为“责任免除”部分存在冲突。
2025-06-28 16:05:33 - text_comparison.py:99 - results: [True, True, True, True, True, True]
2025-06-28 16:05:33 - text_comparison.py:106 - ===============cnt=190 || material_id='m_00133a' || rule='责任免除' || end_result=True===============
2025-06-28 16:05:33 - text_comparison.py:57 - ===============cnt=191 || material_id='m_00134a' || rule='基础产品销售信息' || label=None===============
2025-06-28 16:05:33 - text_comparison.py:62 - load data ../data/clean_data_qwen2.5-72b-instruct/materials/m_00134a/CLAUSE/基础产品销售信息.txt...
2025-06-28 16:05:33 - text_comparison.py:62 - load data ../data/clean_data_qwen2.5-72b-instruct/materials/m_00134a/INSURE_NOTICE/基础产品销售信息.txt...
2025-06-28 16:05:33 - text_comparison.py:62 - load data ../data/clean_data_qwen2.5-72b-instruct/materials/m_00134a/ADDITIONAL_AGREEMENT/基础产品销售信息.txt...
2025-06-28 16:05:33 - text_comparison.py:62 - load data ../data/clean_data_qwen2.5-72b-instruct/materials/m_00134a/LIABILITY_EXCLUSION/基础产品销售信息.txt...
2025-06-28 16:06:14 - text_comparison.py:92 - 0|1 result=以下是针对两份文件的“基础产品销售信息”的冲突分析结果。

|  <thing>做出判断的简易理由 </thing> |  <result>有冲突\无冲突</result> |
| --- | --- |
| 产品名称是否相同？ | 无冲突 |
| 附加条款信息是否完全一致？ | 有冲突 |
| 可选部分描述是否完全一致？ | 有冲突 |
| 销售限制描述是否完全一致？ | 无冲突 |
2025-06-28 16:06:14 - text_comparison.py:99 - results: [True]
2025-06-28 16:06:14 - text_comparison.py:106 - ===============cnt=191 || material_id='m_00134a' || rule='基础产品销售信息' || end_result=True===============
2025-06-28 16:06:14 - text_comparison.py:57 - ===============cnt=192 || material_id='m_00016a' || rule='基础产品销售信息' || label=None===============
2025-06-28 16:06:14 - text_comparison.py:62 - load data ../data/clean_data_qwen2.5-72b-instruct/materials/m_00016a/INTRODUCE_IMG/基础产品销售信息.txt...
2025-06-28 16:06:14 - text_comparison.py:62 - load data ../data/clean_data_qwen2.5-72b-instruct/materials/m_00016a/HEAD_IMG/基础产品销售信息.txt...
2025-06-28 16:06:14 - text_comparison.py:62 - load data ../data/clean_data_qwen2.5-72b-instruct/materials/m_00016a/CLAUSE/基础产品销售信息.txt...
2025-06-28 16:06:14 - text_comparison.py:62 - load data ../data/clean_data_qwen2.5-72b-instruct/materials/m_00016a/INSURE_NOTICE/基础产品销售信息.txt...
2025-06-28 16:06:14 - text_comparison.py:62 - load data ../data/clean_data_qwen2.5-72b-instruct/materials/m_00016a/ADDITIONAL_AGREEMENT/基础产品销售信息.txt...
2025-06-28 16:06:14 - text_comparison.py:62 - load data ../data/clean_data_qwen2.5-72b-instruct/materials/m_00016a/LIABILITY_EXCLUSION/基础产品销售信息.txt...
2025-06-28 16:06:14 - text_comparison.py:106 - ===============cnt=192 || material_id='m_00016a' || rule='基础产品销售信息' || end_result=False===============
2025-06-28 16:06:14 - text_comparison.py:57 - ===============cnt=193 || material_id='m_00135a' || rule='附加条款' || label=None===============
2025-06-28 16:06:14 - text_comparison.py:62 - load data ../data/clean_data_qwen2.5-72b-instruct/materials/m_00135a/HEALTH_INFORM/附加条款.txt...
2025-06-28 16:06:14 - text_comparison.py:62 - load data ../data/clean_data_qwen2.5-72b-instruct/materials/m_00135a/INTRODUCE_IMG/附加条款.txt...
2025-06-28 16:06:14 - text_comparison.py:62 - load data ../data/clean_data_qwen2.5-72b-instruct/materials/m_00135a/CLAUSE/附加条款.txt...
2025-06-28 16:06:14 - text_comparison.py:62 - load data ../data/clean_data_qwen2.5-72b-instruct/materials/m_00135a/INSURE_NOTICE/附加条款.txt...
2025-06-28 16:06:14 - text_comparison.py:62 - load data ../data/clean_data_qwen2.5-72b-instruct/materials/m_00135a/ADDITIONAL_AGREEMENT/附加条款.txt...
2025-06-28 16:06:14 - text_comparison.py:62 - load data ../data/clean_data_qwen2.5-72b-instruct/materials/m_00135a/LIABILITY_EXCLUSION/附加条款.txt...
2025-06-28 16:06:14 - text_comparison.py:72 - ===============<=1 cnt=193 || material_id='m_00135a' || rule='附加条款' || end_result=True===============
2025-06-28 16:06:14 - text_comparison.py:57 - ===============cnt=194 || material_id='m_00136a' || rule='附加条款' || label=None===============
2025-06-28 16:06:14 - text_comparison.py:62 - load data ../data/clean_data_qwen2.5-72b-instruct/materials/m_00136a/HEALTH_INFORM/附加条款.txt...
2025-06-28 16:06:14 - text_comparison.py:62 - load data ../data/clean_data_qwen2.5-72b-instruct/materials/m_00136a/CLAUSE/附加条款.txt...
2025-06-28 16:06:14 - text_comparison.py:62 - load data ../data/clean_data_qwen2.5-72b-instruct/materials/m_00136a/INSURE_NOTICE/附加条款.txt...
2025-06-28 16:06:14 - text_comparison.py:62 - load data ../data/clean_data_qwen2.5-72b-instruct/materials/m_00136a/ADDITIONAL_AGREEMENT/附加条款.txt...
2025-06-28 16:06:14 - text_comparison.py:62 - load data ../data/clean_data_qwen2.5-72b-instruct/materials/m_00136a/LIABILITY_EXCLUSION/附加条款.txt...
2025-06-28 16:06:16 - text_comparison.py:106 - ===============cnt=194 || material_id='m_00136a' || rule='附加条款' || end_result=False===============
2025-06-28 16:06:16 - text_comparison.py:57 - ===============cnt=195 || material_id='m_00137a' || rule='附加条款' || label=None===============
2025-06-28 16:06:16 - text_comparison.py:62 - load data ../data/clean_data_qwen2.5-72b-instruct/materials/m_00137a/HEALTH_INFORM/附加条款.txt...
2025-06-28 16:06:16 - text_comparison.py:62 - load data ../data/clean_data_qwen2.5-72b-instruct/materials/m_00137a/CLAUSE/附加条款.txt...
2025-06-28 16:06:16 - text_comparison.py:62 - load data ../data/clean_data_qwen2.5-72b-instruct/materials/m_00137a/INSURE_NOTICE/附加条款.txt...
2025-06-28 16:06:16 - text_comparison.py:62 - load data ../data/clean_data_qwen2.5-72b-instruct/materials/m_00137a/ADDITIONAL_AGREEMENT/附加条款.txt...
2025-06-28 16:06:16 - text_comparison.py:62 - load data ../data/clean_data_qwen2.5-72b-instruct/materials/m_00137a/LIABILITY_EXCLUSION/附加条款.txt...
2025-06-28 16:06:32 - text_comparison.py:92 - 0|1 result="做出判断的简易理由": 文件2中列出了10项附加条款，其中第6条涉及到了免赔额的计算方式，其他条款均不涉及与其他文件的冲突问题。

"result": 无冲突。
2025-06-28 16:06:32 - text_comparison.py:99 - results: [True]
2025-06-28 16:06:32 - text_comparison.py:106 - ===============cnt=195 || material_id='m_00137a' || rule='附加条款' || end_result=True===============
2025-06-28 16:06:32 - text_comparison.py:57 - ===============cnt=196 || material_id='m_00138a' || rule='基础产品销售信息' || label=None===============
2025-06-28 16:06:32 - text_comparison.py:62 - load data ../data/clean_data_qwen2.5-72b-instruct/materials/m_00138a/PRODUCT_MANUAL/基础产品销售信息.txt...
2025-06-28 16:06:32 - text_comparison.py:62 - load data ../data/clean_data_qwen2.5-72b-instruct/materials/m_00138a/CLAUSE/基础产品销售信息.txt...
2025-06-28 16:06:32 - text_comparison.py:62 - load data ../data/clean_data_qwen2.5-72b-instruct/materials/m_00138a/INSURE_NOTICE/基础产品销售信息.txt...
2025-06-28 16:06:32 - text_comparison.py:62 - load data ../data/clean_data_qwen2.5-72b-instruct/materials/m_00138a/ADDITIONAL_AGREEMENT/基础产品销售信息.txt...
2025-06-28 16:06:32 - text_comparison.py:62 - load data ../data/clean_data_qwen2.5-72b-instruct/materials/m_00138a/LIABILITY_EXCLUSION/基础产品销售信息.txt...
2025-06-28 16:06:56 - text_comparison.py:92 - 0|1 result=第一份文件中没有明确说明的事物，第二份文件中有详细说明。因此，对于第一份文件中没有明确说明的事物，无需进行比较。对于其他相同条件下的描述和表达，经过比较，这两份文件不存在明显的冲突情况。所以，根据上述分析结果，共有XX项有冲突，以下是具体的冲突分析结果：无冲突。
2025-06-28 16:09:50 - text_comparison.py:92 - 0|2 result=【文件1中有提及但文件2中未提及的事物】：
- 投保年龄限制：文件1中规定了投保年龄为出生满28日至55周岁，而文件2中并未明确说明。
- 缴费方式：文件1中规定了趸交、分期支付两种缴费方式，而文件2中则增加了“保费支付方式”的描述，指出支持线上支付且后期可以通过自动扣费进行续保。
- 保单形式：文件1中说明本产品提供电子保单合同，而文件2则详细描述了电子保单的优势以及如何查看、下载和验证真伪，同时还指出了提供电子发票并可在线查看和下载的服务。
- 全流程线上服务：文件2详细描述了本产品支持在线咨询服务、投保退保服务以及保单承保后的电子回访服务，而文件1中并没有关于此方面的描述。

【文件1、2 中都有提及的事物】：
- 基础保险金额：对于基础保险金额的描述，两份文件内容一致。
- 交费期限：对于交费期限的描述，两份文件内容一致。
- 保险期间：对于保险期间的描述，两份文件内容一致。
- 生存保险金：对于生存保险金的描述，两份文件内容一致。
- 养老金：对于养老金的描述，两份文件内容一致。
- 祝寿金：对于祝寿金的描述，两份文件内容一致。
- 身故保险金：对于身故保险金的描述，两份文件内容一致。
- 保险病种：对于保险病种的描述，两份文件内容一致。
- 电子保单：对于电子保单的描述，两份文件内容一致。
- 电子发票：对于电子发票的描述，两份文件内容一致。
- 投保地区：对于投保地区的描述，两份文件内容一致。
- 销售限制：对于销售限制的描述，两份文件内容一致。
- 投保须知：对于投保须知的描述，两份文件内容一致。

【结果】
有冲突的事物：投保年龄限制、缴费方式、保单形式、全流程线上服务。
无冲突的事物：基础保险金额、交费期限、保险期间、生存保险金、养老金、祝寿金、身故保险金、保险病种、电子保单、电子发票、投保
2025-06-28 16:12:26 - text_comparison.py:92 - 1|2 result=关于文件1和文件2的差异对比如下：

1. 产品名：
- 文件1：太平福满 e生年金保险（互联网专属）
- 文件2：太平福满e生年金保险(互联网专属)
虽然名字略有不同，但是它们都指定了同一个具体的保险产品。

2. 保险期间：
- 文件1：本合同的保险期间自本合同生效日零时起至被保险人年满88周岁后的首个保险单周年日零时止。
- 文件2：本合同的保险期间自本合同生效日零时起至被保险人年满88周岁后的首个保险单周年日零时止。
两款文件都规定了相同的保险期间。

3. 投保区域：
- 文件1：投保范围：本合同接受的被保险人的投保年龄为出生满28日至55周岁的中国公民。
- 文件2：投保地区:
  - 本产品面向全国销售。
  - 保险公司在未设分公司的地区购买的，不影响理赔，但后续在保险公司的柜面服务可能会受到影响。
从上面的对比可以看出，两份文件对于投保年龄的规定是一致的，但是对于投保地区的描述存在一定的差异。根据文件1，投保人可以在中国境内任何地方投保，而根据文件2，本产品面向全国销售，但在保险公司未设立分支机构的地区购买保险，可能会影响后续的理赔服务。此外，文件2还指出，在保险公司未设分公司的地区购买保险，后续柜面服务可能会受到影响。

4. 销售限制：
- 文件1：销售限制：
    - 投保年龄：出生满28日至55周岁。
    - 如果被保险人已确诊患有恶性肿瘤、脑血管疾病、较重的心血管疾病、终末期肾病、冠状动脉粥样硬化性心脏病二级以上、慢性阻塞性肺气肿、脑血管意外、类风湿关节炎、系统性红斑狼疮等重大疾病中的一种或多种，则保险公司不能承保。
  - 犹豫期：您在收到本合同并签收之日起可享有15日的犹豫期，在犹豫期内要求解除本合同的，在我们收齐相关文件和资料的次日零时，本合同即被解除，我们自始不承担保险责任。我们在扣除10元工本费后，无息退还已交保险费。
  - 解除合同：如您在犹豫期后申请解除
2025-06-28 16:12:26 - text_comparison.py:99 - results: [True, True, True]
2025-06-28 16:12:26 - text_comparison.py:106 - ===============cnt=196 || material_id='m_00138a' || rule='基础产品销售信息' || end_result=True===============
2025-06-28 16:12:26 - text_comparison.py:57 - ===============cnt=197 || material_id='m_00120a' || rule='附加条款' || label=None===============
2025-06-28 16:12:26 - text_comparison.py:62 - load data ../data/clean_data_qwen2.5-72b-instruct/materials/m_00120a/HEAD_IMG/附加条款.txt...
2025-06-28 16:12:26 - text_comparison.py:62 - load data ../data/clean_data_qwen2.5-72b-instruct/materials/m_00120a/CLAUSE/附加条款.txt...
2025-06-28 16:12:26 - text_comparison.py:62 - load data ../data/clean_data_qwen2.5-72b-instruct/materials/m_00120a/INSURE_NOTICE/附加条款.txt...
2025-06-28 16:12:26 - text_comparison.py:62 - load data ../data/clean_data_qwen2.5-72b-instruct/materials/m_00120a/ADDITIONAL_AGREEMENT/附加条款.txt...
2025-06-28 16:12:26 - text_comparison.py:62 - load data ../data/clean_data_qwen2.5-72b-instruct/materials/m_00120a/LIABILITY_EXCLUSION/附加条款.txt...
2025-06-28 16:12:26 - text_comparison.py:72 - ===============<=1 cnt=197 || material_id='m_00120a' || rule='附加条款' || end_result=True===============
2025-06-28 16:12:26 - text_comparison.py:57 - ===============cnt=198 || material_id='m_00139a' || rule='基础产品销售信息' || label=None===============
2025-06-28 16:12:26 - text_comparison.py:62 - load data ../data/clean_data_qwen2.5-72b-instruct/materials/m_00139a/HEAD_IMG/基础产品销售信息.txt...
2025-06-28 16:12:26 - text_comparison.py:62 - load data ../data/clean_data_qwen2.5-72b-instruct/materials/m_00139a/CLAUSE/基础产品销售信息.txt...
2025-06-28 16:12:26 - text_comparison.py:62 - load data ../data/clean_data_qwen2.5-72b-instruct/materials/m_00139a/INSURE_NOTICE/基础产品销售信息.txt...
2025-06-28 16:12:26 - text_comparison.py:62 - load data ../data/clean_data_qwen2.5-72b-instruct/materials/m_00139a/ADDITIONAL_AGREEMENT/基础产品销售信息.txt...
2025-06-28 16:12:26 - text_comparison.py:62 - load data ../data/clean_data_qwen2.5-72b-instruct/materials/m_00139a/LIABILITY_EXCLUSION/基础产品销售信息.txt...
2025-06-28 16:12:26 - text_comparison.py:72 - ===============<=1 cnt=198 || material_id='m_00139a' || rule='基础产品销售信息' || end_result=True===============
2025-06-28 16:12:26 - text_comparison.py:57 - ===============cnt=199 || material_id='m_00061a' || rule='责任免除' || label=None===============
2025-06-28 16:12:26 - text_comparison.py:62 - load data ../data/clean_data_qwen2.5-72b-instruct/materials/m_00061a/HEALTH_INFORM/责任免除.txt...
2025-06-28 16:12:26 - text_comparison.py:62 - load data ../data/clean_data_qwen2.5-72b-instruct/materials/m_00061a/INTRODUCE_IMG/责任免除.txt...
2025-06-28 16:12:26 - text_comparison.py:62 - load data ../data/clean_data_qwen2.5-72b-instruct/materials/m_00061a/PRODUCT_MANUAL/责任免除.txt...
2025-06-28 16:12:26 - text_comparison.py:62 - load data ../data/clean_data_qwen2.5-72b-instruct/materials/m_00061a/HEAD_IMG/责任免除.txt...
2025-06-28 16:12:26 - text_comparison.py:62 - load data ../data/clean_data_qwen2.5-72b-instruct/materials/m_00061a/CLAUSE/责任免除.txt...
2025-06-28 16:12:26 - text_comparison.py:62 - load data ../data/clean_data_qwen2.5-72b-instruct/materials/m_00061a/INSURE_NOTICE/责任免除.txt...
2025-06-28 16:12:26 - text_comparison.py:62 - load data ../data/clean_data_qwen2.5-72b-instruct/materials/m_00061a/ADDITIONAL_AGREEMENT/责任免除.txt...
2025-06-28 16:12:26 - text_comparison.py:62 - load data ../data/clean_data_qwen2.5-72b-instruct/materials/m_00061a/LIABILITY_EXCLUSION/责任免除.txt...
2025-06-28 16:13:12 - text_comparison.py:92 - 0|1 result=根据题目要求，需要对两份文件中涉及到的责任免除条款进行比较。

首先，我们需要找到这两份文件中关于责任免除的描述。在文件1中，描述为“如果有任何未如实告知，本公司有权解除合同，对于合同解除前发生的保险事故，不承担赔偿或者给付保险金的责任。”在文件2中，没有找到类似的描述。

因此，我们可以得出结论：这两份文件存在冲突。因为文件1中规定了责任免除的一种情况（未如实告知），而文件2中没有对此作出说明，也没有其他类似的描述。因此，可以判断这两份文件存在冲突。

输出如下：

事由：责任免除
判断依据：文件1中有描述，而文件2中没有类似描述
结果：有冲突
2025-06-28 16:13:27 - text_comparison.py:92 - 0|2 result=无冲突

根据两份文件的描述，对于“责任免除”的情形进行了列举，其中虽然有一些重合的地方，但是针对不同的情况进行了分别列明，不存在明显冲突的情况。因此，判断为“无冲突”。
2025-06-28 16:13:42 - text_comparison.py:92 - 0|3 result=无冲突。
2025-06-28 16:13:48 - text_comparison.py:92 - 0|4 result=【 thing 】责任免除描述存在冲突
【 result】有冲突
2025-06-28 16:14:56 - text_comparison.py:92 - 0|5 result=根据题目要求，需要对比分析这两份文件中关于责任免除的规定。

对于文件1，其表述为：“如果有任何未如实告知，本公司有权解除合同，对于合同解除前发生的保险事故，不承担赔偿或者给付保险金的责任。”；

对于文件2，其表述包含在保险责任的排除事项中，“若投保人故意不履行如实告知义务，保险人不承担保险责任且不退还已交保险费：若投保人因重大过失未履行如实告知义务，保险人不承担保险责任，将无息退还投保人所交保险费。”

比较上述两条规定，可以发现它们之间存在一定的冲突。因为文件1中的规定适用于所有情况，而文件2中的规定则针对特定的职业类别，但在文件2中并没有明确说明对于其他职业类别的情况会如何处理。因此，在这种情况下，我们不能确定保险人是否应该承担责任。所以，我们认为这两份文件存在冲突。

简易理由：由于文件2中仅列出了部分职业类别，而对于其他职业类别是否适用该条款没有明确说明，与文件1中的规定产生冲突。

结果：有冲突
2025-06-28 16:15:46 - text_comparison.py:92 - 0|6 result=【文件1】与【文件2】中都有对责任免除的描述，其中提到了一些相同的事项，如故意伤害、犯罪、自杀等，但在某些情况下，两者存在差异。因此，在这种情况下，我们不能得出结论说两个文件之间不存在冲突。

例如：
- 在【文件1】中，只有在投保人对被保险人的故意伤害的情况下，公司才解除合同并拒绝理赔。而在【文件2】中，除了投保人对被保险人的故意伤害外，还包括了被保险人自己造成的伤害以及犯罪行为等情况，这些情况都会导致保险公司不承担责任。
- 文件2中有一条特殊的规定：“被保险人感染艾滋病病毒或患艾滋病”，这是文件1中没有提到的情况。

因此，综合来看，这两份文件之间的责任免除描述存在一定的冲突。
2025-06-28 16:16:54 - text_comparison.py:92 - 1|2 result=根据题目要求，需要对比分析两份文件中对于责任免除条款的描述是否存在相互冲突的情况。

首先，对于每一份文件，我们需要逐条分析其责任免除条款中对于不同情况的描述，如果某一情况在其中一份文件中出现而另一份文件中省略或者未明确说明，则无需进行比较，视为不存在冲突。

根据给出的文件内容，我们可以看到文件1中并未列出任何责任免除条款，因此与文件2中列出的责任免除条款之间存在明显的冲突。文件2中列出了9项责任免除情况，这些情况均不在文件1中出现。因此，我们认为这两份文件存在冲突。

具体而言，文件1中缺少了对战争、军事冲突、暴乱或武装叛乱等情况的描述，因此对于这些情况导致的保险事故，保险公司可能无法履行保险责任。而文件2则明确规定了这些情况属于责任免除范围，因此可能会导致保险事故发生时，保险公司拒绝理赔。

因此，我们将这份文件描述为存在冲突。

简易理由：文件1缺少对某些情况的描述，与文件2中列明的责任免除情况存在冲突。

结果：有冲突。
2025-06-28 16:19:02 - text_comparison.py:92 - 1|3 result=【文件1】

责任免除:

被保险人服用、吸食或注射毒品；

被保险人酒后驾驶、无合法有效驾驶证驾驶，或驾驶无合法有效行驶证的机动车；

战争、军事冲突、暴乱或武装叛乱；

核爆炸、核辐射或核污染；

被保险人感染艾滋病病毒或患艾滋病；

遗传性疾病，先天性畸形、变形或染色体异常。

【文件2】

责任免除:

因下列任一情形导致被保险人发生保险事故的，我们不承担保险责任：

一、投保人对被保险人的故意杀害、故意伤害；

二、被保险人故意犯罪或抗拒依法采取的刑事强制措施；

三、被保险人故意自伤、或自本合同成立或者本合同效力恢复之日起 2 年内自杀，但被保险人自杀时为无民事行为能力人的除外；

四、被保险人服用、吸食或注射毒品；

五、被保险人酒后驾驶、无合法有效驾驶证驾驶，或驾驶无合法有效行驶证的机动车；

六、战争、军事冲突、暴乱或武装叛乱；

七、核爆炸、核辐射或核污染；

八、被保险人感染艾滋病病毒或患艾滋病；

九、遗传性疾病，先天性畸形、变形或染色体异常。

因上述第一项情形导致被保险人身患轻度疾病、中度疾病或重度疾病的，本合同终止，您已交足 2 年以上保险费的，我们向被保险人退还本合同终止时的现金价值。

若您选择的本合同的保险期间为终身且附加了指定附加两全型保险合同，则自指定附加两全型保险合同保险期间届满日次日零时起，因上述第一项情形导致被保险人身故的，本合同终止，您已交足 2 年以上保险费的，我们向投保人之外的被保险人的其他继承人退还本合同终止时的现金价值。

因上述第二至第九项情形导致被保险人生
2025-06-28 16:20:22 - text_comparison.py:92 - 1|4 result=以下是对这两份文件的冲突分析：

1. 对于“投保人对被保险人的故意杀害、故意伤害”的描述，两份文件都是列为责任免除事项，不存在冲突。
2. 文件1中列出了9种责任免除情况，文件2中列出了7种责任免除情况，虽然有些列明的免除事项是相同的，但是也存在一些不同的情况。例如，文件1中没有列出“遗传性疾病、先天性畸形、变形或染色体异常”的免除条款，而文件2中却列明了这一条款。因此，对于这些不同的责任免除情况，可以认为存在冲突。
3. 文件1中规定，在投保人对被保险人故意杀害、故意伤害的情况下，只有在保险事故发生2年后才能获得保险金；而在文件2中则没有这种限制，即使是在投保人对被保险人故意杀害、故意伤害的情况下也能获得保险金。因此，对于这种情况下的保险金支付条件也可以认为存在冲突。
4. 文件1中规定，在主险和附加险的保险期间届满后，由于某些原因导致被保险人身故时，保险公司会按照现金价值进行退款；而在文件2中则没有这样的规定。因此，对于保险期间届满后的退款条件也可以认为存在冲突。

综上所述，这两份文件存在一定的冲突，特别是在保险金支付条件和退款条件方面。
2025-06-28 16:21:04 - text_comparison.py:92 - 1|5 result=根据题目要求，我们只需要比较这两份文件中相同条件下的描述是否存在冲突即可。

对于第一份文件，由于没有任何描述，因此无法判断其与第二份文件是否存在冲突。

对于第二份文件，我们可以看到它描述了保险不承担责任的职业类别，其中包括矿工、采石工等。但是，文件中并没有明确说明哪些职业是排除在外的，因此我们无法判断这些职业与其他职业之间是否存在冲突。

综合以上情况，我们得出以下判断：

- 对于第一份文件，由于缺乏描述，无法做出判断；
- 对于第二份文件，无法判断其中的职业类别与其他职业之间是否存在冲突。

因此，最终输出为：“无冲突”。
2025-06-28 16:21:34 - text_comparison.py:92 - 1|6 result=对于两份文件中的责任免除描述进行了比较分析，对比结果如下：

|   文件1  | 文件2 |
|--------|-------|
|  保险责任  | 保险责任 |
| 无       |   责任免除 |

根据比较结果可以看出，这两份文件存在明显的冲突情况，因为它们针对不同保险产品的保险责任和责任免除条款作出了不同的规定。因此，我们认为这两份文件存在冲突。
2025-06-28 16:22:12 - text_comparison.py:92 - 2|3 result=【 thing 1 】 文件 1 和文件 2 中关于 "责任免除" 的描述存在明显冲突。
【 thing 2 】 文件 1 和文件 2 中关于 "保险期间" 的描述存在明显冲突。 文件 1 中没有明确说明保险期间的规定，而文件 2 中则列出了几种情况下的保险期间规定。因此，在这种情况下，可以认为文件 2 存在对文件 1 的补充和细化，而文件 1 则是基础文件，两者之间存在一定的从属关系。
2025-06-28 16:22:54 - text_comparison.py:92 - 2|4 result=1、对比结果如下：

 文件1中描述的责任免除与文件2中对应的部分描述存在冲突。例如，两者都描述了投保人对被保险人的故意杀害、故意伤害以及被保险人故意犯罪或抗拒依法采取的刑事强制措施的情况下，保险公司不承担保险责任。但是，文件1中还规定了被保险人在保险合同成立或者效力恢复之日起2年内自杀，以及被保险人感染艾滋病病毒或患艾滋病的情况下，保险公司也不承担保险责任，而文件2中并没有这些描述。

 因此，我们可以得出结论，这两份文件的责任免除描述存在明显的冲突。
2、责任免除描述存在冲突。
2025-06-28 16:23:03 - text_comparison.py:92 - 2|5 result=有冲突

对于“职业分类”的描述，在文件1中并没有出现，因此可以判断这两份文件存在冲突。
2025-06-28 16:23:39 - text_comparison.py:92 - 2|6 result=根据题目要求，需要对比两份文件中相同的事项是否冲突。对于两份文件中均有的事项不做比较，因此只需要比较文件1和文件2中不同的部分。

文件1中没有关于投保人对被保险人的故意杀害、故意伤害的事项，而文件2中有此事项，因此存在冲突。

文件1中没有关于主险合同保险期间为终身且附加了附加险合同，在保险期间届满日后身故的相关描述，而文件2中有此描述，因此存在冲突。

综上所述，这两份文件存在冲突。
2025-06-28 16:24:38 - text_comparison.py:92 - 3|4 result=根据以上两份文件，我们对比它们的“责任免除”部分可以发现以下内容存在冲突：

1. 文件1中规定，“因上述第七项情形导致被保险人感染艾滋病病毒或患艾滋病的，本合同终止”，而文件2中却将艾滋病排除在了责任免除之外，规定“因上述第八项情形导致被保险人感染艾滋病病毒或患艾滋病的，不属于保险责任范围”。

2. 文件1中规定，“若您选择的本合同的保险期间为终身且附加了指定附加两全型保险合同，则自指定附加两全型保险合同保险期间届满日次日零时起，因上述第一项情形导致被保险人身故的，本合同终止，您已交足2年以上保险费的，我们向投保人之外的被保险人的其他继承人退还本合同终止时的现金价值”，而文件2中却没有类似的规定。

因此，对于这两份文件的责任免除部分，有明显的相互冲突。
2025-06-28 16:24:45 - text_comparison.py:92 - 3|5 result=无冲突。
